{
"type": "FeatureCollection",
"name": "mexico_municipios_centroids",
"crs": { "type": "name", "properties": { "name": "urn:ogc:def:crs:OGC:1.3:CRS84" } },
"features": [
{ "type": "Feature", "properties": { "CVEGEO": "01001", "CVE_ENT": "01", "CVE_MUN": "001", "NOMGEO": "Aguascalientes", "estado_nombre": "Aguascalientes" }, "geometry": { "type": "Point", "coordinates": [ -102.29664582209891, 21.810931455311692 ] } },
{ "type": "Feature", "properties": { "CVEGEO": "01008", "CVE_ENT": "01", "CVE_MUN": "008", "NOMGEO": "San José de Gracia", "estado_nombre": "Aguascalientes" }, "geometry": { "type": "Point", "coordinates": [ -102.52560188599216, 22.158746387300962 ] } },
{ "type": "Feature", "properties": { "CVEGEO": "01011", "CVE_ENT": "01", "CVE_MUN": "011", "NOMGEO": "San Francisco de los Romo", "estado_nombre": "Aguascalientes" }, "geometry": { "type": "Point", "coordinates": [ -102.229021841550292, 22.033070283847884 ] } },
{ "type": "Feature", "properties": { "CVEGEO": "01009", "CVE_ENT": "01", "CVE_MUN": "009", "NOMGEO": "Tepezalá", "estado_nombre": "Aguascalientes" }, "geometry": { "type": "Point", "coordinates": [ -102.192130607243996, 22.236973751105662 ] } },
{ "type": "Feature", "properties": { "CVEGEO": "01007", "CVE_ENT": "01", "CVE_MUN": "007", "NOMGEO": "Rincón de Romos", "estado_nombre": "Aguascalientes" }, "geometry": { "type": "Point", "coordinates": [ -102.340714422257577, 22.267538169031223 ] } },
{ "type": "Feature", "properties": { "CVEGEO": "01006", "CVE_ENT": "01", "CVE_MUN": "006", "NOMGEO": "Pabellón de Arteaga", "estado_nombre": "Aguascalientes" }, "geometry": { "type": "Point", "coordinates": [ -102.302500115162459, 22.104506474830746 ] } },
{ "type": "Feature", "properties": { "CVEGEO": "01004", "CVE_ENT": "01", "CVE_MUN": "004", "NOMGEO": "Cosío", "estado_nombre": "Aguascalientes" }, "geometry": { "type": "Point", "coordinates": [ -102.297041660257733, 22.360626738524122 ] } },
{ "type": "Feature", "properties": { "CVEGEO": "01005", "CVE_ENT": "01", "CVE_MUN": "005", "NOMGEO": "Jesús María", "estado_nombre": "Aguascalientes" }, "geometry": { "type": "Point", "coordinates": [ -102.45260808433774, 21.93556457149997 ] } },
{ "type": "Feature", "properties": { "CVEGEO": "01010", "CVE_ENT": "01", "CVE_MUN": "010", "NOMGEO": "El Llano", "estado_nombre": "Aguascalientes" }, "geometry": { "type": "Point", "coordinates": [ -102.036158399738184, 21.921861803787596 ] } },
{ "type": "Feature", "properties": { "CVEGEO": "01003", "CVE_ENT": "01", "CVE_MUN": "003", "NOMGEO": "Calvillo", "estado_nombre": "Aguascalientes" }, "geometry": { "type": "Point", "coordinates": [ -102.703215448020686, 21.903587042900657 ] } },
{ "type": "Feature", "properties": { "CVEGEO": "01002", "CVE_ENT": "01", "CVE_MUN": "002", "NOMGEO": "Asientos", "estado_nombre": "Aguascalientes" }, "geometry": { "type": "Point", "coordinates": [ -102.045525341002914, 22.12660963711242 ] } },
{ "type": "Feature", "properties": { "CVEGEO": "02007", "CVE_ENT": "02", "CVE_MUN": "007", "NOMGEO": "San Felipe", "estado_nombre": "Baja California" }, "geometry": { "type": "Point", "coordinates": [ -114.891606966516136, 30.684803910535827 ] } },
{ "type": "Feature", "properties": { "CVEGEO": "02003", "CVE_ENT": "02", "CVE_MUN": "003", "NOMGEO": "Tecate", "estado_nombre": "Baja California" }, "geometry": { "type": "Point", "coordinates": [ -116.290936964889028, 32.434764741311135 ] } },
{ "type": "Feature", "properties": { "CVEGEO": "02004", "CVE_ENT": "02", "CVE_MUN": "004", "NOMGEO": "Tijuana", "estado_nombre": "Baja California" }, "geometry": { "type": "Point", "coordinates": [ -116.847383669823586, 32.412116464654154 ] } },
{ "type": "Feature", "properties": { "CVEGEO": "02001", "CVE_ENT": "02", "CVE_MUN": "001", "NOMGEO": "Ensenada", "estado_nombre": "Baja California" }, "geometry": { "type": "Point", "coordinates": [ -116.060508943703269, 31.516856845343387 ] } },
{ "type": "Feature", "properties": { "CVEGEO": "02006", "CVE_ENT": "02", "CVE_MUN": "006", "NOMGEO": "San Quintín", "estado_nombre": "Baja California" }, "geometry": { "type": "Point", "coordinates": [ -114.517042381781067, 29.384455360443123 ] } },
{ "type": "Feature", "properties": { "CVEGEO": "02005", "CVE_ENT": "02", "CVE_MUN": "005", "NOMGEO": "Playas de Rosarito", "estado_nombre": "Baja California" }, "geometry": { "type": "Point", "coordinates": [ -116.889259673889427, 32.251718967196986 ] } },
{ "type": "Feature", "properties": { "CVEGEO": "02002", "CVE_ENT": "02", "CVE_MUN": "002", "NOMGEO": "Mexicali", "estado_nombre": "Baja California" }, "geometry": { "type": "Point", "coordinates": [ -115.329663093239603, 32.169222634305413 ] } },
{ "type": "Feature", "properties": { "CVEGEO": "03001", "CVE_ENT": "03", "CVE_MUN": "001", "NOMGEO": "Comondú", "estado_nombre": "Baja California Sur" }, "geometry": { "type": "Point", "coordinates": [ -111.807404675074224, 25.530620463625944 ] } },
{ "type": "Feature", "properties": { "CVEGEO": "03008", "CVE_ENT": "03", "CVE_MUN": "008", "NOMGEO": "Los Cabos", "estado_nombre": "Baja California Sur" }, "geometry": { "type": "Point", "coordinates": [ -109.741585166928772, 23.270126164517823 ] } },
{ "type": "Feature", "properties": { "CVEGEO": "03003", "CVE_ENT": "03", "CVE_MUN": "003", "NOMGEO": "La Paz", "estado_nombre": "Baja California Sur" }, "geometry": { "type": "Point", "coordinates": [ -110.621573029730641, 24.167772981228964 ] } },
{ "type": "Feature", "properties": { "CVEGEO": "03002", "CVE_ENT": "03", "CVE_MUN": "002", "NOMGEO": "Mulegé", "estado_nombre": "Baja California Sur" }, "geometry": { "type": "Point", "coordinates": [ -113.225758131739099, 27.289157895787291 ] } },
{ "type": "Feature", "properties": { "CVEGEO": "03009", "CVE_ENT": "03", "CVE_MUN": "009", "NOMGEO": "Loreto", "estado_nombre": "Baja California Sur" }, "geometry": { "type": "Point", "coordinates": [ -111.456924357825329, 25.961652256191702 ] } },
{ "type": "Feature", "properties": { "CVEGEO": "04008", "CVE_ENT": "04", "CVE_MUN": "008", "NOMGEO": "Tenabo", "estado_nombre": "Campeche" }, "geometry": { "type": "Point", "coordinates": [ -90.23298930865505, 19.969624951476547 ] } },
{ "type": "Feature", "properties": { "CVEGEO": "04005", "CVE_ENT": "04", "CVE_MUN": "005", "NOMGEO": "Hecelchakán", "estado_nombre": "Campeche" }, "geometry": { "type": "Point", "coordinates": [ -90.135402407704873, 20.124439193672952 ] } },
{ "type": "Feature", "properties": { "CVEGEO": "04003", "CVE_ENT": "04", "CVE_MUN": "003", "NOMGEO": "Carmen", "estado_nombre": "Campeche" }, "geometry": { "type": "Point", "coordinates": [ -91.483493969393223, 18.52400356078947 ] } },
{ "type": "Feature", "properties": { "CVEGEO": "04012", "CVE_ENT": "04", "CVE_MUN": "012", "NOMGEO": "Seybaplaya", "estado_nombre": "Campeche" }, "geometry": { "type": "Point", "coordinates": [ -90.640559174041954, 19.600219566461501 ] } },
{ "type": "Feature", "properties": { "CVEGEO": "04001", "CVE_ENT": "04", "CVE_MUN": "001", "NOMGEO": "Calkiní", "estado_nombre": "Campeche" }, "geometry": { "type": "Point", "coordinates": [ -90.26992365362247, 20.414302741186855 ] } },
{ "type": "Feature", "properties": { "CVEGEO": "04010", "CVE_ENT": "04", "CVE_MUN": "010", "NOMGEO": "Calakmul", "estado_nombre": "Campeche" }, "geometry": { "type": "Point", "coordinates": [ -89.661573513080057, 18.402829118295507 ] } },
{ "type": "Feature", "properties": { "CVEGEO": "04006", "CVE_ENT": "04", "CVE_MUN": "006", "NOMGEO": "Hopelchén", "estado_nombre": "Campeche" }, "geometry": { "type": "Point", "coordinates": [ -89.609643967839716, 19.474071736658765 ] } },
{ "type": "Feature", "properties": { "CVEGEO": "04011", "CVE_ENT": "04", "CVE_MUN": "011", "NOMGEO": "Candelaria", "estado_nombre": "Campeche" }, "geometry": { "type": "Point", "coordinates": [ -90.716564397427405, 18.099038506846682 ] } },
{ "type": "Feature", "properties": { "CVEGEO": "04004", "CVE_ENT": "04", "CVE_MUN": "004", "NOMGEO": "Champotón", "estado_nombre": "Campeche" }, "geometry": { "type": "Point", "coordinates": [ -90.493619492653593, 19.114440269299088 ] } },
{ "type": "Feature", "properties": { "CVEGEO": "04013", "CVE_ENT": "04", "CVE_MUN": "013", "NOMGEO": "Dzitbalché", "estado_nombre": "Campeche" }, "geometry": { "type": "Point", "coordinates": [ -89.96893486194439, 20.239620018545413 ] } },
{ "type": "Feature", "properties": { "CVEGEO": "04002", "CVE_ENT": "04", "CVE_MUN": "002", "NOMGEO": "Campeche", "estado_nombre": "Campeche" }, "geometry": { "type": "Point", "coordinates": [ -90.26604968767171, 19.616416427149993 ] } },
{ "type": "Feature", "properties": { "CVEGEO": "04009", "CVE_ENT": "04", "CVE_MUN": "009", "NOMGEO": "Escárcega", "estado_nombre": "Campeche" }, "geometry": { "type": "Point", "coordinates": [ -90.47435010284083, 18.550598258307151 ] } },
{ "type": "Feature", "properties": { "CVEGEO": "04007", "CVE_ENT": "04", "CVE_MUN": "007", "NOMGEO": "Palizada", "estado_nombre": "Campeche" }, "geometry": { "type": "Point", "coordinates": [ -91.973872699317383, 18.273599838334899 ] } },
{ "type": "Feature", "properties": { "CVEGEO": "05010", "CVE_ENT": "05", "CVE_MUN": "010", "NOMGEO": "Frontera", "estado_nombre": "Coahuila de Zaragoza" }, "geometry": { "type": "Point", "coordinates": [ -101.528272882758955, 26.947697883886686 ] } },
{ "type": "Feature", "properties": { "CVEGEO": "05036", "CVE_ENT": "05", "CVE_MUN": "036", "NOMGEO": "Viesca", "estado_nombre": "Coahuila de Zaragoza" }, "geometry": { "type": "Point", "coordinates": [ -102.924968307332563, 25.221868961366198 ] } },
{ "type": "Feature", "properties": { "CVEGEO": "05018", "CVE_ENT": "05", "CVE_MUN": "018", "NOMGEO": "Monclova", "estado_nombre": "Coahuila de Zaragoza" }, "geometry": { "type": "Point", "coordinates": [ -101.194393949353866, 26.896856786197169 ] } },
{ "type": "Feature", "properties": { "CVEGEO": "05029", "CVE_ENT": "05", "CVE_MUN": "029", "NOMGEO": "Sacramento", "estado_nombre": "Coahuila de Zaragoza" }, "geometry": { "type": "Point", "coordinates": [ -101.756494083839939, 26.939832567902229 ] } },
{ "type": "Feature", "properties": { "CVEGEO": "05007", "CVE_ENT": "05", "CVE_MUN": "007", "NOMGEO": "Cuatro Ciénegas", "estado_nombre": "Coahuila de Zaragoza" }, "geometry": { "type": "Point", "coordinates": [ -102.298982671392295, 26.69910386634627 ] } },
{ "type": "Feature", "properties": { "CVEGEO": "05032", "CVE_ENT": "05", "CVE_MUN": "032", "NOMGEO": "San Juan de Sabinas", "estado_nombre": "Coahuila de Zaragoza" }, "geometry": { "type": "Point", "coordinates": [ -101.389758858937853, 28.063956211957809 ] } },
{ "type": "Feature", "properties": { "CVEGEO": "05006", "CVE_ENT": "05", "CVE_MUN": "006", "NOMGEO": "Castaños", "estado_nombre": "Coahuila de Zaragoza" }, "geometry": { "type": "Point", "coordinates": [ -101.386925152311974, 26.586238620366153 ] } },
{ "type": "Feature", "properties": { "CVEGEO": "05003", "CVE_ENT": "05", "CVE_MUN": "003", "NOMGEO": "Allende", "estado_nombre": "Coahuila de Zaragoza" }, "geometry": { "type": "Point", "coordinates": [ -100.916002830104816, 28.278348278809357 ] } },
{ "type": "Feature", "properties": { "CVEGEO": "05012", "CVE_ENT": "05", "CVE_MUN": "012", "NOMGEO": "Guerrero", "estado_nombre": "Coahuila de Zaragoza" }, "geometry": { "type": "Point", "coordinates": [ -100.393792546728079, 28.097406729833242 ] } },
{ "type": "Feature", "properties": { "CVEGEO": "05009", "CVE_ENT": "05", "CVE_MUN": "009", "NOMGEO": "Francisco I. Madero", "estado_nombre": "Coahuila de Zaragoza" }, "geometry": { "type": "Point", "coordinates": [ -103.180857406233443, 26.320145761606163 ] } },
{ "type": "Feature", "properties": { "CVEGEO": "05005", "CVE_ENT": "05", "CVE_MUN": "005", "NOMGEO": "Candela", "estado_nombre": "Coahuila de Zaragoza" }, "geometry": { "type": "Point", "coordinates": [ -100.799250401301748, 26.852452771493585 ] } },
{ "type": "Feature", "properties": { "CVEGEO": "05004", "CVE_ENT": "05", "CVE_MUN": "004", "NOMGEO": "Arteaga", "estado_nombre": "Coahuila de Zaragoza" }, "geometry": { "type": "Point", "coordinates": [ -100.642369715336301, 25.341357725220856 ] } },
{ "type": "Feature", "properties": { "CVEGEO": "05016", "CVE_ENT": "05", "CVE_MUN": "016", "NOMGEO": "Lamadrid", "estado_nombre": "Coahuila de Zaragoza" }, "geometry": { "type": "Point", "coordinates": [ -101.91371934781948, 27.150547232877319 ] } },
{ "type": "Feature", "properties": { "CVEGEO": "05035", "CVE_ENT": "05", "CVE_MUN": "035", "NOMGEO": "Torreón", "estado_nombre": "Coahuila de Zaragoza" }, "geometry": { "type": "Point", "coordinates": [ -103.248919335565901, 25.170075210480782 ] } },
{ "type": "Feature", "properties": { "CVEGEO": "05014", "CVE_ENT": "05", "CVE_MUN": "014", "NOMGEO": "Jiménez", "estado_nombre": "Coahuila de Zaragoza" }, "geometry": { "type": "Point", "coordinates": [ -100.951264063761727, 29.002702286013015 ] } },
{ "type": "Feature", "properties": { "CVEGEO": "05008", "CVE_ENT": "05", "CVE_MUN": "008", "NOMGEO": "Escobedo", "estado_nombre": "Coahuila de Zaragoza" }, "geometry": { "type": "Point", "coordinates": [ -101.279589476989358, 27.306065236722223 ] } },
{ "type": "Feature", "properties": { "CVEGEO": "05019", "CVE_ENT": "05", "CVE_MUN": "019", "NOMGEO": "Morelos", "estado_nombre": "Coahuila de Zaragoza" }, "geometry": { "type": "Point", "coordinates": [ -101.083351151018022, 28.327747389807758 ] } },
{ "type": "Feature", "properties": { "CVEGEO": "05038", "CVE_ENT": "05", "CVE_MUN": "038", "NOMGEO": "Zaragoza", "estado_nombre": "Coahuila de Zaragoza" }, "geometry": { "type": "Point", "coordinates": [ -101.395011447703538, 28.8119741749321 ] } },
{ "type": "Feature", "properties": { "CVEGEO": "05037", "CVE_ENT": "05", "CVE_MUN": "037", "NOMGEO": "Villa Unión", "estado_nombre": "Coahuila de Zaragoza" }, "geometry": { "type": "Point", "coordinates": [ -100.780308224800123, 28.097392696613429 ] } },
{ "type": "Feature", "properties": { "CVEGEO": "05001", "CVE_ENT": "05", "CVE_MUN": "001", "NOMGEO": "Abasolo", "estado_nombre": "Coahuila de Zaragoza" }, "geometry": { "type": "Point", "coordinates": [ -101.245782375095956, 27.122394686037861 ] } },
{ "type": "Feature", "properties": { "CVEGEO": "05017", "CVE_ENT": "05", "CVE_MUN": "017", "NOMGEO": "Matamoros", "estado_nombre": "Coahuila de Zaragoza" }, "geometry": { "type": "Point", "coordinates": [ -103.215063702553579, 25.559824854158951 ] } },
{ "type": "Feature", "properties": { "CVEGEO": "05002", "CVE_ENT": "05", "CVE_MUN": "002", "NOMGEO": "Acuña", "estado_nombre": "Coahuila de Zaragoza" }, "geometry": { "type": "Point", "coordinates": [ -102.010026648696666, 29.432602320502571 ] } },
{ "type": "Feature", "properties": { "CVEGEO": "05026", "CVE_ENT": "05", "CVE_MUN": "026", "NOMGEO": "Progreso", "estado_nombre": "Coahuila de Zaragoza" }, "geometry": { "type": "Point", "coordinates": [ -101.021481989322595, 27.421422405900952 ] } },
{ "type": "Feature", "properties": { "CVEGEO": "05021", "CVE_ENT": "05", "CVE_MUN": "021", "NOMGEO": "Nadadores", "estado_nombre": "Coahuila de Zaragoza" }, "geometry": { "type": "Point", "coordinates": [ -101.765425580626967, 27.22773135731174 ] } },
{ "type": "Feature", "properties": { "CVEGEO": "05013", "CVE_ENT": "05", "CVE_MUN": "013", "NOMGEO": "Hidalgo", "estado_nombre": "Coahuila de Zaragoza" }, "geometry": { "type": "Point", "coordinates": [ -100.050503034858252, 27.839321229389906 ] } },
{ "type": "Feature", "properties": { "CVEGEO": "05024", "CVE_ENT": "05", "CVE_MUN": "024", "NOMGEO": "Parras", "estado_nombre": "Coahuila de Zaragoza" }, "geometry": { "type": "Point", "coordinates": [ -102.114668029705314, 25.503871718433384 ] } },
{ "type": "Feature", "properties": { "CVEGEO": "05020", "CVE_ENT": "05", "CVE_MUN": "020", "NOMGEO": "Múzquiz", "estado_nombre": "Coahuila de Zaragoza" }, "geometry": { "type": "Point", "coordinates": [ -101.900466298778994, 28.403017961778229 ] } },
{ "type": "Feature", "properties": { "CVEGEO": "05023", "CVE_ENT": "05", "CVE_MUN": "023", "NOMGEO": "Ocampo", "estado_nombre": "Coahuila de Zaragoza" }, "geometry": { "type": "Point", "coordinates": [ -102.892888914490911, 27.965618700239158 ] } },
{ "type": "Feature", "properties": { "CVEGEO": "05022", "CVE_ENT": "05", "CVE_MUN": "022", "NOMGEO": "Nava", "estado_nombre": "Coahuila de Zaragoza" }, "geometry": { "type": "Point", "coordinates": [ -100.620488653754009, 28.496438664920316 ] } },
{ "type": "Feature", "properties": { "CVEGEO": "05015", "CVE_ENT": "05", "CVE_MUN": "015", "NOMGEO": "Juárez", "estado_nombre": "Coahuila de Zaragoza" }, "geometry": { "type": "Point", "coordinates": [ -100.69337843030479, 27.656546296371545 ] } },
{ "type": "Feature", "properties": { "CVEGEO": "05011", "CVE_ENT": "05", "CVE_MUN": "011", "NOMGEO": "General Cepeda", "estado_nombre": "Coahuila de Zaragoza" }, "geometry": { "type": "Point", "coordinates": [ -101.551039949951203, 25.521690614998263 ] } },
{ "type": "Feature", "properties": { "CVEGEO": "05034", "CVE_ENT": "05", "CVE_MUN": "034", "NOMGEO": "Sierra Mojada", "estado_nombre": "Coahuila de Zaragoza" }, "geometry": { "type": "Point", "coordinates": [ -103.610108648542791, 27.481767671484079 ] } },
{ "type": "Feature", "properties": { "CVEGEO": "05033", "CVE_ENT": "05", "CVE_MUN": "033", "NOMGEO": "San Pedro", "estado_nombre": "Coahuila de Zaragoza" }, "geometry": { "type": "Point", "coordinates": [ -102.717997219135782, 26.084042244012192 ] } },
{ "type": "Feature", "properties": { "CVEGEO": "05031", "CVE_ENT": "05", "CVE_MUN": "031", "NOMGEO": "San Buenaventura", "estado_nombre": "Coahuila de Zaragoza" }, "geometry": { "type": "Point", "coordinates": [ -101.968879172851501, 27.840129346798218 ] } },
{ "type": "Feature", "properties": { "CVEGEO": "05030", "CVE_ENT": "05", "CVE_MUN": "030", "NOMGEO": "Saltillo", "estado_nombre": "Coahuila de Zaragoza" }, "geometry": { "type": "Point", "coordinates": [ -101.125108697324222, 25.029147589710998 ] } },
{ "type": "Feature", "properties": { "CVEGEO": "05028", "CVE_ENT": "05", "CVE_MUN": "028", "NOMGEO": "Sabinas", "estado_nombre": "Coahuila de Zaragoza" }, "geometry": { "type": "Point", "coordinates": [ -101.143000649415129, 27.922871658345141 ] } },
{ "type": "Feature", "properties": { "CVEGEO": "05027", "CVE_ENT": "05", "CVE_MUN": "027", "NOMGEO": "Ramos Arizpe", "estado_nombre": "Coahuila de Zaragoza" }, "geometry": { "type": "Point", "coordinates": [ -101.282065268554675, 25.91374759591152 ] } },
{ "type": "Feature", "properties": { "CVEGEO": "05025", "CVE_ENT": "05", "CVE_MUN": "025", "NOMGEO": "Piedras Negras", "estado_nombre": "Coahuila de Zaragoza" }, "geometry": { "type": "Point", "coordinates": [ -100.614469714143439, 28.779820295895107 ] } },
{ "type": "Feature", "properties": { "CVEGEO": "06009", "CVE_ENT": "06", "CVE_MUN": "009", "NOMGEO": "Tecomán", "estado_nombre": "Colima" }, "geometry": { "type": "Point", "coordinates": [ -105.044551428465908, 18.862902902886397 ] } },
{ "type": "Feature", "properties": { "CVEGEO": "06005", "CVE_ENT": "06", "CVE_MUN": "005", "NOMGEO": "Cuauhtémoc", "estado_nombre": "Colima" }, "geometry": { "type": "Point", "coordinates": [ -103.595464746360221, 19.32678703380655 ] } },
{ "type": "Feature", "properties": { "CVEGEO": "06010", "CVE_ENT": "06", "CVE_MUN": "010", "NOMGEO": "Villa de Álvarez", "estado_nombre": "Colima" }, "geometry": { "type": "Point", "coordinates": [ -103.848422135446981, 19.306669900055198 ] } },
{ "type": "Feature", "properties": { "CVEGEO": "06008", "CVE_ENT": "06", "CVE_MUN": "008", "NOMGEO": "Minatitlán", "estado_nombre": "Colima" }, "geometry": { "type": "Point", "coordinates": [ -104.031056993827761, 19.372086515962799 ] } },
{ "type": "Feature", "properties": { "CVEGEO": "06002", "CVE_ENT": "06", "CVE_MUN": "002", "NOMGEO": "Colima", "estado_nombre": "Colima" }, "geometry": { "type": "Point", "coordinates": [ -103.632486694112643, 19.116227955302822 ] } },
{ "type": "Feature", "properties": { "CVEGEO": "06007", "CVE_ENT": "06", "CVE_MUN": "007", "NOMGEO": "Manzanillo", "estado_nombre": "Colima" }, "geometry": { "type": "Point", "coordinates": [ -104.29491948770405, 19.150509107086084 ] } },
{ "type": "Feature", "properties": { "CVEGEO": "06006", "CVE_ENT": "06", "CVE_MUN": "006", "NOMGEO": "Ixtlahuacán", "estado_nombre": "Colima" }, "geometry": { "type": "Point", "coordinates": [ -103.681345293084732, 18.967614796753946 ] } },
{ "type": "Feature", "properties": { "CVEGEO": "06003", "CVE_ENT": "06", "CVE_MUN": "003", "NOMGEO": "Comala", "estado_nombre": "Colima" }, "geometry": { "type": "Point", "coordinates": [ -103.766497585561922, 19.396513179004533 ] } },
{ "type": "Feature", "properties": { "CVEGEO": "06001", "CVE_ENT": "06", "CVE_MUN": "001", "NOMGEO": "Armería", "estado_nombre": "Colima" }, "geometry": { "type": "Point", "coordinates": [ -103.996604232350876, 19.008564638344122 ] } },
{ "type": "Feature", "properties": { "CVEGEO": "06004", "CVE_ENT": "06", "CVE_MUN": "004", "NOMGEO": "Coquimatlán", "estado_nombre": "Colima" }, "geometry": { "type": "Point", "coordinates": [ -103.912207833576389, 19.187292965411803 ] } },
{ "type": "Feature", "properties": { "CVEGEO": "07106", "CVE_ENT": "07", "CVE_MUN": "106", "NOMGEO": "Venustiano Carranza", "estado_nombre": "Chiapas" }, "geometry": { "type": "Point", "coordinates": [ -92.607896859611714, 16.317312432081206 ] } },
{ "type": "Feature", "properties": { "CVEGEO": "07090", "CVE_ENT": "07", "CVE_MUN": "090", "NOMGEO": "Tapalapa", "estado_nombre": "Chiapas" }, "geometry": { "type": "Point", "coordinates": [ -93.112314446183049, 17.220113547972563 ] } },
{ "type": "Feature", "properties": { "CVEGEO": "07022", "CVE_ENT": "07", "CVE_MUN": "022", "NOMGEO": "Chalchihuitán", "estado_nombre": "Chiapas" }, "geometry": { "type": "Point", "coordinates": [ -92.611801761580196, 17.021270569718894 ] } },
{ "type": "Feature", "properties": { "CVEGEO": "07073", "CVE_ENT": "07", "CVE_MUN": "073", "NOMGEO": "Rayón", "estado_nombre": "Chiapas" }, "geometry": { "type": "Point", "coordinates": [ -92.998266752367599, 17.19137781929367 ] } },
{ "type": "Feature", "properties": { "CVEGEO": "07042", "CVE_ENT": "07", "CVE_MUN": "042", "NOMGEO": "Ixhuatán", "estado_nombre": "Chiapas" }, "geometry": { "type": "Point", "coordinates": [ -92.978629196772403, 17.298532477906786 ] } },
{ "type": "Feature", "properties": { "CVEGEO": "07036", "CVE_ENT": "07", "CVE_MUN": "036", "NOMGEO": "La Grandeza", "estado_nombre": "Chiapas" }, "geometry": { "type": "Point", "coordinates": [ -92.218401219547047, 15.512996719053099 ] } },
{ "type": "Feature", "properties": { "CVEGEO": "07121", "CVE_ENT": "07", "CVE_MUN": "121", "NOMGEO": "Rincón Chamula San Pedro", "estado_nombre": "Chiapas" }, "geometry": { "type": "Point", "coordinates": [ -92.933233294492183, 17.217695248235174 ] } },
{ "type": "Feature", "properties": { "CVEGEO": "07119", "CVE_ENT": "07", "CVE_MUN": "119", "NOMGEO": "Santiago el Pinar", "estado_nombre": "Chiapas" }, "geometry": { "type": "Point", "coordinates": [ -92.72154871574493, 16.949363976241976 ] } },
{ "type": "Feature", "properties": { "CVEGEO": "07124", "CVE_ENT": "07", "CVE_MUN": "124", "NOMGEO": "Mezcalapa", "estado_nombre": "Chiapas" }, "geometry": { "type": "Point", "coordinates": [ -93.632393533161192, 17.214794166027335 ] } },
{ "type": "Feature", "properties": { "CVEGEO": "07123", "CVE_ENT": "07", "CVE_MUN": "123", "NOMGEO": "Emiliano Zapata", "estado_nombre": "Chiapas" }, "geometry": { "type": "Point", "coordinates": [ -92.882685960160828, 16.498908162446931 ] } },
{ "type": "Feature", "properties": { "CVEGEO": "07067", "CVE_ENT": "07", "CVE_MUN": "067", "NOMGEO": "Pantepec", "estado_nombre": "Chiapas" }, "geometry": { "type": "Point", "coordinates": [ -93.05690017705119, 17.189185984115202 ] } },
{ "type": "Feature", "properties": { "CVEGEO": "07091", "CVE_ENT": "07", "CVE_MUN": "091", "NOMGEO": "Tapilula", "estado_nombre": "Chiapas" }, "geometry": { "type": "Point", "coordinates": [ -93.003446432172851, 17.253972680941288 ] } },
{ "type": "Feature", "properties": { "CVEGEO": "07114", "CVE_ENT": "07", "CVE_MUN": "114", "NOMGEO": "Benemérito de las Américas", "estado_nombre": "Chiapas" }, "geometry": { "type": "Point", "coordinates": [ -90.562508801541682, 16.281836004263901 ] } },
{ "type": "Feature", "properties": { "CVEGEO": "07069", "CVE_ENT": "07", "CVE_MUN": "069", "NOMGEO": "Pijijiapan", "estado_nombre": "Chiapas" }, "geometry": { "type": "Point", "coordinates": [ -93.192456515158611, 15.669520801886959 ] } },
{ "type": "Feature", "properties": { "CVEGEO": "07081", "CVE_ENT": "07", "CVE_MUN": "081", "NOMGEO": "Simojovel", "estado_nombre": "Chiapas" }, "geometry": { "type": "Point", "coordinates": [ -92.62501505489027, 17.138922909680005 ] } },
{ "type": "Feature", "properties": { "CVEGEO": "07080", "CVE_ENT": "07", "CVE_MUN": "080", "NOMGEO": "Siltepec", "estado_nombre": "Chiapas" }, "geometry": { "type": "Point", "coordinates": [ -92.357244168721181, 15.532373093877995 ] } },
{ "type": "Feature", "properties": { "CVEGEO": "07065", "CVE_ENT": "07", "CVE_MUN": "065", "NOMGEO": "Palenque", "estado_nombre": "Chiapas" }, "geometry": { "type": "Point", "coordinates": [ -91.81265556664637, 17.444075597848627 ] } },
{ "type": "Feature", "properties": { "CVEGEO": "07077", "CVE_ENT": "07", "CVE_MUN": "077", "NOMGEO": "Salto de Agua", "estado_nombre": "Chiapas" }, "geometry": { "type": "Point", "coordinates": [ -92.186528591857211, 17.436800583259345 ] } },
{ "type": "Feature", "properties": { "CVEGEO": "07086", "CVE_ENT": "07", "CVE_MUN": "086", "NOMGEO": "Suchiapa", "estado_nombre": "Chiapas" }, "geometry": { "type": "Point", "coordinates": [ -93.136332247509102, 16.58554556876998 ] } },
{ "type": "Feature", "properties": { "CVEGEO": "07010", "CVE_ENT": "07", "CVE_MUN": "010", "NOMGEO": "Bejucal de Ocampo", "estado_nombre": "Chiapas" }, "geometry": { "type": "Point", "coordinates": [ -92.161292679282369, 15.491755272745184 ] } },
{ "type": "Feature", "properties": { "CVEGEO": "07011", "CVE_ENT": "07", "CVE_MUN": "011", "NOMGEO": "Bella Vista", "estado_nombre": "Chiapas" }, "geometry": { "type": "Point", "coordinates": [ -92.242416880648634, 15.619584604964745 ] } },
{ "type": "Feature", "properties": { "CVEGEO": "07024", "CVE_ENT": "07", "CVE_MUN": "024", "NOMGEO": "Chanal", "estado_nombre": "Chiapas" }, "geometry": { "type": "Point", "coordinates": [ -92.216970438046317, 16.611533224527118 ] } },
{ "type": "Feature", "properties": { "CVEGEO": "07028", "CVE_ENT": "07", "CVE_MUN": "028", "NOMGEO": "Chiapilla", "estado_nombre": "Chiapas" }, "geometry": { "type": "Point", "coordinates": [ -92.725944072266302, 16.553972824142487 ] } },
{ "type": "Feature", "properties": { "CVEGEO": "07122", "CVE_ENT": "07", "CVE_MUN": "122", "NOMGEO": "El Parral", "estado_nombre": "Chiapas" }, "geometry": { "type": "Point", "coordinates": [ -92.98654871098698, 16.337432506533784 ] } },
{ "type": "Feature", "properties": { "CVEGEO": "07001", "CVE_ENT": "07", "CVE_MUN": "001", "NOMGEO": "Acacoyagua", "estado_nombre": "Chiapas" }, "geometry": { "type": "Point", "coordinates": [ -92.681685391393074, 15.414139793611621 ] } },
{ "type": "Feature", "properties": { "CVEGEO": "07002", "CVE_ENT": "07", "CVE_MUN": "002", "NOMGEO": "Acala", "estado_nombre": "Chiapas" }, "geometry": { "type": "Point", "coordinates": [ -92.814656894162368, 16.551604588714284 ] } },
{ "type": "Feature", "properties": { "CVEGEO": "07003", "CVE_ENT": "07", "CVE_MUN": "003", "NOMGEO": "Acapetahua", "estado_nombre": "Chiapas" }, "geometry": { "type": "Point", "coordinates": [ -92.774077169011562, 15.231346722920204 ] } },
{ "type": "Feature", "properties": { "CVEGEO": "07004", "CVE_ENT": "07", "CVE_MUN": "004", "NOMGEO": "Altamirano", "estado_nombre": "Chiapas" }, "geometry": { "type": "Point", "coordinates": [ -91.862572980839232, 16.661884505369912 ] } },
{ "type": "Feature", "properties": { "CVEGEO": "07005", "CVE_ENT": "07", "CVE_MUN": "005", "NOMGEO": "Amatán", "estado_nombre": "Chiapas" }, "geometry": { "type": "Point", "coordinates": [ -92.857338301406628, 17.385593893046828 ] } },
{ "type": "Feature", "properties": { "CVEGEO": "07006", "CVE_ENT": "07", "CVE_MUN": "006", "NOMGEO": "Amatenango de la Frontera", "estado_nombre": "Chiapas" }, "geometry": { "type": "Point", "coordinates": [ -92.097163281737011, 15.556836369120724 ] } },
{ "type": "Feature", "properties": { "CVEGEO": "07007", "CVE_ENT": "07", "CVE_MUN": "007", "NOMGEO": "Amatenango del Valle", "estado_nombre": "Chiapas" }, "geometry": { "type": "Point", "coordinates": [ -92.395427131587951, 16.515289554692941 ] } },
{ "type": "Feature", "properties": { "CVEGEO": "07029", "CVE_ENT": "07", "CVE_MUN": "029", "NOMGEO": "Chicoasén", "estado_nombre": "Chiapas" }, "geometry": { "type": "Point", "coordinates": [ -93.111519968398269, 16.995333049109671 ] } },
{ "type": "Feature", "properties": { "CVEGEO": "07012", "CVE_ENT": "07", "CVE_MUN": "012", "NOMGEO": "Berriozábal", "estado_nombre": "Chiapas" }, "geometry": { "type": "Point", "coordinates": [ -93.319074801655688, 16.866606654926564 ] } },
{ "type": "Feature", "properties": { "CVEGEO": "07013", "CVE_ENT": "07", "CVE_MUN": "013", "NOMGEO": "Bochil", "estado_nombre": "Chiapas" }, "geometry": { "type": "Point", "coordinates": [ -92.958790217852012, 17.014122762429025 ] } },
{ "type": "Feature", "properties": { "CVEGEO": "07014", "CVE_ENT": "07", "CVE_MUN": "014", "NOMGEO": "El Bosque", "estado_nombre": "Chiapas" }, "geometry": { "type": "Point", "coordinates": [ -92.741292393006646, 17.031748229032349 ] } },
{ "type": "Feature", "properties": { "CVEGEO": "07015", "CVE_ENT": "07", "CVE_MUN": "015", "NOMGEO": "Cacahoatán", "estado_nombre": "Chiapas" }, "geometry": { "type": "Point", "coordinates": [ -92.164134462655724, 15.086241070694026 ] } },
{ "type": "Feature", "properties": { "CVEGEO": "07016", "CVE_ENT": "07", "CVE_MUN": "016", "NOMGEO": "Catazajá", "estado_nombre": "Chiapas" }, "geometry": { "type": "Point", "coordinates": [ -91.997603751997886, 17.779871283362034 ] } },
{ "type": "Feature", "properties": { "CVEGEO": "07019", "CVE_ENT": "07", "CVE_MUN": "019", "NOMGEO": "Comitán de Domínguez", "estado_nombre": "Chiapas" }, "geometry": { "type": "Point", "coordinates": [ -92.178974038163076, 16.29688357167009 ] } },
{ "type": "Feature", "properties": { "CVEGEO": "07020", "CVE_ENT": "07", "CVE_MUN": "020", "NOMGEO": "La Concordia", "estado_nombre": "Chiapas" }, "geometry": { "type": "Point", "coordinates": [ -92.771242982356583, 15.960894928817247 ] } },
{ "type": "Feature", "properties": { "CVEGEO": "07021", "CVE_ENT": "07", "CVE_MUN": "021", "NOMGEO": "Copainalá", "estado_nombre": "Chiapas" }, "geometry": { "type": "Point", "coordinates": [ -93.252860453107459, 17.094174410429726 ] } },
{ "type": "Feature", "properties": { "CVEGEO": "07033", "CVE_ENT": "07", "CVE_MUN": "033", "NOMGEO": "Francisco León", "estado_nombre": "Chiapas" }, "geometry": { "type": "Point", "coordinates": [ -93.276186757804695, 17.294073619508584 ] } },
{ "type": "Feature", "properties": { "CVEGEO": "07053", "CVE_ENT": "07", "CVE_MUN": "053", "NOMGEO": "Mazapa de Madero", "estado_nombre": "Chiapas" }, "geometry": { "type": "Point", "coordinates": [ -92.185763795932758, 15.372766290445883 ] } },
{ "type": "Feature", "properties": { "CVEGEO": "07025", "CVE_ENT": "07", "CVE_MUN": "025", "NOMGEO": "Chapultenango", "estado_nombre": "Chiapas" }, "geometry": { "type": "Point", "coordinates": [ -93.131537588477102, 17.326797433684874 ] } },
{ "type": "Feature", "properties": { "CVEGEO": "07026", "CVE_ENT": "07", "CVE_MUN": "026", "NOMGEO": "Chenalhó", "estado_nombre": "Chiapas" }, "geometry": { "type": "Point", "coordinates": [ -92.570435156396741, 16.950157174401401 ] } },
{ "type": "Feature", "properties": { "CVEGEO": "07027", "CVE_ENT": "07", "CVE_MUN": "027", "NOMGEO": "Chiapa de Corzo", "estado_nombre": "Chiapas" }, "geometry": { "type": "Point", "coordinates": [ -92.976049284038751, 16.606635080191179 ] } },
{ "type": "Feature", "properties": { "CVEGEO": "07030", "CVE_ENT": "07", "CVE_MUN": "030", "NOMGEO": "Chicomuselo", "estado_nombre": "Chiapas" }, "geometry": { "type": "Point", "coordinates": [ -92.391262206127706, 15.799086269425334 ] } },
{ "type": "Feature", "properties": { "CVEGEO": "07031", "CVE_ENT": "07", "CVE_MUN": "031", "NOMGEO": "Chilón", "estado_nombre": "Chiapas" }, "geometry": { "type": "Point", "coordinates": [ -92.03513072554982, 17.109295403507527 ] } },
{ "type": "Feature", "properties": { "CVEGEO": "07055", "CVE_ENT": "07", "CVE_MUN": "055", "NOMGEO": "Metapa", "estado_nombre": "Chiapas" }, "geometry": { "type": "Point", "coordinates": [ -92.201599727662085, 14.821663662260498 ] } },
{ "type": "Feature", "properties": { "CVEGEO": "07023", "CVE_ENT": "07", "CVE_MUN": "023", "NOMGEO": "Chamula", "estado_nombre": "Chiapas" }, "geometry": { "type": "Point", "coordinates": [ -92.680169086623707, 16.819365827264686 ] } },
{ "type": "Feature", "properties": { "CVEGEO": "07034", "CVE_ENT": "07", "CVE_MUN": "034", "NOMGEO": "Frontera Comalapa", "estado_nombre": "Chiapas" }, "geometry": { "type": "Point", "coordinates": [ -92.087766837830927, 15.762651423278516 ] } },
{ "type": "Feature", "properties": { "CVEGEO": "07075", "CVE_ENT": "07", "CVE_MUN": "075", "NOMGEO": "Las Rosas", "estado_nombre": "Chiapas" }, "geometry": { "type": "Point", "coordinates": [ -92.364726793812466, 16.365307622771581 ] } },
{ "type": "Feature", "properties": { "CVEGEO": "07076", "CVE_ENT": "07", "CVE_MUN": "076", "NOMGEO": "Sabanilla", "estado_nombre": "Chiapas" }, "geometry": { "type": "Point", "coordinates": [ -92.610762208706262, 17.319825700155135 ] } },
{ "type": "Feature", "properties": { "CVEGEO": "07038", "CVE_ENT": "07", "CVE_MUN": "038", "NOMGEO": "Huixtán", "estado_nombre": "Chiapas" }, "geometry": { "type": "Point", "coordinates": [ -92.399633871267199, 16.694277427658406 ] } },
{ "type": "Feature", "properties": { "CVEGEO": "07039", "CVE_ENT": "07", "CVE_MUN": "039", "NOMGEO": "Huitiupán", "estado_nombre": "Chiapas" }, "geometry": { "type": "Point", "coordinates": [ -92.694926969824508, 17.243167274246112 ] } },
{ "type": "Feature", "properties": { "CVEGEO": "07040", "CVE_ENT": "07", "CVE_MUN": "040", "NOMGEO": "Huixtla", "estado_nombre": "Chiapas" }, "geometry": { "type": "Point", "coordinates": [ -92.546859175670235, 15.096983126699445 ] } },
{ "type": "Feature", "properties": { "CVEGEO": "07041", "CVE_ENT": "07", "CVE_MUN": "041", "NOMGEO": "La Independencia", "estado_nombre": "Chiapas" }, "geometry": { "type": "Point", "coordinates": [ -91.795794810780095, 16.204702256570087 ] } },
{ "type": "Feature", "properties": { "CVEGEO": "07043", "CVE_ENT": "07", "CVE_MUN": "043", "NOMGEO": "Ixtacomitán", "estado_nombre": "Chiapas" }, "geometry": { "type": "Point", "coordinates": [ -93.099022828837121, 17.421397806557774 ] } },
{ "type": "Feature", "properties": { "CVEGEO": "07044", "CVE_ENT": "07", "CVE_MUN": "044", "NOMGEO": "Ixtapa", "estado_nombre": "Chiapas" }, "geometry": { "type": "Point", "coordinates": [ -92.896995147105557, 16.817950717673995 ] } },
{ "type": "Feature", "properties": { "CVEGEO": "07045", "CVE_ENT": "07", "CVE_MUN": "045", "NOMGEO": "Ixtapangajoya", "estado_nombre": "Chiapas" }, "geometry": { "type": "Point", "coordinates": [ -92.975591312141177, 17.46687274734721 ] } },
{ "type": "Feature", "properties": { "CVEGEO": "07046", "CVE_ENT": "07", "CVE_MUN": "046", "NOMGEO": "Jiquipilas", "estado_nombre": "Chiapas" }, "geometry": { "type": "Point", "coordinates": [ -93.672076179968144, 16.522735620718809 ] } },
{ "type": "Feature", "properties": { "CVEGEO": "07048", "CVE_ENT": "07", "CVE_MUN": "048", "NOMGEO": "Juárez", "estado_nombre": "Chiapas" }, "geometry": { "type": "Point", "coordinates": [ -93.193335357523026, 17.699447208350637 ] } },
{ "type": "Feature", "properties": { "CVEGEO": "07052", "CVE_ENT": "07", "CVE_MUN": "052", "NOMGEO": "Las Margaritas", "estado_nombre": "Chiapas" }, "geometry": { "type": "Point", "coordinates": [ -91.740282923888671, 16.385602630854823 ] } },
{ "type": "Feature", "properties": { "CVEGEO": "07056", "CVE_ENT": "07", "CVE_MUN": "056", "NOMGEO": "Mitontic", "estado_nombre": "Chiapas" }, "geometry": { "type": "Point", "coordinates": [ -92.563100893883188, 16.874810138657971 ] } },
{ "type": "Feature", "properties": { "CVEGEO": "07054", "CVE_ENT": "07", "CVE_MUN": "054", "NOMGEO": "Mazatán", "estado_nombre": "Chiapas" }, "geometry": { "type": "Point", "coordinates": [ -92.497772887437335, 14.880604721772736 ] } },
{ "type": "Feature", "properties": { "CVEGEO": "07072", "CVE_ENT": "07", "CVE_MUN": "072", "NOMGEO": "Pueblo Nuevo Solistahuacán", "estado_nombre": "Chiapas" }, "geometry": { "type": "Point", "coordinates": [ -92.861738075535314, 17.218029668800888 ] } },
{ "type": "Feature", "properties": { "CVEGEO": "07111", "CVE_ENT": "07", "CVE_MUN": "111", "NOMGEO": "Zinacantán", "estado_nombre": "Chiapas" }, "geometry": { "type": "Point", "coordinates": [ -92.781980975568104, 16.721915889188978 ] } },
{ "type": "Feature", "properties": { "CVEGEO": "07110", "CVE_ENT": "07", "CVE_MUN": "110", "NOMGEO": "San Lucas", "estado_nombre": "Chiapas" }, "geometry": { "type": "Point", "coordinates": [ -92.723781307628627, 16.622470271219672 ] } },
{ "type": "Feature", "properties": { "CVEGEO": "07051", "CVE_ENT": "07", "CVE_MUN": "051", "NOMGEO": "Mapastepec", "estado_nombre": "Chiapas" }, "geometry": { "type": "Point", "coordinates": [ -92.891716846306963, 15.46092144426688 ] } },
{ "type": "Feature", "properties": { "CVEGEO": "07050", "CVE_ENT": "07", "CVE_MUN": "050", "NOMGEO": "La Libertad", "estado_nombre": "Chiapas" }, "geometry": { "type": "Point", "coordinates": [ -91.751074520119246, 17.606636196573653 ] } },
{ "type": "Feature", "properties": { "CVEGEO": "07049", "CVE_ENT": "07", "CVE_MUN": "049", "NOMGEO": "Larráinzar", "estado_nombre": "Chiapas" }, "geometry": { "type": "Point", "coordinates": [ -92.776677457149404, 16.924383698821842 ] } },
{ "type": "Feature", "properties": { "CVEGEO": "07096", "CVE_ENT": "07", "CVE_MUN": "096", "NOMGEO": "Tila", "estado_nombre": "Chiapas" }, "geometry": { "type": "Point", "coordinates": [ -92.485828206033773, 17.379189291247886 ] } },
{ "type": "Feature", "properties": { "CVEGEO": "07097", "CVE_ENT": "07", "CVE_MUN": "097", "NOMGEO": "Tonalá", "estado_nombre": "Chiapas" }, "geometry": { "type": "Point", "coordinates": [ -93.69058619921941, 15.996922085327736 ] } },
{ "type": "Feature", "properties": { "CVEGEO": "07099", "CVE_ENT": "07", "CVE_MUN": "099", "NOMGEO": "La Trinitaria", "estado_nombre": "Chiapas" }, "geometry": { "type": "Point", "coordinates": [ -91.899400235716556, 16.024443131750626 ] } },
{ "type": "Feature", "properties": { "CVEGEO": "07058", "CVE_ENT": "07", "CVE_MUN": "058", "NOMGEO": "Nicolás Ruíz", "estado_nombre": "Chiapas" }, "geometry": { "type": "Point", "coordinates": [ -92.610050446517519, 16.438200419734841 ] } },
{ "type": "Feature", "properties": { "CVEGEO": "07060", "CVE_ENT": "07", "CVE_MUN": "060", "NOMGEO": "Ocotepec", "estado_nombre": "Chiapas" }, "geometry": { "type": "Point", "coordinates": [ -93.173876265234313, 17.220797396446965 ] } },
{ "type": "Feature", "properties": { "CVEGEO": "07070", "CVE_ENT": "07", "CVE_MUN": "070", "NOMGEO": "El Porvenir", "estado_nombre": "Chiapas" }, "geometry": { "type": "Point", "coordinates": [ -92.263925560873844, 15.432546425470965 ] } },
{ "type": "Feature", "properties": { "CVEGEO": "07063", "CVE_ENT": "07", "CVE_MUN": "063", "NOMGEO": "Osumacinta", "estado_nombre": "Chiapas" }, "geometry": { "type": "Point", "coordinates": [ -93.083803635799327, 16.895233299940816 ] } },
{ "type": "Feature", "properties": { "CVEGEO": "07057", "CVE_ENT": "07", "CVE_MUN": "057", "NOMGEO": "Motozintla", "estado_nombre": "Chiapas" }, "geometry": { "type": "Point", "coordinates": [ -92.331464201345739, 15.313825905132456 ] } },
{ "type": "Feature", "properties": { "CVEGEO": "07101", "CVE_ENT": "07", "CVE_MUN": "101", "NOMGEO": "Tuxtla Gutiérrez", "estado_nombre": "Chiapas" }, "geometry": { "type": "Point", "coordinates": [ -93.137284985577381, 16.739446629739486 ] } },
{ "type": "Feature", "properties": { "CVEGEO": "07102", "CVE_ENT": "07", "CVE_MUN": "102", "NOMGEO": "Tuxtla Chico", "estado_nombre": "Chiapas" }, "geometry": { "type": "Point", "coordinates": [ -92.198678241059326, 14.89410615473577 ] } },
{ "type": "Feature", "properties": { "CVEGEO": "07103", "CVE_ENT": "07", "CVE_MUN": "103", "NOMGEO": "Tuzantán", "estado_nombre": "Chiapas" }, "geometry": { "type": "Point", "coordinates": [ -92.411564386088372, 15.140441356232099 ] } },
{ "type": "Feature", "properties": { "CVEGEO": "07104", "CVE_ENT": "07", "CVE_MUN": "104", "NOMGEO": "Tzimol", "estado_nombre": "Chiapas" }, "geometry": { "type": "Point", "coordinates": [ -92.246439960555321, 16.124083144221618 ] } },
{ "type": "Feature", "properties": { "CVEGEO": "07079", "CVE_ENT": "07", "CVE_MUN": "079", "NOMGEO": "San Fernando", "estado_nombre": "Chiapas" }, "geometry": { "type": "Point", "coordinates": [ -93.209678272158939, 16.913133190789488 ] } },
{ "type": "Feature", "properties": { "CVEGEO": "07120", "CVE_ENT": "07", "CVE_MUN": "120", "NOMGEO": "Capitán Luis Ángel Vidal", "estado_nombre": "Chiapas" }, "geometry": { "type": "Point", "coordinates": [ -92.614670849661948, 15.54919158196973 ] } },
{ "type": "Feature", "properties": { "CVEGEO": "07107", "CVE_ENT": "07", "CVE_MUN": "107", "NOMGEO": "Villa Corzo", "estado_nombre": "Chiapas" }, "geometry": { "type": "Point", "coordinates": [ -93.230254146285404, 16.077346991837025 ] } },
{ "type": "Feature", "properties": { "CVEGEO": "07108", "CVE_ENT": "07", "CVE_MUN": "108", "NOMGEO": "Villaflores", "estado_nombre": "Chiapas" }, "geometry": { "type": "Point", "coordinates": [ -93.37550680951729, 16.346195199573657 ] } },
{ "type": "Feature", "properties": { "CVEGEO": "07109", "CVE_ENT": "07", "CVE_MUN": "109", "NOMGEO": "Yajalón", "estado_nombre": "Chiapas" }, "geometry": { "type": "Point", "coordinates": [ -92.325848844679271, 17.18555924711935 ] } },
{ "type": "Feature", "properties": { "CVEGEO": "07085", "CVE_ENT": "07", "CVE_MUN": "085", "NOMGEO": "Soyaló", "estado_nombre": "Chiapas" }, "geometry": { "type": "Point", "coordinates": [ -92.98867456634585, 16.925968941593208 ] } },
{ "type": "Feature", "properties": { "CVEGEO": "07088", "CVE_ENT": "07", "CVE_MUN": "088", "NOMGEO": "Sunuapa", "estado_nombre": "Chiapas" }, "geometry": { "type": "Point", "coordinates": [ -93.251587594146926, 17.48885641994903 ] } },
{ "type": "Feature", "properties": { "CVEGEO": "07093", "CVE_ENT": "07", "CVE_MUN": "093", "NOMGEO": "Tenejapa", "estado_nombre": "Chiapas" }, "geometry": { "type": "Point", "coordinates": [ -92.47200580074977, 16.833188474822432 ] } },
{ "type": "Feature", "properties": { "CVEGEO": "07098", "CVE_ENT": "07", "CVE_MUN": "098", "NOMGEO": "Totolapa", "estado_nombre": "Chiapas" }, "geometry": { "type": "Point", "coordinates": [ -92.659963289210992, 16.515155333071366 ] } },
{ "type": "Feature", "properties": { "CVEGEO": "07100", "CVE_ENT": "07", "CVE_MUN": "100", "NOMGEO": "Tumbalá", "estado_nombre": "Chiapas" }, "geometry": { "type": "Point", "coordinates": [ -92.269625317532856, 17.300789783302061 ] } },
{ "type": "Feature", "properties": { "CVEGEO": "07105", "CVE_ENT": "07", "CVE_MUN": "105", "NOMGEO": "Unión Juárez", "estado_nombre": "Chiapas" }, "geometry": { "type": "Point", "coordinates": [ -92.102549936226367, 15.059952719404651 ] } },
{ "type": "Feature", "properties": { "CVEGEO": "07112", "CVE_ENT": "07", "CVE_MUN": "112", "NOMGEO": "San Juan Cancuc", "estado_nombre": "Chiapas" }, "geometry": { "type": "Point", "coordinates": [ -92.39166785858184, 16.930159970526464 ] } },
{ "type": "Feature", "properties": { "CVEGEO": "07087", "CVE_ENT": "07", "CVE_MUN": "087", "NOMGEO": "Suchiate", "estado_nombre": "Chiapas" }, "geometry": { "type": "Point", "coordinates": [ -92.227156113222421, 14.63936746124311 ] } },
{ "type": "Feature", "properties": { "CVEGEO": "07113", "CVE_ENT": "07", "CVE_MUN": "113", "NOMGEO": "Aldama", "estado_nombre": "Chiapas" }, "geometry": { "type": "Point", "coordinates": [ -92.690176057532625, 16.921830925441924 ] } },
{ "type": "Feature", "properties": { "CVEGEO": "07115", "CVE_ENT": "07", "CVE_MUN": "115", "NOMGEO": "Maravilla Tenejapa", "estado_nombre": "Chiapas" }, "geometry": { "type": "Point", "coordinates": [ -91.248594873004521, 16.199193934099039 ] } },
{ "type": "Feature", "properties": { "CVEGEO": "07117", "CVE_ENT": "07", "CVE_MUN": "117", "NOMGEO": "Montecristo de Guerrero", "estado_nombre": "Chiapas" }, "geometry": { "type": "Point", "coordinates": [ -92.664390424840789, 15.671677652563343 ] } },
{ "type": "Feature", "properties": { "CVEGEO": "07118", "CVE_ENT": "07", "CVE_MUN": "118", "NOMGEO": "San Andrés Duraznal", "estado_nombre": "Chiapas" }, "geometry": { "type": "Point", "coordinates": [ -92.803089843246582, 17.154014454423169 ] } },
{ "type": "Feature", "properties": { "CVEGEO": "07047", "CVE_ENT": "07", "CVE_MUN": "047", "NOMGEO": "Jitotol", "estado_nombre": "Chiapas" }, "geometry": { "type": "Point", "coordinates": [ -92.874308559417329, 17.089514147308968 ] } },
{ "type": "Feature", "properties": { "CVEGEO": "07092", "CVE_ENT": "07", "CVE_MUN": "092", "NOMGEO": "Tecpatán", "estado_nombre": "Chiapas" }, "geometry": { "type": "Point", "coordinates": [ -93.395462571724337, 17.172954154798504 ] } },
{ "type": "Feature", "properties": { "CVEGEO": "07018", "CVE_ENT": "07", "CVE_MUN": "018", "NOMGEO": "Coapilla", "estado_nombre": "Chiapas" }, "geometry": { "type": "Point", "coordinates": [ -93.126078423526906, 17.12057489653041 ] } },
{ "type": "Feature", "properties": { "CVEGEO": "07059", "CVE_ENT": "07", "CVE_MUN": "059", "NOMGEO": "Ocosingo", "estado_nombre": "Chiapas" }, "geometry": { "type": "Point", "coordinates": [ -91.33749873576798, 16.702093877656946 ] } },
{ "type": "Feature", "properties": { "CVEGEO": "07061", "CVE_ENT": "07", "CVE_MUN": "061", "NOMGEO": "Ocozocoautla de Espinosa", "estado_nombre": "Chiapas" }, "geometry": { "type": "Point", "coordinates": [ -93.490945855253017, 16.82629463591876 ] } },
{ "type": "Feature", "properties": { "CVEGEO": "07064", "CVE_ENT": "07", "CVE_MUN": "064", "NOMGEO": "Oxchuc", "estado_nombre": "Chiapas" }, "geometry": { "type": "Point", "coordinates": [ -92.27478655349644, 16.780998002776627 ] } },
{ "type": "Feature", "properties": { "CVEGEO": "07066", "CVE_ENT": "07", "CVE_MUN": "066", "NOMGEO": "Pantelhó", "estado_nombre": "Chiapas" }, "geometry": { "type": "Point", "coordinates": [ -92.464065405228141, 17.060103478790211 ] } },
{ "type": "Feature", "properties": { "CVEGEO": "07071", "CVE_ENT": "07", "CVE_MUN": "071", "NOMGEO": "Villa Comaltitlán", "estado_nombre": "Chiapas" }, "geometry": { "type": "Point", "coordinates": [ -92.619566472612135, 15.16542248959402 ] } },
{ "type": "Feature", "properties": { "CVEGEO": "07078", "CVE_ENT": "07", "CVE_MUN": "078", "NOMGEO": "San Cristóbal de las Casas", "estado_nombre": "Chiapas" }, "geometry": { "type": "Point", "coordinates": [ -92.589946060673398, 16.678297112033963 ] } },
{ "type": "Feature", "properties": { "CVEGEO": "07032", "CVE_ENT": "07", "CVE_MUN": "032", "NOMGEO": "Escuintla", "estado_nombre": "Chiapas" }, "geometry": { "type": "Point", "coordinates": [ -92.55816842690939, 15.36443247167295 ] } },
{ "type": "Feature", "properties": { "CVEGEO": "07125", "CVE_ENT": "07", "CVE_MUN": "125", "NOMGEO": "Honduras de la Sierra", "estado_nombre": "Chiapas" }, "geometry": { "type": "Point", "coordinates": [ -92.465113060990276, 15.567626109792217 ] } },
{ "type": "Feature", "properties": { "CVEGEO": "07035", "CVE_ENT": "07", "CVE_MUN": "035", "NOMGEO": "Frontera Hidalgo", "estado_nombre": "Chiapas" }, "geometry": { "type": "Point", "coordinates": [ -92.213199020013093, 14.75000927597652 ] } },
{ "type": "Feature", "properties": { "CVEGEO": "07062", "CVE_ENT": "07", "CVE_MUN": "062", "NOMGEO": "Ostuacán", "estado_nombre": "Chiapas" }, "geometry": { "type": "Point", "coordinates": [ -93.399569641163509, 17.432415318743757 ] } },
{ "type": "Feature", "properties": { "CVEGEO": "07037", "CVE_ENT": "07", "CVE_MUN": "037", "NOMGEO": "Huehuetán", "estado_nombre": "Chiapas" }, "geometry": { "type": "Point", "coordinates": [ -92.423773258318903, 15.009404000057383 ] } },
{ "type": "Feature", "properties": { "CVEGEO": "07068", "CVE_ENT": "07", "CVE_MUN": "068", "NOMGEO": "Pichucalco", "estado_nombre": "Chiapas" }, "geometry": { "type": "Point", "coordinates": [ -93.199140783289678, 17.530576527659289 ] } },
{ "type": "Feature", "properties": { "CVEGEO": "07074", "CVE_ENT": "07", "CVE_MUN": "074", "NOMGEO": "Reforma", "estado_nombre": "Chiapas" }, "geometry": { "type": "Point", "coordinates": [ -93.229380578613473, 17.864223312659092 ] } },
{ "type": "Feature", "properties": { "CVEGEO": "07082", "CVE_ENT": "07", "CVE_MUN": "082", "NOMGEO": "Sitalá", "estado_nombre": "Chiapas" }, "geometry": { "type": "Point", "coordinates": [ -92.348289521963352, 17.037265983297956 ] } },
{ "type": "Feature", "properties": { "CVEGEO": "07083", "CVE_ENT": "07", "CVE_MUN": "083", "NOMGEO": "Socoltenango", "estado_nombre": "Chiapas" }, "geometry": { "type": "Point", "coordinates": [ -92.375945781769317, 16.106427587962376 ] } },
{ "type": "Feature", "properties": { "CVEGEO": "07084", "CVE_ENT": "07", "CVE_MUN": "084", "NOMGEO": "Solosuchiapa", "estado_nombre": "Chiapas" }, "geometry": { "type": "Point", "coordinates": [ -93.004790641449802, 17.386992337541976 ] } },
{ "type": "Feature", "properties": { "CVEGEO": "07089", "CVE_ENT": "07", "CVE_MUN": "089", "NOMGEO": "Tapachula", "estado_nombre": "Chiapas" }, "geometry": { "type": "Point", "coordinates": [ -92.304887937765272, 14.933671839801738 ] } },
{ "type": "Feature", "properties": { "CVEGEO": "07008", "CVE_ENT": "07", "CVE_MUN": "008", "NOMGEO": "Ángel Albino Corzo", "estado_nombre": "Chiapas" }, "geometry": { "type": "Point", "coordinates": [ -92.68063657330751, 15.758279133492314 ] } },
{ "type": "Feature", "properties": { "CVEGEO": "07009", "CVE_ENT": "07", "CVE_MUN": "009", "NOMGEO": "Arriaga", "estado_nombre": "Chiapas" }, "geometry": { "type": "Point", "coordinates": [ -93.937360528339568, 16.248883900032251 ] } },
{ "type": "Feature", "properties": { "CVEGEO": "07017", "CVE_ENT": "07", "CVE_MUN": "017", "NOMGEO": "Cintalapa de Figueroa", "estado_nombre": "Chiapas" }, "geometry": { "type": "Point", "coordinates": [ -93.867471763436029, 16.712962651354864 ] } },
{ "type": "Feature", "properties": { "CVEGEO": "07116", "CVE_ENT": "07", "CVE_MUN": "116", "NOMGEO": "Marqués de Comillas", "estado_nombre": "Chiapas" }, "geometry": { "type": "Point", "coordinates": [ -90.743422933509919, 16.246350142335846 ] } },
{ "type": "Feature", "properties": { "CVEGEO": "07094", "CVE_ENT": "07", "CVE_MUN": "094", "NOMGEO": "Teopisca", "estado_nombre": "Chiapas" }, "geometry": { "type": "Point", "coordinates": [ -92.508812252296352, 16.561102933744898 ] } },
{ "type": "Feature", "properties": { "CVEGEO": "08037", "CVE_ENT": "08", "CVE_MUN": "037", "NOMGEO": "Juárez", "estado_nombre": "Chihuahua" }, "geometry": { "type": "Point", "coordinates": [ -106.564113422687853, 31.44966527842039 ] } },
{ "type": "Feature", "properties": { "CVEGEO": "08021", "CVE_ENT": "08", "CVE_MUN": "021", "NOMGEO": "Delicias", "estado_nombre": "Chihuahua" }, "geometry": { "type": "Point", "coordinates": [ -105.491859104026119, 28.119491560770538 ] } },
{ "type": "Feature", "properties": { "CVEGEO": "08019", "CVE_ENT": "08", "CVE_MUN": "019", "NOMGEO": "Chihuahua", "estado_nombre": "Chihuahua" }, "geometry": { "type": "Point", "coordinates": [ -106.232526546861905, 29.000552990944854 ] } },
{ "type": "Feature", "properties": { "CVEGEO": "08001", "CVE_ENT": "08", "CVE_MUN": "001", "NOMGEO": "Ahumada", "estado_nombre": "Chihuahua" }, "geometry": { "type": "Point", "coordinates": [ -106.380692051993378, 30.449236898594989 ] } },
{ "type": "Feature", "properties": { "CVEGEO": "08006", "CVE_ENT": "08", "CVE_MUN": "006", "NOMGEO": "Bachíniva", "estado_nombre": "Chihuahua" }, "geometry": { "type": "Point", "coordinates": [ -107.291642796093953, 28.857996675502125 ] } },
{ "type": "Feature", "properties": { "CVEGEO": "08052", "CVE_ENT": "08", "CVE_MUN": "052", "NOMGEO": "Ojinaga", "estado_nombre": "Chihuahua" }, "geometry": { "type": "Point", "coordinates": [ -104.525295923738298, 29.364219907010121 ] } },
{ "type": "Feature", "properties": { "CVEGEO": "08020", "CVE_ENT": "08", "CVE_MUN": "020", "NOMGEO": "Chínipas", "estado_nombre": "Chihuahua" }, "geometry": { "type": "Point", "coordinates": [ -108.516366070806512, 27.455956279805026 ] } },
{ "type": "Feature", "properties": { "CVEGEO": "08041", "CVE_ENT": "08", "CVE_MUN": "041", "NOMGEO": "Maguarichi", "estado_nombre": "Chihuahua" }, "geometry": { "type": "Point", "coordinates": [ -107.973295222659075, 27.836303314489694 ] } },
{ "type": "Feature", "properties": { "CVEGEO": "08055", "CVE_ENT": "08", "CVE_MUN": "055", "NOMGEO": "Rosales", "estado_nombre": "Chihuahua" }, "geometry": { "type": "Point", "coordinates": [ -105.747824659614565, 28.205049022392359 ] } },
{ "type": "Feature", "properties": { "CVEGEO": "08032", "CVE_ENT": "08", "CVE_MUN": "032", "NOMGEO": "Hidalgo del Parral", "estado_nombre": "Chihuahua" }, "geometry": { "type": "Point", "coordinates": [ -105.697036599043344, 27.129043632968401 ] } },
{ "type": "Feature", "properties": { "CVEGEO": "08017", "CVE_ENT": "08", "CVE_MUN": "017", "NOMGEO": "Cuauhtémoc", "estado_nombre": "Chihuahua" }, "geometry": { "type": "Point", "coordinates": [ -106.94869369548509, 28.723469768676079 ] } },
{ "type": "Feature", "properties": { "CVEGEO": "08043", "CVE_ENT": "08", "CVE_MUN": "043", "NOMGEO": "Matachí", "estado_nombre": "Chihuahua" }, "geometry": { "type": "Point", "coordinates": [ -107.72063251120268, 28.824100541400853 ] } },
{ "type": "Feature", "properties": { "CVEGEO": "08016", "CVE_ENT": "08", "CVE_MUN": "016", "NOMGEO": "La Cruz", "estado_nombre": "Chihuahua" }, "geometry": { "type": "Point", "coordinates": [ -105.044864455608277, 27.897653033931128 ] } },
{ "type": "Feature", "properties": { "CVEGEO": "08023", "CVE_ENT": "08", "CVE_MUN": "023", "NOMGEO": "Galeana", "estado_nombre": "Chihuahua" }, "geometry": { "type": "Point", "coordinates": [ -107.644640419923803, 30.160748909705635 ] } },
{ "type": "Feature", "properties": { "CVEGEO": "08059", "CVE_ENT": "08", "CVE_MUN": "059", "NOMGEO": "San Francisco del Oro", "estado_nombre": "Chihuahua" }, "geometry": { "type": "Point", "coordinates": [ -105.946008884820642, 26.88517207084255 ] } },
{ "type": "Feature", "properties": { "CVEGEO": "08015", "CVE_ENT": "08", "CVE_MUN": "015", "NOMGEO": "Coyame del Sotol", "estado_nombre": "Chihuahua" }, "geometry": { "type": "Point", "coordinates": [ -105.207783496200733, 29.757038774840666 ] } },
{ "type": "Feature", "properties": { "CVEGEO": "08049", "CVE_ENT": "08", "CVE_MUN": "049", "NOMGEO": "Nonoava", "estado_nombre": "Chihuahua" }, "geometry": { "type": "Point", "coordinates": [ -106.684254406999983, 27.424584667124225 ] } },
{ "type": "Feature", "properties": { "CVEGEO": "08036", "CVE_ENT": "08", "CVE_MUN": "036", "NOMGEO": "Jiménez", "estado_nombre": "Chihuahua" }, "geometry": { "type": "Point", "coordinates": [ -104.390702458219309, 27.08210864180392 ] } },
{ "type": "Feature", "properties": { "CVEGEO": "08060", "CVE_ENT": "08", "CVE_MUN": "060", "NOMGEO": "Santa Bárbara", "estado_nombre": "Chihuahua" }, "geometry": { "type": "Point", "coordinates": [ -105.782736097281443, 26.803782722228373 ] } },
{ "type": "Feature", "properties": { "CVEGEO": "08007", "CVE_ENT": "08", "CVE_MUN": "007", "NOMGEO": "Balleza", "estado_nombre": "Chihuahua" }, "geometry": { "type": "Point", "coordinates": [ -106.542942263726545, 26.753062440034363 ] } },
{ "type": "Feature", "properties": { "CVEGEO": "08008", "CVE_ENT": "08", "CVE_MUN": "008", "NOMGEO": "Batopilas de Manuel Gómez Morín", "estado_nombre": "Chihuahua" }, "geometry": { "type": "Point", "coordinates": [ -107.69329648490519, 26.945450115592461 ] } },
{ "type": "Feature", "properties": { "CVEGEO": "08051", "CVE_ENT": "08", "CVE_MUN": "051", "NOMGEO": "Ocampo", "estado_nombre": "Chihuahua" }, "geometry": { "type": "Point", "coordinates": [ -108.204803993492661, 28.153630443645742 ] } },
{ "type": "Feature", "properties": { "CVEGEO": "08067", "CVE_ENT": "08", "CVE_MUN": "067", "NOMGEO": "Valle de Zaragoza", "estado_nombre": "Chihuahua" }, "geometry": { "type": "Point", "coordinates": [ -105.808327668094648, 27.487054439661023 ] } },
{ "type": "Feature", "properties": { "CVEGEO": "08062", "CVE_ENT": "08", "CVE_MUN": "062", "NOMGEO": "Saucillo", "estado_nombre": "Chihuahua" }, "geometry": { "type": "Point", "coordinates": [ -105.34302964854804, 28.001089372163417 ] } },
{ "type": "Feature", "properties": { "CVEGEO": "08061", "CVE_ENT": "08", "CVE_MUN": "061", "NOMGEO": "Satevó", "estado_nombre": "Chihuahua" }, "geometry": { "type": "Point", "coordinates": [ -106.193086125144632, 27.778617648753357 ] } },
{ "type": "Feature", "properties": { "CVEGEO": "08029", "CVE_ENT": "08", "CVE_MUN": "029", "NOMGEO": "Guadalupe y Calvo", "estado_nombre": "Chihuahua" }, "geometry": { "type": "Point", "coordinates": [ -107.033936809638121, 26.16798033250334 ] } },
{ "type": "Feature", "properties": { "CVEGEO": "08003", "CVE_ENT": "08", "CVE_MUN": "003", "NOMGEO": "Allende", "estado_nombre": "Chihuahua" }, "geometry": { "type": "Point", "coordinates": [ -105.305492770012719, 27.094948432421251 ] } },
{ "type": "Feature", "properties": { "CVEGEO": "08014", "CVE_ENT": "08", "CVE_MUN": "014", "NOMGEO": "Coronado", "estado_nombre": "Chihuahua" }, "geometry": { "type": "Point", "coordinates": [ -105.069962493983056, 26.633939487532132 ] } },
{ "type": "Feature", "properties": { "CVEGEO": "08018", "CVE_ENT": "08", "CVE_MUN": "018", "NOMGEO": "Cusihuiriachi", "estado_nombre": "Chihuahua" }, "geometry": { "type": "Point", "coordinates": [ -106.896930363279068, 28.21163419218254 ] } },
{ "type": "Feature", "properties": { "CVEGEO": "08054", "CVE_ENT": "08", "CVE_MUN": "054", "NOMGEO": "Riva Palacio", "estado_nombre": "Chihuahua" }, "geometry": { "type": "Point", "coordinates": [ -106.617045457617436, 28.806295044532263 ] } },
{ "type": "Feature", "properties": { "CVEGEO": "08058", "CVE_ENT": "08", "CVE_MUN": "058", "NOMGEO": "San Francisco de Conchos", "estado_nombre": "Chihuahua" }, "geometry": { "type": "Point", "coordinates": [ -105.362255785624697, 27.582127660379591 ] } },
{ "type": "Feature", "properties": { "CVEGEO": "08002", "CVE_ENT": "08", "CVE_MUN": "002", "NOMGEO": "Aldama", "estado_nombre": "Chihuahua" }, "geometry": { "type": "Point", "coordinates": [ -105.588568962274451, 29.073286229964424 ] } },
{ "type": "Feature", "properties": { "CVEGEO": "08065", "CVE_ENT": "08", "CVE_MUN": "065", "NOMGEO": "Urique", "estado_nombre": "Chihuahua" }, "geometry": { "type": "Point", "coordinates": [ -107.976411593401266, 27.226301000625156 ] } },
{ "type": "Feature", "properties": { "CVEGEO": "08063", "CVE_ENT": "08", "CVE_MUN": "063", "NOMGEO": "Temósachic", "estado_nombre": "Chihuahua" }, "geometry": { "type": "Point", "coordinates": [ -108.084827747446909, 28.714774629526097 ] } },
{ "type": "Feature", "properties": { "CVEGEO": "08022", "CVE_ENT": "08", "CVE_MUN": "022", "NOMGEO": "Dr. Belisario Domínguez", "estado_nombre": "Chihuahua" }, "geometry": { "type": "Point", "coordinates": [ -106.461146860056601, 27.999971963821384 ] } },
{ "type": "Feature", "properties": { "CVEGEO": "08066", "CVE_ENT": "08", "CVE_MUN": "066", "NOMGEO": "Uruachi", "estado_nombre": "Chihuahua" }, "geometry": { "type": "Point", "coordinates": [ -108.506556023473877, 27.861640451036308 ] } },
{ "type": "Feature", "properties": { "CVEGEO": "08004", "CVE_ENT": "08", "CVE_MUN": "004", "NOMGEO": "Aquiles Serdán", "estado_nombre": "Chihuahua" }, "geometry": { "type": "Point", "coordinates": [ -105.823542702777914, 28.58222760889559 ] } },
{ "type": "Feature", "properties": { "CVEGEO": "08009", "CVE_ENT": "08", "CVE_MUN": "009", "NOMGEO": "Bocoyna", "estado_nombre": "Chihuahua" }, "geometry": { "type": "Point", "coordinates": [ -107.580117070777959, 27.807839905980288 ] } },
{ "type": "Feature", "properties": { "CVEGEO": "08010", "CVE_ENT": "08", "CVE_MUN": "010", "NOMGEO": "Buenaventura", "estado_nombre": "Chihuahua" }, "geometry": { "type": "Point", "coordinates": [ -107.121400621071601, 30.058138773166736 ] } },
{ "type": "Feature", "properties": { "CVEGEO": "08011", "CVE_ENT": "08", "CVE_MUN": "011", "NOMGEO": "Camargo", "estado_nombre": "Chihuahua" }, "geometry": { "type": "Point", "coordinates": [ -104.423656319016544, 28.033697669992542 ] } },
{ "type": "Feature", "properties": { "CVEGEO": "08012", "CVE_ENT": "08", "CVE_MUN": "012", "NOMGEO": "Carichí", "estado_nombre": "Chihuahua" }, "geometry": { "type": "Point", "coordinates": [ -107.06325055355353, 27.810145804282225 ] } },
{ "type": "Feature", "properties": { "CVEGEO": "08013", "CVE_ENT": "08", "CVE_MUN": "013", "NOMGEO": "Casas Grandes", "estado_nombre": "Chihuahua" }, "geometry": { "type": "Point", "coordinates": [ -108.202293416686018, 30.193919428385186 ] } },
{ "type": "Feature", "properties": { "CVEGEO": "08053", "CVE_ENT": "08", "CVE_MUN": "053", "NOMGEO": "Praxedis G. Guerrero", "estado_nombre": "Chihuahua" }, "geometry": { "type": "Point", "coordinates": [ -105.925883618240192, 31.23816290611715 ] } },
{ "type": "Feature", "properties": { "CVEGEO": "08057", "CVE_ENT": "08", "CVE_MUN": "057", "NOMGEO": "San Francisco de Borja", "estado_nombre": "Chihuahua" }, "geometry": { "type": "Point", "coordinates": [ -106.735186528357346, 27.892498829171672 ] } },
{ "type": "Feature", "properties": { "CVEGEO": "08044", "CVE_ENT": "08", "CVE_MUN": "044", "NOMGEO": "Matamoros", "estado_nombre": "Chihuahua" }, "geometry": { "type": "Point", "coordinates": [ -105.52291792480024, 26.725057387319833 ] } },
{ "type": "Feature", "properties": { "CVEGEO": "08031", "CVE_ENT": "08", "CVE_MUN": "031", "NOMGEO": "Guerrero", "estado_nombre": "Chihuahua" }, "geometry": { "type": "Point", "coordinates": [ -107.558053434998243, 28.385097680707975 ] } },
{ "type": "Feature", "properties": { "CVEGEO": "08056", "CVE_ENT": "08", "CVE_MUN": "056", "NOMGEO": "Valle del Rosario", "estado_nombre": "Chihuahua" }, "geometry": { "type": "Point", "coordinates": [ -106.314686408760522, 27.268898561096655 ] } },
{ "type": "Feature", "properties": { "CVEGEO": "08045", "CVE_ENT": "08", "CVE_MUN": "045", "NOMGEO": "Meoqui", "estado_nombre": "Chihuahua" }, "geometry": { "type": "Point", "coordinates": [ -105.501463513066739, 28.350623590008489 ] } },
{ "type": "Feature", "properties": { "CVEGEO": "08046", "CVE_ENT": "08", "CVE_MUN": "046", "NOMGEO": "Morelos", "estado_nombre": "Chihuahua" }, "geometry": { "type": "Point", "coordinates": [ -107.728130773705985, 26.571534894051879 ] } },
{ "type": "Feature", "properties": { "CVEGEO": "08047", "CVE_ENT": "08", "CVE_MUN": "047", "NOMGEO": "Moris", "estado_nombre": "Chihuahua" }, "geometry": { "type": "Point", "coordinates": [ -108.73725414885719, 28.152747083541897 ] } },
{ "type": "Feature", "properties": { "CVEGEO": "08025", "CVE_ENT": "08", "CVE_MUN": "025", "NOMGEO": "Gómez Farías", "estado_nombre": "Chihuahua" }, "geometry": { "type": "Point", "coordinates": [ -107.737315607763392, 29.336563231734999 ] } },
{ "type": "Feature", "properties": { "CVEGEO": "08048", "CVE_ENT": "08", "CVE_MUN": "048", "NOMGEO": "Namiquipa", "estado_nombre": "Chihuahua" }, "geometry": { "type": "Point", "coordinates": [ -107.140384490932917, 29.295260086677775 ] } },
{ "type": "Feature", "properties": { "CVEGEO": "08024", "CVE_ENT": "08", "CVE_MUN": "024", "NOMGEO": "Santa Isabel", "estado_nombre": "Chihuahua" }, "geometry": { "type": "Point", "coordinates": [ -106.34955110907714, 28.321201038998421 ] } },
{ "type": "Feature", "properties": { "CVEGEO": "08064", "CVE_ENT": "08", "CVE_MUN": "064", "NOMGEO": "El Tule", "estado_nombre": "Chihuahua" }, "geometry": { "type": "Point", "coordinates": [ -106.297437915988795, 27.045101960918593 ] } },
{ "type": "Feature", "properties": { "CVEGEO": "08050", "CVE_ENT": "08", "CVE_MUN": "050", "NOMGEO": "Nuevo Casas Grandes", "estado_nombre": "Chihuahua" }, "geometry": { "type": "Point", "coordinates": [ -107.729061452795477, 30.532849098451607 ] } },
{ "type": "Feature", "properties": { "CVEGEO": "08026", "CVE_ENT": "08", "CVE_MUN": "026", "NOMGEO": "Gran Morelos", "estado_nombre": "Chihuahua" }, "geometry": { "type": "Point", "coordinates": [ -106.569422454270537, 28.298785044968522 ] } },
{ "type": "Feature", "properties": { "CVEGEO": "08027", "CVE_ENT": "08", "CVE_MUN": "027", "NOMGEO": "Guachochi", "estado_nombre": "Chihuahua" }, "geometry": { "type": "Point", "coordinates": [ -107.247764852801595, 27.150441738713063 ] } },
{ "type": "Feature", "properties": { "CVEGEO": "08028", "CVE_ENT": "08", "CVE_MUN": "028", "NOMGEO": "Guadalupe", "estado_nombre": "Chihuahua" }, "geometry": { "type": "Point", "coordinates": [ -105.640509692760816, 30.827270113706515 ] } },
{ "type": "Feature", "properties": { "CVEGEO": "08030", "CVE_ENT": "08", "CVE_MUN": "030", "NOMGEO": "Guazapares", "estado_nombre": "Chihuahua" }, "geometry": { "type": "Point", "coordinates": [ -108.274056486021209, 27.390951520983133 ] } },
{ "type": "Feature", "properties": { "CVEGEO": "08033", "CVE_ENT": "08", "CVE_MUN": "033", "NOMGEO": "Huejotitán", "estado_nombre": "Chihuahua" }, "geometry": { "type": "Point", "coordinates": [ -106.067937747110889, 27.069318303110851 ] } },
{ "type": "Feature", "properties": { "CVEGEO": "08034", "CVE_ENT": "08", "CVE_MUN": "034", "NOMGEO": "Ignacio Zaragoza", "estado_nombre": "Chihuahua" }, "geometry": { "type": "Point", "coordinates": [ -107.723540689431275, 29.722093360376206 ] } },
{ "type": "Feature", "properties": { "CVEGEO": "08035", "CVE_ENT": "08", "CVE_MUN": "035", "NOMGEO": "Janos", "estado_nombre": "Chihuahua" }, "geometry": { "type": "Point", "coordinates": [ -108.450224458836317, 30.849352673006184 ] } },
{ "type": "Feature", "properties": { "CVEGEO": "08038", "CVE_ENT": "08", "CVE_MUN": "038", "NOMGEO": "Julimes", "estado_nombre": "Chihuahua" }, "geometry": { "type": "Point", "coordinates": [ -105.054504739353391, 28.541010741988966 ] } },
{ "type": "Feature", "properties": { "CVEGEO": "08039", "CVE_ENT": "08", "CVE_MUN": "039", "NOMGEO": "López", "estado_nombre": "Chihuahua" }, "geometry": { "type": "Point", "coordinates": [ -105.01097587756658, 26.926221353778555 ] } },
{ "type": "Feature", "properties": { "CVEGEO": "08040", "CVE_ENT": "08", "CVE_MUN": "040", "NOMGEO": "Madera", "estado_nombre": "Chihuahua" }, "geometry": { "type": "Point", "coordinates": [ -108.329323735284504, 29.326933306268447 ] } },
{ "type": "Feature", "properties": { "CVEGEO": "08042", "CVE_ENT": "08", "CVE_MUN": "042", "NOMGEO": "Manuel Benavides", "estado_nombre": "Chihuahua" }, "geometry": { "type": "Point", "coordinates": [ -103.824634527594213, 28.928897838865161 ] } },
{ "type": "Feature", "properties": { "CVEGEO": "08005", "CVE_ENT": "08", "CVE_MUN": "005", "NOMGEO": "Ascensión", "estado_nombre": "Chihuahua" }, "geometry": { "type": "Point", "coordinates": [ -107.519855165591267, 31.331974482558667 ] } },
{ "type": "Feature", "properties": { "CVEGEO": "09005", "CVE_ENT": "09", "CVE_MUN": "005", "NOMGEO": "Gustavo A. Madero", "estado_nombre": "Ciudad de México" }, "geometry": { "type": "Point", "coordinates": [ -99.115864208865446, 19.504065208489806 ] } },
{ "type": "Feature", "properties": { "CVEGEO": "09007", "CVE_ENT": "09", "CVE_MUN": "007", "NOMGEO": "Iztapalapa", "estado_nombre": "Ciudad de México" }, "geometry": { "type": "Point", "coordinates": [ -99.056798964041349, 19.349166320522908 ] } },
{ "type": "Feature", "properties": { "CVEGEO": "09015", "CVE_ENT": "09", "CVE_MUN": "015", "NOMGEO": "Cuauhtémoc", "estado_nombre": "Ciudad de México" }, "geometry": { "type": "Point", "coordinates": [ -99.149055756324458, 19.431373428823075 ] } },
{ "type": "Feature", "properties": { "CVEGEO": "09017", "CVE_ENT": "09", "CVE_MUN": "017", "NOMGEO": "Venustiano Carranza", "estado_nombre": "Ciudad de México" }, "geometry": { "type": "Point", "coordinates": [ -99.0931057980183, 19.430495455286831 ] } },
{ "type": "Feature", "properties": { "CVEGEO": "09013", "CVE_ENT": "09", "CVE_MUN": "013", "NOMGEO": "Xochimilco", "estado_nombre": "Ciudad de México" }, "geometry": { "type": "Point", "coordinates": [ -99.090363601625, 19.245145047769565 ] } },
{ "type": "Feature", "properties": { "CVEGEO": "09003", "CVE_ENT": "09", "CVE_MUN": "003", "NOMGEO": "Coyoacán", "estado_nombre": "Ciudad de México" }, "geometry": { "type": "Point", "coordinates": [ -99.150376352245942, 19.326667253605855 ] } },
{ "type": "Feature", "properties": { "CVEGEO": "09008", "CVE_ENT": "09", "CVE_MUN": "008", "NOMGEO": "La Magdalena Contreras", "estado_nombre": "Ciudad de México" }, "geometry": { "type": "Point", "coordinates": [ -99.268412905733598, 19.268976503484645 ] } },
{ "type": "Feature", "properties": { "CVEGEO": "09009", "CVE_ENT": "09", "CVE_MUN": "009", "NOMGEO": "Milpa Alta", "estado_nombre": "Ciudad de México" }, "geometry": { "type": "Point", "coordinates": [ -99.049318051657494, 19.141773426250698 ] } },
{ "type": "Feature", "properties": { "CVEGEO": "09010", "CVE_ENT": "09", "CVE_MUN": "010", "NOMGEO": "Álvaro Obregón", "estado_nombre": "Ciudad de México" }, "geometry": { "type": "Point", "coordinates": [ -99.246819711933568, 19.336175562202609 ] } },
{ "type": "Feature", "properties": { "CVEGEO": "09014", "CVE_ENT": "09", "CVE_MUN": "014", "NOMGEO": "Benito Juárez", "estado_nombre": "Ciudad de México" }, "geometry": { "type": "Point", "coordinates": [ -99.161134658093459, 19.380642416519507 ] } },
{ "type": "Feature", "properties": { "CVEGEO": "09011", "CVE_ENT": "09", "CVE_MUN": "011", "NOMGEO": "Tláhuac", "estado_nombre": "Ciudad de México" }, "geometry": { "type": "Point", "coordinates": [ -99.002821614515938, 19.276998377144864 ] } },
{ "type": "Feature", "properties": { "CVEGEO": "09006", "CVE_ENT": "09", "CVE_MUN": "006", "NOMGEO": "Iztacalco", "estado_nombre": "Ciudad de México" }, "geometry": { "type": "Point", "coordinates": [ -99.094329796333454, 19.396911897294657 ] } },
{ "type": "Feature", "properties": { "CVEGEO": "09002", "CVE_ENT": "09", "CVE_MUN": "002", "NOMGEO": "Azcapotzalco", "estado_nombre": "Ciudad de México" }, "geometry": { "type": "Point", "coordinates": [ -99.182106941676153, 19.485328614581505 ] } },
{ "type": "Feature", "properties": { "CVEGEO": "09012", "CVE_ENT": "09", "CVE_MUN": "012", "NOMGEO": "Tlalpan", "estado_nombre": "Ciudad de México" }, "geometry": { "type": "Point", "coordinates": [ -99.206220700729276, 19.198338060725185 ] } },
{ "type": "Feature", "properties": { "CVEGEO": "09004", "CVE_ENT": "09", "CVE_MUN": "004", "NOMGEO": "Cuajimalpa de Morelos", "estado_nombre": "Ciudad de México" }, "geometry": { "type": "Point", "coordinates": [ -99.310930399655689, 19.324321504381864 ] } },
{ "type": "Feature", "properties": { "CVEGEO": "09016", "CVE_ENT": "09", "CVE_MUN": "016", "NOMGEO": "Miguel Hidalgo", "estado_nombre": "Ciudad de México" }, "geometry": { "type": "Point", "coordinates": [ -99.204583545551188, 19.42806869288486 ] } },
{ "type": "Feature", "properties": { "CVEGEO": "10009", "CVE_ENT": "10", "CVE_MUN": "009", "NOMGEO": "Guanaceví", "estado_nombre": "Durango" }, "geometry": { "type": "Point", "coordinates": [ -106.067224264064208, 25.996315728122347 ] } },
{ "type": "Feature", "properties": { "CVEGEO": "10017", "CVE_ENT": "10", "CVE_MUN": "017", "NOMGEO": "Ocampo", "estado_nombre": "Durango" }, "geometry": { "type": "Point", "coordinates": [ -105.676693203553853, 26.481872941561775 ] } },
{ "type": "Feature", "properties": { "CVEGEO": "10036", "CVE_ENT": "10", "CVE_MUN": "036", "NOMGEO": "Tlahualilo", "estado_nombre": "Durango" }, "geometry": { "type": "Point", "coordinates": [ -103.625483758316193, 26.344963933099724 ] } },
{ "type": "Feature", "properties": { "CVEGEO": "10021", "CVE_ENT": "10", "CVE_MUN": "021", "NOMGEO": "Peñón Blanco", "estado_nombre": "Durango" }, "geometry": { "type": "Point", "coordinates": [ -104.082324508801292, 24.785987055119243 ] } },
{ "type": "Feature", "properties": { "CVEGEO": "10034", "CVE_ENT": "10", "CVE_MUN": "034", "NOMGEO": "Tamazula", "estado_nombre": "Durango" }, "geometry": { "type": "Point", "coordinates": [ -106.71199430539437, 24.94675712094304 ] } },
{ "type": "Feature", "properties": { "CVEGEO": "10024", "CVE_ENT": "10", "CVE_MUN": "024", "NOMGEO": "Rodeo", "estado_nombre": "Durango" }, "geometry": { "type": "Point", "coordinates": [ -104.561623690181165, 25.195303677526571 ] } },
{ "type": "Feature", "properties": { "CVEGEO": "10012", "CVE_ENT": "10", "CVE_MUN": "012", "NOMGEO": "Lerdo", "estado_nombre": "Durango" }, "geometry": { "type": "Point", "coordinates": [ -103.685834399366797, 25.477645313877609 ] } },
{ "type": "Feature", "properties": { "CVEGEO": "10039", "CVE_ENT": "10", "CVE_MUN": "039", "NOMGEO": "Nuevo Ideal", "estado_nombre": "Durango" }, "geometry": { "type": "Point", "coordinates": [ -105.038031151021514, 24.846694931878851 ] } },
{ "type": "Feature", "properties": { "CVEGEO": "10018", "CVE_ENT": "10", "CVE_MUN": "018", "NOMGEO": "El Oro", "estado_nombre": "Durango" }, "geometry": { "type": "Point", "coordinates": [ -105.215850621144781, 25.549024144282775 ] } },
{ "type": "Feature", "properties": { "CVEGEO": "10011", "CVE_ENT": "10", "CVE_MUN": "011", "NOMGEO": "Indé", "estado_nombre": "Durango" }, "geometry": { "type": "Point", "coordinates": [ -104.995537115664646, 25.726226305083252 ] } },
{ "type": "Feature", "properties": { "CVEGEO": "10005", "CVE_ENT": "10", "CVE_MUN": "005", "NOMGEO": "Durango", "estado_nombre": "Durango" }, "geometry": { "type": "Point", "coordinates": [ -104.843701241040947, 23.970482545211837 ] } },
{ "type": "Feature", "properties": { "CVEGEO": "10010", "CVE_ENT": "10", "CVE_MUN": "010", "NOMGEO": "Hidalgo", "estado_nombre": "Durango" }, "geometry": { "type": "Point", "coordinates": [ -104.817083707754946, 26.090338384456725 ] } },
{ "type": "Feature", "properties": { "CVEGEO": "10030", "CVE_ENT": "10", "CVE_MUN": "030", "NOMGEO": "San Pedro del Gallo", "estado_nombre": "Durango" }, "geometry": { "type": "Point", "coordinates": [ -104.398245065613963, 25.621899031757128 ] } },
{ "type": "Feature", "properties": { "CVEGEO": "10029", "CVE_ENT": "10", "CVE_MUN": "029", "NOMGEO": "San Luis del Cordero", "estado_nombre": "Durango" }, "geometry": { "type": "Point", "coordinates": [ -104.306485884419729, 25.376102451753123 ] } },
{ "type": "Feature", "properties": { "CVEGEO": "10023", "CVE_ENT": "10", "CVE_MUN": "023", "NOMGEO": "Pueblo Nuevo", "estado_nombre": "Durango" }, "geometry": { "type": "Point", "coordinates": [ -105.315593900641758, 23.412742547631321 ] } },
{ "type": "Feature", "properties": { "CVEGEO": "10033", "CVE_ENT": "10", "CVE_MUN": "033", "NOMGEO": "Súchil", "estado_nombre": "Durango" }, "geometry": { "type": "Point", "coordinates": [ -104.149630961921801, 23.43688304158502 ] } },
{ "type": "Feature", "properties": { "CVEGEO": "10016", "CVE_ENT": "10", "CVE_MUN": "016", "NOMGEO": "Nombre de Dios", "estado_nombre": "Durango" }, "geometry": { "type": "Point", "coordinates": [ -104.211114589020539, 23.813860264367054 ] } },
{ "type": "Feature", "properties": { "CVEGEO": "10003", "CVE_ENT": "10", "CVE_MUN": "003", "NOMGEO": "Coneto de Comonfort", "estado_nombre": "Durango" }, "geometry": { "type": "Point", "coordinates": [ -104.783741708682712, 25.033975671820539 ] } },
{ "type": "Feature", "properties": { "CVEGEO": "10004", "CVE_ENT": "10", "CVE_MUN": "004", "NOMGEO": "Cuencamé", "estado_nombre": "Durango" }, "geometry": { "type": "Point", "coordinates": [ -103.700287420832481, 24.694805577432064 ] } },
{ "type": "Feature", "properties": { "CVEGEO": "10006", "CVE_ENT": "10", "CVE_MUN": "006", "NOMGEO": "General Simón Bolívar", "estado_nombre": "Durango" }, "geometry": { "type": "Point", "coordinates": [ -103.212078576407194, 24.761513158872106 ] } },
{ "type": "Feature", "properties": { "CVEGEO": "10025", "CVE_ENT": "10", "CVE_MUN": "025", "NOMGEO": "San Bernardo", "estado_nombre": "Durango" }, "geometry": { "type": "Point", "coordinates": [ -105.672447412643095, 26.184114933394103 ] } },
{ "type": "Feature", "properties": { "CVEGEO": "10008", "CVE_ENT": "10", "CVE_MUN": "008", "NOMGEO": "Guadalupe Victoria", "estado_nombre": "Durango" }, "geometry": { "type": "Point", "coordinates": [ -104.073277922253567, 24.4126744393972 ] } },
{ "type": "Feature", "properties": { "CVEGEO": "10027", "CVE_ENT": "10", "CVE_MUN": "027", "NOMGEO": "San Juan de Guadalupe", "estado_nombre": "Durango" }, "geometry": { "type": "Point", "coordinates": [ -102.718036339152761, 24.647526128615574 ] } },
{ "type": "Feature", "properties": { "CVEGEO": "10001", "CVE_ENT": "10", "CVE_MUN": "001", "NOMGEO": "Canatlán", "estado_nombre": "Durango" }, "geometry": { "type": "Point", "coordinates": [ -104.93588622579739, 24.511115834191326 ] } },
{ "type": "Feature", "properties": { "CVEGEO": "10035", "CVE_ENT": "10", "CVE_MUN": "035", "NOMGEO": "Tepehuanes", "estado_nombre": "Durango" }, "geometry": { "type": "Point", "coordinates": [ -106.061625445131057, 25.450244163308241 ] } },
{ "type": "Feature", "properties": { "CVEGEO": "10014", "CVE_ENT": "10", "CVE_MUN": "014", "NOMGEO": "Mezquital", "estado_nombre": "Durango" }, "geometry": { "type": "Point", "coordinates": [ -104.550688121967639, 23.002113899485675 ] } },
{ "type": "Feature", "properties": { "CVEGEO": "10022", "CVE_ENT": "10", "CVE_MUN": "022", "NOMGEO": "Poanas", "estado_nombre": "Durango" }, "geometry": { "type": "Point", "coordinates": [ -104.02194767906596, 24.003555303937119 ] } },
{ "type": "Feature", "properties": { "CVEGEO": "10038", "CVE_ENT": "10", "CVE_MUN": "038", "NOMGEO": "Vicente Guerrero", "estado_nombre": "Durango" }, "geometry": { "type": "Point", "coordinates": [ -103.951054486206559, 23.733339981058542 ] } },
{ "type": "Feature", "properties": { "CVEGEO": "10037", "CVE_ENT": "10", "CVE_MUN": "037", "NOMGEO": "Topia", "estado_nombre": "Durango" }, "geometry": { "type": "Point", "coordinates": [ -106.589744309276554, 25.256762652838464 ] } },
{ "type": "Feature", "properties": { "CVEGEO": "10019", "CVE_ENT": "10", "CVE_MUN": "019", "NOMGEO": "Otáez", "estado_nombre": "Durango" }, "geometry": { "type": "Point", "coordinates": [ -105.936428706253878, 24.701449005652627 ] } },
{ "type": "Feature", "properties": { "CVEGEO": "10028", "CVE_ENT": "10", "CVE_MUN": "028", "NOMGEO": "San Juan del Río", "estado_nombre": "Durango" }, "geometry": { "type": "Point", "coordinates": [ -104.47040115135151, 24.807353372340227 ] } },
{ "type": "Feature", "properties": { "CVEGEO": "10026", "CVE_ENT": "10", "CVE_MUN": "026", "NOMGEO": "San Dimas", "estado_nombre": "Durango" }, "geometry": { "type": "Point", "coordinates": [ -105.742451255967097, 24.230372283321341 ] } },
{ "type": "Feature", "properties": { "CVEGEO": "10015", "CVE_ENT": "10", "CVE_MUN": "015", "NOMGEO": "Nazas", "estado_nombre": "Durango" }, "geometry": { "type": "Point", "coordinates": [ -104.077685861268805, 25.247098329363283 ] } },
{ "type": "Feature", "properties": { "CVEGEO": "10031", "CVE_ENT": "10", "CVE_MUN": "031", "NOMGEO": "Santa Clara", "estado_nombre": "Durango" }, "geometry": { "type": "Point", "coordinates": [ -103.413778412030567, 24.497760472177553 ] } },
{ "type": "Feature", "properties": { "CVEGEO": "10007", "CVE_ENT": "10", "CVE_MUN": "007", "NOMGEO": "Gómez Palacio", "estado_nombre": "Durango" }, "geometry": { "type": "Point", "coordinates": [ -103.490631803374185, 25.727977342545479 ] } },
{ "type": "Feature", "properties": { "CVEGEO": "10020", "CVE_ENT": "10", "CVE_MUN": "020", "NOMGEO": "Pánuco de Coronado", "estado_nombre": "Durango" }, "geometry": { "type": "Point", "coordinates": [ -104.354041787749054, 24.494857552414665 ] } },
{ "type": "Feature", "properties": { "CVEGEO": "10032", "CVE_ENT": "10", "CVE_MUN": "032", "NOMGEO": "Santiago Papasquiaro", "estado_nombre": "Durango" }, "geometry": { "type": "Point", "coordinates": [ -105.690421866533597, 24.984156968071733 ] } },
{ "type": "Feature", "properties": { "CVEGEO": "10013", "CVE_ENT": "10", "CVE_MUN": "013", "NOMGEO": "Mapimí", "estado_nombre": "Durango" }, "geometry": { "type": "Point", "coordinates": [ -104.13132849774027, 26.145998511867226 ] } },
{ "type": "Feature", "properties": { "CVEGEO": "10002", "CVE_ENT": "10", "CVE_MUN": "002", "NOMGEO": "Canelas", "estado_nombre": "Durango" }, "geometry": { "type": "Point", "coordinates": [ -106.451108017930949, 25.072722018085926 ] } },
{ "type": "Feature", "properties": { "CVEGEO": "11044", "CVE_ENT": "11", "CVE_MUN": "044", "NOMGEO": "Villagrán", "estado_nombre": "Guanajuato" }, "geometry": { "type": "Point", "coordinates": [ -100.992269733587648, 20.54163242580319 ] } },
{ "type": "Feature", "properties": { "CVEGEO": "11017", "CVE_ENT": "11", "CVE_MUN": "017", "NOMGEO": "Irapuato", "estado_nombre": "Guanajuato" }, "geometry": { "type": "Point", "coordinates": [ -101.368320763519435, 20.699813496886566 ] } },
{ "type": "Feature", "properties": { "CVEGEO": "11037", "CVE_ENT": "11", "CVE_MUN": "037", "NOMGEO": "Silao de la Victoria", "estado_nombre": "Guanajuato" }, "geometry": { "type": "Point", "coordinates": [ -101.437783628749983, 20.963115351249574 ] } },
{ "type": "Feature", "properties": { "CVEGEO": "11010", "CVE_ENT": "11", "CVE_MUN": "010", "NOMGEO": "Coroneo", "estado_nombre": "Guanajuato" }, "geometry": { "type": "Point", "coordinates": [ -100.383597849902387, 20.217000767927107 ] } },
{ "type": "Feature", "properties": { "CVEGEO": "11031", "CVE_ENT": "11", "CVE_MUN": "031", "NOMGEO": "San Francisco del Rincón", "estado_nombre": "Guanajuato" }, "geometry": { "type": "Point", "coordinates": [ -101.788519642663445, 20.91912408367018 ] } },
{ "type": "Feature", "properties": { "CVEGEO": "11015", "CVE_ENT": "11", "CVE_MUN": "015", "NOMGEO": "Guanajuato", "estado_nombre": "Guanajuato" }, "geometry": { "type": "Point", "coordinates": [ -101.237328918510983, 21.018454309175809 ] } },
{ "type": "Feature", "properties": { "CVEGEO": "11034", "CVE_ENT": "11", "CVE_MUN": "034", "NOMGEO": "Santa Catarina", "estado_nombre": "Guanajuato" }, "geometry": { "type": "Point", "coordinates": [ -100.071901818468859, 21.150677758692005 ] } },
{ "type": "Feature", "properties": { "CVEGEO": "11036", "CVE_ENT": "11", "CVE_MUN": "036", "NOMGEO": "Santiago Maravatío", "estado_nombre": "Guanajuato" }, "geometry": { "type": "Point", "coordinates": [ -100.99036436944462, 20.158233364657203 ] } },
{ "type": "Feature", "properties": { "CVEGEO": "11030", "CVE_ENT": "11", "CVE_MUN": "030", "NOMGEO": "San Felipe", "estado_nombre": "Guanajuato" }, "geometry": { "type": "Point", "coordinates": [ -101.233698876106544, 21.503200127943813 ] } },
{ "type": "Feature", "properties": { "CVEGEO": "11026", "CVE_ENT": "11", "CVE_MUN": "026", "NOMGEO": "Romita", "estado_nombre": "Guanajuato" }, "geometry": { "type": "Point", "coordinates": [ -101.595128539803085, 20.825789700852624 ] } },
{ "type": "Feature", "properties": { "CVEGEO": "11009", "CVE_ENT": "11", "CVE_MUN": "009", "NOMGEO": "Comonfort", "estado_nombre": "Guanajuato" }, "geometry": { "type": "Point", "coordinates": [ -100.791122676606335, 20.741272517285317 ] } },
{ "type": "Feature", "properties": { "CVEGEO": "11016", "CVE_ENT": "11", "CVE_MUN": "016", "NOMGEO": "Huanímaro", "estado_nombre": "Guanajuato" }, "geometry": { "type": "Point", "coordinates": [ -101.499003953680642, 20.367365449206915 ] } },
{ "type": "Feature", "properties": { "CVEGEO": "11024", "CVE_ENT": "11", "CVE_MUN": "024", "NOMGEO": "Pueblo Nuevo", "estado_nombre": "Guanajuato" }, "geometry": { "type": "Point", "coordinates": [ -101.361258757914598, 20.549927492255435 ] } },
{ "type": "Feature", "properties": { "CVEGEO": "11029", "CVE_ENT": "11", "CVE_MUN": "029", "NOMGEO": "San Diego de la Unión", "estado_nombre": "Guanajuato" }, "geometry": { "type": "Point", "coordinates": [ -100.846413726143794, 21.442165892678812 ] } },
{ "type": "Feature", "properties": { "CVEGEO": "11011", "CVE_ENT": "11", "CVE_MUN": "011", "NOMGEO": "Cortazar", "estado_nombre": "Guanajuato" }, "geometry": { "type": "Point", "coordinates": [ -100.938275375842551, 20.428847376861246 ] } },
{ "type": "Feature", "properties": { "CVEGEO": "11027", "CVE_ENT": "11", "CVE_MUN": "027", "NOMGEO": "Salamanca", "estado_nombre": "Guanajuato" }, "geometry": { "type": "Point", "coordinates": [ -101.165096103801972, 20.625110124221862 ] } },
{ "type": "Feature", "properties": { "CVEGEO": "11025", "CVE_ENT": "11", "CVE_MUN": "025", "NOMGEO": "Purísima del Rincón", "estado_nombre": "Guanajuato" }, "geometry": { "type": "Point", "coordinates": [ -101.928563059800155, 20.927515668161206 ] } },
{ "type": "Feature", "properties": { "CVEGEO": "11003", "CVE_ENT": "11", "CVE_MUN": "003", "NOMGEO": "San Miguel de Allende", "estado_nombre": "Guanajuato" }, "geometry": { "type": "Point", "coordinates": [ -100.737727385562096, 20.92525060083214 ] } },
{ "type": "Feature", "properties": { "CVEGEO": "11004", "CVE_ENT": "11", "CVE_MUN": "004", "NOMGEO": "Apaseo el Alto", "estado_nombre": "Guanajuato" }, "geometry": { "type": "Point", "coordinates": [ -100.573520070484363, 20.421841365830126 ] } },
{ "type": "Feature", "properties": { "CVEGEO": "11005", "CVE_ENT": "11", "CVE_MUN": "005", "NOMGEO": "Apaseo el Grande", "estado_nombre": "Guanajuato" }, "geometry": { "type": "Point", "coordinates": [ -100.621735757158973, 20.575511868764856 ] } },
{ "type": "Feature", "properties": { "CVEGEO": "11043", "CVE_ENT": "11", "CVE_MUN": "043", "NOMGEO": "Victoria", "estado_nombre": "Guanajuato" }, "geometry": { "type": "Point", "coordinates": [ -100.214610035605176, 21.365957265008845 ] } },
{ "type": "Feature", "properties": { "CVEGEO": "11022", "CVE_ENT": "11", "CVE_MUN": "022", "NOMGEO": "Ocampo", "estado_nombre": "Guanajuato" }, "geometry": { "type": "Point", "coordinates": [ -101.472996955776352, 21.579570500229796 ] } },
{ "type": "Feature", "properties": { "CVEGEO": "11014", "CVE_ENT": "11", "CVE_MUN": "014", "NOMGEO": "Dolores Hidalgo Cuna de la Independencia Nacional", "estado_nombre": "Guanajuato" }, "geometry": { "type": "Point", "coordinates": [ -100.934777281379112, 21.14701686462255 ] } },
{ "type": "Feature", "properties": { "CVEGEO": "11045", "CVE_ENT": "11", "CVE_MUN": "045", "NOMGEO": "Xichú", "estado_nombre": "Guanajuato" }, "geometry": { "type": "Point", "coordinates": [ -99.978521305228412, 21.356759683504755 ] } },
{ "type": "Feature", "properties": { "CVEGEO": "11001", "CVE_ENT": "11", "CVE_MUN": "001", "NOMGEO": "Abasolo", "estado_nombre": "Guanajuato" }, "geometry": { "type": "Point", "coordinates": [ -101.536011965881315, 20.533230959481806 ] } },
{ "type": "Feature", "properties": { "CVEGEO": "11033", "CVE_ENT": "11", "CVE_MUN": "033", "NOMGEO": "San Luis de la Paz", "estado_nombre": "Guanajuato" }, "geometry": { "type": "Point", "coordinates": [ -100.476249552618754, 21.399368393442803 ] } },
{ "type": "Feature", "properties": { "CVEGEO": "11006", "CVE_ENT": "11", "CVE_MUN": "006", "NOMGEO": "Atarjea", "estado_nombre": "Guanajuato" }, "geometry": { "type": "Point", "coordinates": [ -99.804444289310453, 21.265199378088656 ] } },
{ "type": "Feature", "properties": { "CVEGEO": "11002", "CVE_ENT": "11", "CVE_MUN": "002", "NOMGEO": "Acámbaro", "estado_nombre": "Guanajuato" }, "geometry": { "type": "Point", "coordinates": [ -100.751967150546321, 20.052466885595273 ] } },
{ "type": "Feature", "properties": { "CVEGEO": "11012", "CVE_ENT": "11", "CVE_MUN": "012", "NOMGEO": "Cuerámaro", "estado_nombre": "Guanajuato" }, "geometry": { "type": "Point", "coordinates": [ -101.668009587334495, 20.61522623075043 ] } },
{ "type": "Feature", "properties": { "CVEGEO": "11013", "CVE_ENT": "11", "CVE_MUN": "013", "NOMGEO": "Doctor Mora", "estado_nombre": "Guanajuato" }, "geometry": { "type": "Point", "coordinates": [ -100.359634206919608, 21.141603604640785 ] } },
{ "type": "Feature", "properties": { "CVEGEO": "11007", "CVE_ENT": "11", "CVE_MUN": "007", "NOMGEO": "Celaya", "estado_nombre": "Guanajuato" }, "geometry": { "type": "Point", "coordinates": [ -100.787864968258077, 20.537565598695391 ] } },
{ "type": "Feature", "properties": { "CVEGEO": "11019", "CVE_ENT": "11", "CVE_MUN": "019", "NOMGEO": "Jerécuaro", "estado_nombre": "Guanajuato" }, "geometry": { "type": "Point", "coordinates": [ -100.507882408255654, 20.197108330876731 ] } },
{ "type": "Feature", "properties": { "CVEGEO": "11035", "CVE_ENT": "11", "CVE_MUN": "035", "NOMGEO": "Santa Cruz de Juventino Rosas", "estado_nombre": "Guanajuato" }, "geometry": { "type": "Point", "coordinates": [ -100.994083879911187, 20.674104395767575 ] } },
{ "type": "Feature", "properties": { "CVEGEO": "11018", "CVE_ENT": "11", "CVE_MUN": "018", "NOMGEO": "Jaral del Progreso", "estado_nombre": "Guanajuato" }, "geometry": { "type": "Point", "coordinates": [ -101.052088723012886, 20.358797089266073 ] } },
{ "type": "Feature", "properties": { "CVEGEO": "11008", "CVE_ENT": "11", "CVE_MUN": "008", "NOMGEO": "Manuel Doblado", "estado_nombre": "Guanajuato" }, "geometry": { "type": "Point", "coordinates": [ -101.87978398446036, 20.712947334112258 ] } },
{ "type": "Feature", "properties": { "CVEGEO": "11041", "CVE_ENT": "11", "CVE_MUN": "041", "NOMGEO": "Uriangato", "estado_nombre": "Guanajuato" }, "geometry": { "type": "Point", "coordinates": [ -101.152615972823611, 20.119692386149261 ] } },
{ "type": "Feature", "properties": { "CVEGEO": "11028", "CVE_ENT": "11", "CVE_MUN": "028", "NOMGEO": "Salvatierra", "estado_nombre": "Guanajuato" }, "geometry": { "type": "Point", "coordinates": [ -100.915130983421705, 20.207561512971441 ] } },
{ "type": "Feature", "properties": { "CVEGEO": "11040", "CVE_ENT": "11", "CVE_MUN": "040", "NOMGEO": "Tierra Blanca", "estado_nombre": "Guanajuato" }, "geometry": { "type": "Point", "coordinates": [ -100.156006235921396, 21.032291192159416 ] } },
{ "type": "Feature", "properties": { "CVEGEO": "11042", "CVE_ENT": "11", "CVE_MUN": "042", "NOMGEO": "Valle de Santiago", "estado_nombre": "Guanajuato" }, "geometry": { "type": "Point", "coordinates": [ -101.270560928222977, 20.378328228014819 ] } },
{ "type": "Feature", "properties": { "CVEGEO": "11039", "CVE_ENT": "11", "CVE_MUN": "039", "NOMGEO": "Tarimoro", "estado_nombre": "Guanajuato" }, "geometry": { "type": "Point", "coordinates": [ -100.741496635318597, 20.296735929322139 ] } },
{ "type": "Feature", "properties": { "CVEGEO": "11032", "CVE_ENT": "11", "CVE_MUN": "032", "NOMGEO": "San José de Iturbide", "estado_nombre": "Guanajuato" }, "geometry": { "type": "Point", "coordinates": [ -100.388591714263825, 21.002321784283453 ] } },
{ "type": "Feature", "properties": { "CVEGEO": "11023", "CVE_ENT": "11", "CVE_MUN": "023", "NOMGEO": "Pénjamo", "estado_nombre": "Guanajuato" }, "geometry": { "type": "Point", "coordinates": [ -101.815845236600552, 20.401617967801407 ] } },
{ "type": "Feature", "properties": { "CVEGEO": "11038", "CVE_ENT": "11", "CVE_MUN": "038", "NOMGEO": "Tarandacuao", "estado_nombre": "Guanajuato" }, "geometry": { "type": "Point", "coordinates": [ -100.528905688685853, 20.00447958319517 ] } },
{ "type": "Feature", "properties": { "CVEGEO": "11046", "CVE_ENT": "11", "CVE_MUN": "046", "NOMGEO": "Yuriria", "estado_nombre": "Guanajuato" }, "geometry": { "type": "Point", "coordinates": [ -101.225526133412259, 20.183151011919371 ] } },
{ "type": "Feature", "properties": { "CVEGEO": "11021", "CVE_ENT": "11", "CVE_MUN": "021", "NOMGEO": "Moroleón", "estado_nombre": "Guanajuato" }, "geometry": { "type": "Point", "coordinates": [ -101.244689267778881, 20.084315618037238 ] } },
{ "type": "Feature", "properties": { "CVEGEO": "11020", "CVE_ENT": "11", "CVE_MUN": "020", "NOMGEO": "León", "estado_nombre": "Guanajuato" }, "geometry": { "type": "Point", "coordinates": [ -101.622402618938665, 21.124749249669108 ] } },
{ "type": "Feature", "properties": { "CVEGEO": "12021", "CVE_ENT": "12", "CVE_MUN": "021", "NOMGEO": "Coyuca de Benítez", "estado_nombre": "Guerrero" }, "geometry": { "type": "Point", "coordinates": [ -100.058967637522187, 17.142526661620089 ] } },
{ "type": "Feature", "properties": { "CVEGEO": "12060", "CVE_ENT": "12", "CVE_MUN": "060", "NOMGEO": "Tetipac", "estado_nombre": "Guerrero" }, "geometry": { "type": "Point", "coordinates": [ -99.671760635812205, 18.648841533177542 ] } },
{ "type": "Feature", "properties": { "CVEGEO": "12063", "CVE_ENT": "12", "CVE_MUN": "063", "NOMGEO": "Tlacoapa", "estado_nombre": "Guerrero" }, "geometry": { "type": "Point", "coordinates": [ -98.786151300077933, 17.230014274837714 ] } },
{ "type": "Feature", "properties": { "CVEGEO": "12082", "CVE_ENT": "12", "CVE_MUN": "082", "NOMGEO": "Las Vigas", "estado_nombre": "Guerrero" }, "geometry": { "type": "Point", "coordinates": [ -99.241345286448066, 16.723643941394304 ] } },
{ "type": "Feature", "properties": { "CVEGEO": "12024", "CVE_ENT": "12", "CVE_MUN": "024", "NOMGEO": "Cualác", "estado_nombre": "Guerrero" }, "geometry": { "type": "Point", "coordinates": [ -98.671262496308984, 17.7382913784833 ] } },
{ "type": "Feature", "properties": { "CVEGEO": "12058", "CVE_ENT": "12", "CVE_MUN": "058", "NOMGEO": "Teloloapan", "estado_nombre": "Guerrero" }, "geometry": { "type": "Point", "coordinates": [ -99.914074782615501, 18.358261585078267 ] } },
{ "type": "Feature", "properties": { "CVEGEO": "12010", "CVE_ENT": "12", "CVE_MUN": "010", "NOMGEO": "Atlixtac", "estado_nombre": "Guerrero" }, "geometry": { "type": "Point", "coordinates": [ -98.903045067234842, 17.514337478017385 ] } },
{ "type": "Feature", "properties": { "CVEGEO": "12011", "CVE_ENT": "12", "CVE_MUN": "011", "NOMGEO": "Atoyac de Álvarez", "estado_nombre": "Guerrero" }, "geometry": { "type": "Point", "coordinates": [ -100.342067572268306, 17.332822296354006 ] } },
{ "type": "Feature", "properties": { "CVEGEO": "12012", "CVE_ENT": "12", "CVE_MUN": "012", "NOMGEO": "Ayutla de los Libres", "estado_nombre": "Guerrero" }, "geometry": { "type": "Point", "coordinates": [ -99.116709976999573, 16.983062850063266 ] } },
{ "type": "Feature", "properties": { "CVEGEO": "12004", "CVE_ENT": "12", "CVE_MUN": "004", "NOMGEO": "Alcozauca de Guerrero", "estado_nombre": "Guerrero" }, "geometry": { "type": "Point", "coordinates": [ -98.366107308596327, 17.375899072803008 ] } },
{ "type": "Feature", "properties": { "CVEGEO": "12068", "CVE_ENT": "12", "CVE_MUN": "068", "NOMGEO": "La Unión de Isidoro Montes de Oca", "estado_nombre": "Guerrero" }, "geometry": { "type": "Point", "coordinates": [ -101.854976737646737, 18.016625432518875 ] } },
{ "type": "Feature", "properties": { "CVEGEO": "12043", "CVE_ENT": "12", "CVE_MUN": "043", "NOMGEO": "Metlatónoc", "estado_nombre": "Guerrero" }, "geometry": { "type": "Point", "coordinates": [ -98.442786845167362, 17.138100721605486 ] } },
{ "type": "Feature", "properties": { "CVEGEO": "12007", "CVE_ENT": "12", "CVE_MUN": "007", "NOMGEO": "Arcelia", "estado_nombre": "Guerrero" }, "geometry": { "type": "Point", "coordinates": [ -100.198786381720467, 18.252618969871261 ] } },
{ "type": "Feature", "properties": { "CVEGEO": "12057", "CVE_ENT": "12", "CVE_MUN": "057", "NOMGEO": "Técpan de Galeana", "estado_nombre": "Guerrero" }, "geometry": { "type": "Point", "coordinates": [ -100.744400855285022, 17.405916380284012 ] } },
{ "type": "Feature", "properties": { "CVEGEO": "12066", "CVE_ENT": "12", "CVE_MUN": "066", "NOMGEO": "Tlapa de Comonfort", "estado_nombre": "Guerrero" }, "geometry": { "type": "Point", "coordinates": [ -98.615544745469109, 17.562173810487625 ] } },
{ "type": "Feature", "properties": { "CVEGEO": "12056", "CVE_ENT": "12", "CVE_MUN": "056", "NOMGEO": "Tecoanapa", "estado_nombre": "Guerrero" }, "geometry": { "type": "Point", "coordinates": [ -99.294886764531682, 16.980454862520663 ] } },
{ "type": "Feature", "properties": { "CVEGEO": "12001", "CVE_ENT": "12", "CVE_MUN": "001", "NOMGEO": "Acapulco de Juárez", "estado_nombre": "Guerrero" }, "geometry": { "type": "Point", "coordinates": [ -99.714363389696047, 16.956980739345809 ] } },
{ "type": "Feature", "properties": { "CVEGEO": "12075", "CVE_ENT": "12", "CVE_MUN": "075", "NOMGEO": "Eduardo Neri", "estado_nombre": "Guerrero" }, "geometry": { "type": "Point", "coordinates": [ -99.609774848300674, 17.801491733882777 ] } },
{ "type": "Feature", "properties": { "CVEGEO": "12055", "CVE_ENT": "12", "CVE_MUN": "055", "NOMGEO": "Taxco de Alarcón", "estado_nombre": "Guerrero" }, "geometry": { "type": "Point", "coordinates": [ -99.597440229922256, 18.520040787363282 ] } },
{ "type": "Feature", "properties": { "CVEGEO": "12006", "CVE_ENT": "12", "CVE_MUN": "006", "NOMGEO": "Apaxtla de Castrejón", "estado_nombre": "Guerrero" }, "geometry": { "type": "Point", "coordinates": [ -99.980897414119113, 18.091231127590781 ] } },
{ "type": "Feature", "properties": { "CVEGEO": "12037", "CVE_ENT": "12", "CVE_MUN": "037", "NOMGEO": "Ixcateopan de Cuauhtémoc", "estado_nombre": "Guerrero" }, "geometry": { "type": "Point", "coordinates": [ -99.765591930664826, 18.463449836604962 ] } },
{ "type": "Feature", "properties": { "CVEGEO": "12085", "CVE_ENT": "12", "CVE_MUN": "085", "NOMGEO": "San Nicolás", "estado_nombre": "Guerrero" }, "geometry": { "type": "Point", "coordinates": [ -98.538014465415088, 16.427503073201837 ] } },
{ "type": "Feature", "properties": { "CVEGEO": "12027", "CVE_ENT": "12", "CVE_MUN": "027", "NOMGEO": "Cutzamala de Pinzón", "estado_nombre": "Guerrero" }, "geometry": { "type": "Point", "coordinates": [ -100.617916431626966, 18.659816054749296 ] } },
{ "type": "Feature", "properties": { "CVEGEO": "12015", "CVE_ENT": "12", "CVE_MUN": "015", "NOMGEO": "Buenavista de Cuéllar", "estado_nombre": "Guerrero" }, "geometry": { "type": "Point", "coordinates": [ -99.420733364608751, 18.461569859102575 ] } },
{ "type": "Feature", "properties": { "CVEGEO": "12074", "CVE_ENT": "12", "CVE_MUN": "074", "NOMGEO": "Zitlala", "estado_nombre": "Guerrero" }, "geometry": { "type": "Point", "coordinates": [ -99.185108539422174, 17.749584404862695 ] } },
{ "type": "Feature", "properties": { "CVEGEO": "12014", "CVE_ENT": "12", "CVE_MUN": "014", "NOMGEO": "Benito Juárez", "estado_nombre": "Guerrero" }, "geometry": { "type": "Point", "coordinates": [ -100.427150921299088, 17.096443810279343 ] } },
{ "type": "Feature", "properties": { "CVEGEO": "12018", "CVE_ENT": "12", "CVE_MUN": "018", "NOMGEO": "Copala", "estado_nombre": "Guerrero" }, "geometry": { "type": "Point", "coordinates": [ -98.93060185516218, 16.608021889327738 ] } },
{ "type": "Feature", "properties": { "CVEGEO": "12072", "CVE_ENT": "12", "CVE_MUN": "072", "NOMGEO": "Zapotitlán Tablas", "estado_nombre": "Guerrero" }, "geometry": { "type": "Point", "coordinates": [ -98.829523073569547, 17.324545879071646 ] } },
{ "type": "Feature", "properties": { "CVEGEO": "12009", "CVE_ENT": "12", "CVE_MUN": "009", "NOMGEO": "Atlamajalcingo del Monte", "estado_nombre": "Guerrero" }, "geometry": { "type": "Point", "coordinates": [ -98.582686013464723, 17.270239056303346 ] } },
{ "type": "Feature", "properties": { "CVEGEO": "12081", "CVE_ENT": "12", "CVE_MUN": "081", "NOMGEO": "Iliatenco", "estado_nombre": "Guerrero" }, "geometry": { "type": "Point", "coordinates": [ -98.637383982591473, 17.04823323844332 ] } },
{ "type": "Feature", "properties": { "CVEGEO": "12084", "CVE_ENT": "12", "CVE_MUN": "084", "NOMGEO": "Santa Cruz del Rincón", "estado_nombre": "Guerrero" }, "geometry": { "type": "Point", "coordinates": [ -98.744219577730661, 16.99383401552813 ] } },
{ "type": "Feature", "properties": { "CVEGEO": "12071", "CVE_ENT": "12", "CVE_MUN": "071", "NOMGEO": "Xochistlahuaca", "estado_nombre": "Guerrero" }, "geometry": { "type": "Point", "coordinates": [ -98.157268837377941, 16.869426918741617 ] } },
{ "type": "Feature", "properties": { "CVEGEO": "12070", "CVE_ENT": "12", "CVE_MUN": "070", "NOMGEO": "Xochihuehuetlán", "estado_nombre": "Guerrero" }, "geometry": { "type": "Point", "coordinates": [ -98.509297922057883, 17.904510228196415 ] } },
{ "type": "Feature", "properties": { "CVEGEO": "12083", "CVE_ENT": "12", "CVE_MUN": "083", "NOMGEO": "Ñuu Savi", "estado_nombre": "Guerrero" }, "geometry": { "type": "Point", "coordinates": [ -98.973818239386318, 16.908116240467393 ] } },
{ "type": "Feature", "properties": { "CVEGEO": "12079", "CVE_ENT": "12", "CVE_MUN": "079", "NOMGEO": "José Joaquín de Herrera", "estado_nombre": "Guerrero" }, "geometry": { "type": "Point", "coordinates": [ -98.995940060865919, 17.442634493862734 ] } },
{ "type": "Feature", "properties": { "CVEGEO": "12076", "CVE_ENT": "12", "CVE_MUN": "076", "NOMGEO": "Acatepec", "estado_nombre": "Guerrero" }, "geometry": { "type": "Point", "coordinates": [ -98.976033479833731, 17.174816463497127 ] } },
{ "type": "Feature", "properties": { "CVEGEO": "12065", "CVE_ENT": "12", "CVE_MUN": "065", "NOMGEO": "Tlalixtaquilla de Maldonado", "estado_nombre": "Guerrero" }, "geometry": { "type": "Point", "coordinates": [ -98.409195068174853, 17.571652000313076 ] } },
{ "type": "Feature", "properties": { "CVEGEO": "12073", "CVE_ENT": "12", "CVE_MUN": "073", "NOMGEO": "Zirándaro", "estado_nombre": "Guerrero" }, "geometry": { "type": "Point", "coordinates": [ -101.218226737178213, 18.34492681502369 ] } },
{ "type": "Feature", "properties": { "CVEGEO": "12064", "CVE_ENT": "12", "CVE_MUN": "064", "NOMGEO": "Tlalchapa", "estado_nombre": "Guerrero" }, "geometry": { "type": "Point", "coordinates": [ -100.435026434543303, 18.428022135382733 ] } },
{ "type": "Feature", "properties": { "CVEGEO": "12019", "CVE_ENT": "12", "CVE_MUN": "019", "NOMGEO": "Copalillo", "estado_nombre": "Guerrero" }, "geometry": { "type": "Point", "coordinates": [ -99.052042479483575, 17.982142977040983 ] } },
{ "type": "Feature", "properties": { "CVEGEO": "12005", "CVE_ENT": "12", "CVE_MUN": "005", "NOMGEO": "Alpoyeca", "estado_nombre": "Guerrero" }, "geometry": { "type": "Point", "coordinates": [ -98.510569178454432, 17.642235318581434 ] } },
{ "type": "Feature", "properties": { "CVEGEO": "12030", "CVE_ENT": "12", "CVE_MUN": "030", "NOMGEO": "Florencio Villarreal", "estado_nombre": "Guerrero" }, "geometry": { "type": "Point", "coordinates": [ -99.134219886698901, 16.692931614676546 ] } },
{ "type": "Feature", "properties": { "CVEGEO": "12069", "CVE_ENT": "12", "CVE_MUN": "069", "NOMGEO": "Xalpatláhuac", "estado_nombre": "Guerrero" }, "geometry": { "type": "Point", "coordinates": [ -98.541488774977424, 17.429809430257951 ] } },
{ "type": "Feature", "properties": { "CVEGEO": "12036", "CVE_ENT": "12", "CVE_MUN": "036", "NOMGEO": "Igualapa", "estado_nombre": "Guerrero" }, "geometry": { "type": "Point", "coordinates": [ -98.493284489146845, 16.801738277643107 ] } },
{ "type": "Feature", "properties": { "CVEGEO": "12080", "CVE_ENT": "12", "CVE_MUN": "080", "NOMGEO": "Juchitán", "estado_nombre": "Guerrero" }, "geometry": { "type": "Point", "coordinates": [ -98.677643182754736, 16.593990317246295 ] } },
{ "type": "Feature", "properties": { "CVEGEO": "12078", "CVE_ENT": "12", "CVE_MUN": "078", "NOMGEO": "Cochoapa el Grande", "estado_nombre": "Guerrero" }, "geometry": { "type": "Point", "coordinates": [ -98.42143864495803, 17.097830372915642 ] } },
{ "type": "Feature", "properties": { "CVEGEO": "12077", "CVE_ENT": "12", "CVE_MUN": "077", "NOMGEO": "Marquelia", "estado_nombre": "Guerrero" }, "geometry": { "type": "Point", "coordinates": [ -98.744847141420323, 16.640445501337719 ] } },
{ "type": "Feature", "properties": { "CVEGEO": "12023", "CVE_ENT": "12", "CVE_MUN": "023", "NOMGEO": "Cuajinicuilapa", "estado_nombre": "Guerrero" }, "geometry": { "type": "Point", "coordinates": [ -98.510455764073811, 16.47436551657982 ] } },
{ "type": "Feature", "properties": { "CVEGEO": "12048", "CVE_ENT": "12", "CVE_MUN": "048", "NOMGEO": "Petatlán", "estado_nombre": "Guerrero" }, "geometry": { "type": "Point", "coordinates": [ -101.160336155312493, 17.620025387516282 ] } },
{ "type": "Feature", "properties": { "CVEGEO": "12053", "CVE_ENT": "12", "CVE_MUN": "053", "NOMGEO": "San Marcos", "estado_nombre": "Guerrero" }, "geometry": { "type": "Point", "coordinates": [ -99.433657915516136, 16.82104381558883 ] } },
{ "type": "Feature", "properties": { "CVEGEO": "12054", "CVE_ENT": "12", "CVE_MUN": "054", "NOMGEO": "San Miguel Totolapan", "estado_nombre": "Guerrero" }, "geometry": { "type": "Point", "coordinates": [ -100.318245214825737, 17.839810167144609 ] } },
{ "type": "Feature", "properties": { "CVEGEO": "12047", "CVE_ENT": "12", "CVE_MUN": "047", "NOMGEO": "Pedro Ascencio Alquisiras", "estado_nombre": "Guerrero" }, "geometry": { "type": "Point", "coordinates": [ -99.869219177756179, 18.544664221974298 ] } },
{ "type": "Feature", "properties": { "CVEGEO": "12049", "CVE_ENT": "12", "CVE_MUN": "049", "NOMGEO": "Pilcaya", "estado_nombre": "Guerrero" }, "geometry": { "type": "Point", "coordinates": [ -99.60783004118646, 18.704232335189396 ] } },
{ "type": "Feature", "properties": { "CVEGEO": "12050", "CVE_ENT": "12", "CVE_MUN": "050", "NOMGEO": "Pungarabato", "estado_nombre": "Guerrero" }, "geometry": { "type": "Point", "coordinates": [ -100.611472493636342, 18.345624432090542 ] } },
{ "type": "Feature", "properties": { "CVEGEO": "12051", "CVE_ENT": "12", "CVE_MUN": "051", "NOMGEO": "Quechultenango", "estado_nombre": "Guerrero" }, "geometry": { "type": "Point", "coordinates": [ -99.185216922965083, 17.312822851669427 ] } },
{ "type": "Feature", "properties": { "CVEGEO": "12045", "CVE_ENT": "12", "CVE_MUN": "045", "NOMGEO": "Olinalá", "estado_nombre": "Guerrero" }, "geometry": { "type": "Point", "coordinates": [ -98.783893425855851, 17.896560603115251 ] } },
{ "type": "Feature", "properties": { "CVEGEO": "12046", "CVE_ENT": "12", "CVE_MUN": "046", "NOMGEO": "Ometepec", "estado_nombre": "Guerrero" }, "geometry": { "type": "Point", "coordinates": [ -98.352816240200795, 16.661564512232321 ] } },
{ "type": "Feature", "properties": { "CVEGEO": "12040", "CVE_ENT": "12", "CVE_MUN": "040", "NOMGEO": "Leonardo Bravo", "estado_nombre": "Guerrero" }, "geometry": { "type": "Point", "coordinates": [ -99.79579386632156, 17.631935523259525 ] } },
{ "type": "Feature", "properties": { "CVEGEO": "12013", "CVE_ENT": "12", "CVE_MUN": "013", "NOMGEO": "Azoyú", "estado_nombre": "Guerrero" }, "geometry": { "type": "Point", "coordinates": [ -98.571512123758041, 16.683192846883841 ] } },
{ "type": "Feature", "properties": { "CVEGEO": "12062", "CVE_ENT": "12", "CVE_MUN": "062", "NOMGEO": "Tlacoachistlahuaca", "estado_nombre": "Guerrero" }, "geometry": { "type": "Point", "coordinates": [ -98.277120371974348, 16.939059934952152 ] } },
{ "type": "Feature", "properties": { "CVEGEO": "12041", "CVE_ENT": "12", "CVE_MUN": "041", "NOMGEO": "Malinaltepec", "estado_nombre": "Guerrero" }, "geometry": { "type": "Point", "coordinates": [ -98.695461739288987, 17.181217778353542 ] } },
{ "type": "Feature", "properties": { "CVEGEO": "12042", "CVE_ENT": "12", "CVE_MUN": "042", "NOMGEO": "Mártir de Cuilapan", "estado_nombre": "Guerrero" }, "geometry": { "type": "Point", "coordinates": [ -99.35757155509485, 17.832499183061998 ] } },
{ "type": "Feature", "properties": { "CVEGEO": "12044", "CVE_ENT": "12", "CVE_MUN": "044", "NOMGEO": "Mochitlán", "estado_nombre": "Guerrero" }, "geometry": { "type": "Point", "coordinates": [ -99.37059790562536, 17.33684138344486 ] } },
{ "type": "Feature", "properties": { "CVEGEO": "12038", "CVE_ENT": "12", "CVE_MUN": "038", "NOMGEO": "Zihuatanejo de Azueta", "estado_nombre": "Guerrero" }, "geometry": { "type": "Point", "coordinates": [ -101.434284551937523, 17.820001662287464 ] } },
{ "type": "Feature", "properties": { "CVEGEO": "12039", "CVE_ENT": "12", "CVE_MUN": "039", "NOMGEO": "Juan R. Escudero", "estado_nombre": "Guerrero" }, "geometry": { "type": "Point", "coordinates": [ -99.472925062392378, 17.14213312148128 ] } },
{ "type": "Feature", "properties": { "CVEGEO": "12002", "CVE_ENT": "12", "CVE_MUN": "002", "NOMGEO": "Ahuacuotzingo", "estado_nombre": "Guerrero" }, "geometry": { "type": "Point", "coordinates": [ -98.951372738979245, 17.752273331425823 ] } },
{ "type": "Feature", "properties": { "CVEGEO": "12003", "CVE_ENT": "12", "CVE_MUN": "003", "NOMGEO": "Ajuchitlán del Progreso", "estado_nombre": "Guerrero" }, "geometry": { "type": "Point", "coordinates": [ -100.607733884115717, 17.919015424052443 ] } },
{ "type": "Feature", "properties": { "CVEGEO": "12034", "CVE_ENT": "12", "CVE_MUN": "034", "NOMGEO": "Huitzuco de los Figueroa", "estado_nombre": "Guerrero" }, "geometry": { "type": "Point", "coordinates": [ -99.253421764061741, 18.229773734643079 ] } },
{ "type": "Feature", "properties": { "CVEGEO": "12035", "CVE_ENT": "12", "CVE_MUN": "035", "NOMGEO": "Iguala de la Independencia", "estado_nombre": "Guerrero" }, "geometry": { "type": "Point", "coordinates": [ -99.582119836242327, 18.226807588863736 ] } },
{ "type": "Feature", "properties": { "CVEGEO": "12031", "CVE_ENT": "12", "CVE_MUN": "031", "NOMGEO": "General Canuto A. Neri", "estado_nombre": "Guerrero" }, "geometry": { "type": "Point", "coordinates": [ -100.104174908979473, 18.441126057529356 ] } },
{ "type": "Feature", "properties": { "CVEGEO": "12032", "CVE_ENT": "12", "CVE_MUN": "032", "NOMGEO": "General Heliodoro Castillo", "estado_nombre": "Guerrero" }, "geometry": { "type": "Point", "coordinates": [ -100.026935508880939, 17.73380119191469 ] } },
{ "type": "Feature", "properties": { "CVEGEO": "12033", "CVE_ENT": "12", "CVE_MUN": "033", "NOMGEO": "Huamuxtitlán", "estado_nombre": "Guerrero" }, "geometry": { "type": "Point", "coordinates": [ -98.547091576860367, 17.812163296791631 ] } },
{ "type": "Feature", "properties": { "CVEGEO": "12028", "CVE_ENT": "12", "CVE_MUN": "028", "NOMGEO": "Chilapa de Álvarez", "estado_nombre": "Guerrero" }, "geometry": { "type": "Point", "coordinates": [ -99.112359562086624, 17.523691253895549 ] } },
{ "type": "Feature", "properties": { "CVEGEO": "12029", "CVE_ENT": "12", "CVE_MUN": "029", "NOMGEO": "Chilpancingo de los Bravo", "estado_nombre": "Guerrero" }, "geometry": { "type": "Point", "coordinates": [ -99.697447381867718, 17.390833538470091 ] } },
{ "type": "Feature", "properties": { "CVEGEO": "12008", "CVE_ENT": "12", "CVE_MUN": "008", "NOMGEO": "Atenango del Río", "estado_nombre": "Guerrero" }, "geometry": { "type": "Point", "coordinates": [ -99.0699586528238, 18.144375347477403 ] } },
{ "type": "Feature", "properties": { "CVEGEO": "12025", "CVE_ENT": "12", "CVE_MUN": "025", "NOMGEO": "Cuautepec", "estado_nombre": "Guerrero" }, "geometry": { "type": "Point", "coordinates": [ -98.96371295956709, 16.718538663979555 ] } },
{ "type": "Feature", "properties": { "CVEGEO": "12026", "CVE_ENT": "12", "CVE_MUN": "026", "NOMGEO": "Cuetzala del Progreso", "estado_nombre": "Guerrero" }, "geometry": { "type": "Point", "coordinates": [ -99.814701334680876, 18.12476399310648 ] } },
{ "type": "Feature", "properties": { "CVEGEO": "12059", "CVE_ENT": "12", "CVE_MUN": "059", "NOMGEO": "Tepecoacuilco de Trujano", "estado_nombre": "Guerrero" }, "geometry": { "type": "Point", "coordinates": [ -99.46939368544254, 18.100998806501536 ] } },
{ "type": "Feature", "properties": { "CVEGEO": "12061", "CVE_ENT": "12", "CVE_MUN": "061", "NOMGEO": "Tixtla de Guerrero", "estado_nombre": "Guerrero" }, "geometry": { "type": "Point", "coordinates": [ -99.367467552826341, 17.59935008951723 ] } },
{ "type": "Feature", "properties": { "CVEGEO": "12052", "CVE_ENT": "12", "CVE_MUN": "052", "NOMGEO": "San Luis Acatlán", "estado_nombre": "Guerrero" }, "geometry": { "type": "Point", "coordinates": [ -98.750459626911535, 16.877303668772921 ] } },
{ "type": "Feature", "properties": { "CVEGEO": "12067", "CVE_ENT": "12", "CVE_MUN": "067", "NOMGEO": "Tlapehuala", "estado_nombre": "Guerrero" }, "geometry": { "type": "Point", "coordinates": [ -100.453330706689471, 18.280285228474316 ] } },
{ "type": "Feature", "properties": { "CVEGEO": "12016", "CVE_ENT": "12", "CVE_MUN": "016", "NOMGEO": "Coahuayutla de José María Izazaga", "estado_nombre": "Guerrero" }, "geometry": { "type": "Point", "coordinates": [ -101.649441917614624, 18.283026216280092 ] } },
{ "type": "Feature", "properties": { "CVEGEO": "12017", "CVE_ENT": "12", "CVE_MUN": "017", "NOMGEO": "Cocula", "estado_nombre": "Guerrero" }, "geometry": { "type": "Point", "coordinates": [ -99.713663740692155, 18.132295811988815 ] } },
{ "type": "Feature", "properties": { "CVEGEO": "12020", "CVE_ENT": "12", "CVE_MUN": "020", "NOMGEO": "Copanatoyac", "estado_nombre": "Guerrero" }, "geometry": { "type": "Point", "coordinates": [ -98.701900237268291, 17.432621971873147 ] } },
{ "type": "Feature", "properties": { "CVEGEO": "12022", "CVE_ENT": "12", "CVE_MUN": "022", "NOMGEO": "Coyuca de Catalán", "estado_nombre": "Guerrero" }, "geometry": { "type": "Point", "coordinates": [ -100.929906378680869, 18.081794394173297 ] } },
{ "type": "Feature", "properties": { "CVEGEO": "13031", "CVE_ENT": "13", "CVE_MUN": "031", "NOMGEO": "Jacala de Ledezma", "estado_nombre": "Hidalgo" }, "geometry": { "type": "Point", "coordinates": [ -99.147218604941571, 20.969957589553275 ] } },
{ "type": "Feature", "properties": { "CVEGEO": "13005", "CVE_ENT": "13", "CVE_MUN": "005", "NOMGEO": "Ajacuba", "estado_nombre": "Hidalgo" }, "geometry": { "type": "Point", "coordinates": [ -99.078028246992815, 20.119826452919312 ] } },
{ "type": "Feature", "properties": { "CVEGEO": "13075", "CVE_ENT": "13", "CVE_MUN": "075", "NOMGEO": "Tolcayuca", "estado_nombre": "Hidalgo" }, "geometry": { "type": "Point", "coordinates": [ -98.923348191249161, 19.95495635283628 ] } },
{ "type": "Feature", "properties": { "CVEGEO": "13028", "CVE_ENT": "13", "CVE_MUN": "028", "NOMGEO": "Huejutla de Reyes", "estado_nombre": "Hidalgo" }, "geometry": { "type": "Point", "coordinates": [ -98.451716162664667, 21.1272350959593 ] } },
{ "type": "Feature", "properties": { "CVEGEO": "13045", "CVE_ENT": "13", "CVE_MUN": "045", "NOMGEO": "Omitlán de Juárez", "estado_nombre": "Hidalgo" }, "geometry": { "type": "Point", "coordinates": [ -98.621964725328269, 20.17374553710313 ] } },
{ "type": "Feature", "properties": { "CVEGEO": "13021", "CVE_ENT": "13", "CVE_MUN": "021", "NOMGEO": "Emiliano Zapata", "estado_nombre": "Hidalgo" }, "geometry": { "type": "Point", "coordinates": [ -98.600272456446177, 19.659296920144314 ] } },
{ "type": "Feature", "properties": { "CVEGEO": "13001", "CVE_ENT": "13", "CVE_MUN": "001", "NOMGEO": "Acatlán", "estado_nombre": "Hidalgo" }, "geometry": { "type": "Point", "coordinates": [ -98.44034803614602, 20.206423572038336 ] } },
{ "type": "Feature", "properties": { "CVEGEO": "13002", "CVE_ENT": "13", "CVE_MUN": "002", "NOMGEO": "Acaxochitlán", "estado_nombre": "Hidalgo" }, "geometry": { "type": "Point", "coordinates": [ -98.198403934194502, 20.159849469302422 ] } },
{ "type": "Feature", "properties": { "CVEGEO": "13049", "CVE_ENT": "13", "CVE_MUN": "049", "NOMGEO": "Pisaflores", "estado_nombre": "Hidalgo" }, "geometry": { "type": "Point", "coordinates": [ -98.988833017884104, 21.234488162377446 ] } },
{ "type": "Feature", "properties": { "CVEGEO": "13003", "CVE_ENT": "13", "CVE_MUN": "003", "NOMGEO": "Actopan", "estado_nombre": "Hidalgo" }, "geometry": { "type": "Point", "coordinates": [ -98.889691458843913, 20.314546777583143 ] } },
{ "type": "Feature", "properties": { "CVEGEO": "13030", "CVE_ENT": "13", "CVE_MUN": "030", "NOMGEO": "Ixmiquilpan", "estado_nombre": "Hidalgo" }, "geometry": { "type": "Point", "coordinates": [ -99.201323240472405, 20.532515074780836 ] } },
{ "type": "Feature", "properties": { "CVEGEO": "13023", "CVE_ENT": "13", "CVE_MUN": "023", "NOMGEO": "Francisco I. Madero", "estado_nombre": "Hidalgo" }, "geometry": { "type": "Point", "coordinates": [ -99.080284891690326, 20.235279255128944 ] } },
{ "type": "Feature", "properties": { "CVEGEO": "13004", "CVE_ENT": "13", "CVE_MUN": "004", "NOMGEO": "Agua Blanca de Iturbide", "estado_nombre": "Hidalgo" }, "geometry": { "type": "Point", "coordinates": [ -98.369375645030999, 20.361566586705962 ] } },
{ "type": "Feature", "properties": { "CVEGEO": "13027", "CVE_ENT": "13", "CVE_MUN": "027", "NOMGEO": "Huehuetla", "estado_nombre": "Hidalgo" }, "geometry": { "type": "Point", "coordinates": [ -98.064086791162481, 20.514158635561348 ] } },
{ "type": "Feature", "properties": { "CVEGEO": "13022", "CVE_ENT": "13", "CVE_MUN": "022", "NOMGEO": "Epazoyucan", "estado_nombre": "Hidalgo" }, "geometry": { "type": "Point", "coordinates": [ -98.643934589693572, 20.032144416197127 ] } },
{ "type": "Feature", "properties": { "CVEGEO": "13020", "CVE_ENT": "13", "CVE_MUN": "020", "NOMGEO": "Eloxochitlán", "estado_nombre": "Hidalgo" }, "geometry": { "type": "Point", "coordinates": [ -98.880334684926126, 20.741408535793859 ] } },
{ "type": "Feature", "properties": { "CVEGEO": "13074", "CVE_ENT": "13", "CVE_MUN": "074", "NOMGEO": "Tlaxcoapan", "estado_nombre": "Hidalgo" }, "geometry": { "type": "Point", "coordinates": [ -99.230981462128995, 20.096207802838283 ] } },
{ "type": "Feature", "properties": { "CVEGEO": "13070", "CVE_ENT": "13", "CVE_MUN": "070", "NOMGEO": "Tlahuelilpan", "estado_nombre": "Hidalgo" }, "geometry": { "type": "Point", "coordinates": [ -99.219080754176417, 20.131552186401152 ] } },
{ "type": "Feature", "properties": { "CVEGEO": "13018", "CVE_ENT": "13", "CVE_MUN": "018", "NOMGEO": "Chapulhuacán", "estado_nombre": "Hidalgo" }, "geometry": { "type": "Point", "coordinates": [ -98.949671452505527, 21.128437695010749 ] } },
{ "type": "Feature", "properties": { "CVEGEO": "13029", "CVE_ENT": "13", "CVE_MUN": "029", "NOMGEO": "Huichapan", "estado_nombre": "Hidalgo" }, "geometry": { "type": "Point", "coordinates": [ -99.680734411975891, 20.383817091346192 ] } },
{ "type": "Feature", "properties": { "CVEGEO": "13071", "CVE_ENT": "13", "CVE_MUN": "071", "NOMGEO": "Tlahuiltepa", "estado_nombre": "Hidalgo" }, "geometry": { "type": "Point", "coordinates": [ -98.972389284725637, 20.866592960948935 ] } },
{ "type": "Feature", "properties": { "CVEGEO": "13076", "CVE_ENT": "13", "CVE_MUN": "076", "NOMGEO": "Tula de Allende", "estado_nombre": "Hidalgo" }, "geometry": { "type": "Point", "coordinates": [ -99.376742498981315, 20.064129231889673 ] } },
{ "type": "Feature", "properties": { "CVEGEO": "13046", "CVE_ENT": "13", "CVE_MUN": "046", "NOMGEO": "San Felipe Orizatlán", "estado_nombre": "Hidalgo" }, "geometry": { "type": "Point", "coordinates": [ -98.581675164371276, 21.260333985131911 ] } },
{ "type": "Feature", "properties": { "CVEGEO": "13065", "CVE_ENT": "13", "CVE_MUN": "065", "NOMGEO": "Tetepango", "estado_nombre": "Hidalgo" }, "geometry": { "type": "Point", "coordinates": [ -99.151826400858113, 20.114406966527277 ] } },
{ "type": "Feature", "properties": { "CVEGEO": "13061", "CVE_ENT": "13", "CVE_MUN": "061", "NOMGEO": "Tepeapulco", "estado_nombre": "Hidalgo" }, "geometry": { "type": "Point", "coordinates": [ -98.494785284504857, 19.815539731836719 ] } },
{ "type": "Feature", "properties": { "CVEGEO": "13047", "CVE_ENT": "13", "CVE_MUN": "047", "NOMGEO": "Pacula", "estado_nombre": "Hidalgo" }, "geometry": { "type": "Point", "coordinates": [ -99.315412721201824, 20.999763160166061 ] } },
{ "type": "Feature", "properties": { "CVEGEO": "13078", "CVE_ENT": "13", "CVE_MUN": "078", "NOMGEO": "Xochiatipan", "estado_nombre": "Hidalgo" }, "geometry": { "type": "Point", "coordinates": [ -98.288089633672456, 20.857857114698287 ] } },
{ "type": "Feature", "properties": { "CVEGEO": "13063", "CVE_ENT": "13", "CVE_MUN": "063", "NOMGEO": "Tepeji del Río de Ocampo", "estado_nombre": "Hidalgo" }, "geometry": { "type": "Point", "coordinates": [ -99.363501106512672, 19.902666816456549 ] } },
{ "type": "Feature", "properties": { "CVEGEO": "13017", "CVE_ENT": "13", "CVE_MUN": "017", "NOMGEO": "Chapantongo", "estado_nombre": "Hidalgo" }, "geometry": { "type": "Point", "coordinates": [ -99.471647530590516, 20.263685812472556 ] } },
{ "type": "Feature", "properties": { "CVEGEO": "13083", "CVE_ENT": "13", "CVE_MUN": "083", "NOMGEO": "Zempoala", "estado_nombre": "Hidalgo" }, "geometry": { "type": "Point", "coordinates": [ -98.672338433401748, 19.923134174290102 ] } },
{ "type": "Feature", "properties": { "CVEGEO": "13072", "CVE_ENT": "13", "CVE_MUN": "072", "NOMGEO": "Tlanalapa", "estado_nombre": "Hidalgo" }, "geometry": { "type": "Point", "coordinates": [ -98.586932016298078, 19.835199208714645 ] } },
{ "type": "Feature", "properties": { "CVEGEO": "13067", "CVE_ENT": "13", "CVE_MUN": "067", "NOMGEO": "Tezontepec de Aldama", "estado_nombre": "Hidalgo" }, "geometry": { "type": "Point", "coordinates": [ -99.293281027540559, 20.178869775101383 ] } },
{ "type": "Feature", "properties": { "CVEGEO": "13026", "CVE_ENT": "13", "CVE_MUN": "026", "NOMGEO": "Huazalingo", "estado_nombre": "Hidalgo" }, "geometry": { "type": "Point", "coordinates": [ -98.48913490963956, 20.997495544106478 ] } },
{ "type": "Feature", "properties": { "CVEGEO": "13062", "CVE_ENT": "13", "CVE_MUN": "062", "NOMGEO": "Tepehuacán de Guerrero", "estado_nombre": "Hidalgo" }, "geometry": { "type": "Point", "coordinates": [ -98.832943250250494, 21.061430308222942 ] } },
{ "type": "Feature", "properties": { "CVEGEO": "13044", "CVE_ENT": "13", "CVE_MUN": "044", "NOMGEO": "Nopala de Villagrán", "estado_nombre": "Hidalgo" }, "geometry": { "type": "Point", "coordinates": [ -99.672684044655995, 20.232988522533688 ] } },
{ "type": "Feature", "properties": { "CVEGEO": "13016", "CVE_ENT": "13", "CVE_MUN": "016", "NOMGEO": "Cuautepec de Hinojosa", "estado_nombre": "Hidalgo" }, "geometry": { "type": "Point", "coordinates": [ -98.281668241946178, 19.984308436517555 ] } },
{ "type": "Feature", "properties": { "CVEGEO": "13015", "CVE_ENT": "13", "CVE_MUN": "015", "NOMGEO": "Cardonal", "estado_nombre": "Hidalgo" }, "geometry": { "type": "Point", "coordinates": [ -99.060195614235354, 20.599168670301395 ] } },
{ "type": "Feature", "properties": { "CVEGEO": "13014", "CVE_ENT": "13", "CVE_MUN": "014", "NOMGEO": "Calnali", "estado_nombre": "Hidalgo" }, "geometry": { "type": "Point", "coordinates": [ -98.54849082765115, 20.906055886972524 ] } },
{ "type": "Feature", "properties": { "CVEGEO": "13068", "CVE_ENT": "13", "CVE_MUN": "068", "NOMGEO": "Tianguistengo", "estado_nombre": "Hidalgo" }, "geometry": { "type": "Point", "coordinates": [ -98.544185373446922, 20.778785385657269 ] } },
{ "type": "Feature", "properties": { "CVEGEO": "13084", "CVE_ENT": "13", "CVE_MUN": "084", "NOMGEO": "Zimapán", "estado_nombre": "Hidalgo" }, "geometry": { "type": "Point", "coordinates": [ -99.365726717881614, 20.752878840520889 ] } },
{ "type": "Feature", "properties": { "CVEGEO": "13081", "CVE_ENT": "13", "CVE_MUN": "081", "NOMGEO": "Zacualtipán de Ángeles", "estado_nombre": "Hidalgo" }, "geometry": { "type": "Point", "coordinates": [ -98.586726048995942, 20.650747384774444 ] } },
{ "type": "Feature", "properties": { "CVEGEO": "13043", "CVE_ENT": "13", "CVE_MUN": "043", "NOMGEO": "Nicolás Flores", "estado_nombre": "Hidalgo" }, "geometry": { "type": "Point", "coordinates": [ -99.175412685092269, 20.786473467329781 ] } },
{ "type": "Feature", "properties": { "CVEGEO": "13066", "CVE_ENT": "13", "CVE_MUN": "066", "NOMGEO": "Villa de Tezontepec", "estado_nombre": "Hidalgo" }, "geometry": { "type": "Point", "coordinates": [ -98.803364470915284, 19.912822470357387 ] } },
{ "type": "Feature", "properties": { "CVEGEO": "13013", "CVE_ENT": "13", "CVE_MUN": "013", "NOMGEO": "Atotonilco de Tula", "estado_nombre": "Hidalgo" }, "geometry": { "type": "Point", "coordinates": [ -99.231376415864077, 19.973445477591973 ] } },
{ "type": "Feature", "properties": { "CVEGEO": "13025", "CVE_ENT": "13", "CVE_MUN": "025", "NOMGEO": "Huautla", "estado_nombre": "Hidalgo" }, "geometry": { "type": "Point", "coordinates": [ -98.247143966159896, 21.038256243223962 ] } },
{ "type": "Feature", "properties": { "CVEGEO": "13048", "CVE_ENT": "13", "CVE_MUN": "048", "NOMGEO": "Pachuca de Soto", "estado_nombre": "Hidalgo" }, "geometry": { "type": "Point", "coordinates": [ -98.782245222384873, 20.102092755596612 ] } },
{ "type": "Feature", "properties": { "CVEGEO": "13038", "CVE_ENT": "13", "CVE_MUN": "038", "NOMGEO": "Mineral del Chico", "estado_nombre": "Hidalgo" }, "geometry": { "type": "Point", "coordinates": [ -98.753560212880743, 20.223041830554369 ] } },
{ "type": "Feature", "properties": { "CVEGEO": "13052", "CVE_ENT": "13", "CVE_MUN": "052", "NOMGEO": "San Agustín Tlaxiaca", "estado_nombre": "Hidalgo" }, "geometry": { "type": "Point", "coordinates": [ -98.940035596582945, 20.095574768705976 ] } },
{ "type": "Feature", "properties": { "CVEGEO": "13037", "CVE_ENT": "13", "CVE_MUN": "037", "NOMGEO": "Metztitlán", "estado_nombre": "Hidalgo" }, "geometry": { "type": "Point", "coordinates": [ -98.809652919092059, 20.565446556539378 ] } },
{ "type": "Feature", "properties": { "CVEGEO": "13036", "CVE_ENT": "13", "CVE_MUN": "036", "NOMGEO": "San Agustín Metzquititlán", "estado_nombre": "Hidalgo" }, "geometry": { "type": "Point", "coordinates": [ -98.605285333633574, 20.523793289071392 ] } },
{ "type": "Feature", "properties": { "CVEGEO": "13053", "CVE_ENT": "13", "CVE_MUN": "053", "NOMGEO": "San Bartolo Tutotepec", "estado_nombre": "Hidalgo" }, "geometry": { "type": "Point", "coordinates": [ -98.191052431742762, 20.468516213694528 ] } },
{ "type": "Feature", "properties": { "CVEGEO": "13012", "CVE_ENT": "13", "CVE_MUN": "012", "NOMGEO": "Atotonilco el Grande", "estado_nombre": "Hidalgo" }, "geometry": { "type": "Point", "coordinates": [ -98.676487989244364, 20.354839869778058 ] } },
{ "type": "Feature", "properties": { "CVEGEO": "13011", "CVE_ENT": "13", "CVE_MUN": "011", "NOMGEO": "Atlapexco", "estado_nombre": "Hidalgo" }, "geometry": { "type": "Point", "coordinates": [ -98.363552764321739, 21.027310122324046 ] } },
{ "type": "Feature", "properties": { "CVEGEO": "13010", "CVE_ENT": "13", "CVE_MUN": "010", "NOMGEO": "Atitalaquia", "estado_nombre": "Hidalgo" }, "geometry": { "type": "Point", "coordinates": [ -99.221374916183905, 20.054745638762675 ] } },
{ "type": "Feature", "properties": { "CVEGEO": "13009", "CVE_ENT": "13", "CVE_MUN": "009", "NOMGEO": "El Arenal", "estado_nombre": "Hidalgo" }, "geometry": { "type": "Point", "coordinates": [ -98.882575533881749, 20.217146147608652 ] } },
{ "type": "Feature", "properties": { "CVEGEO": "13008", "CVE_ENT": "13", "CVE_MUN": "008", "NOMGEO": "Apan", "estado_nombre": "Hidalgo" }, "geometry": { "type": "Point", "coordinates": [ -98.447001101467706, 19.722904629803711 ] } },
{ "type": "Feature", "properties": { "CVEGEO": "13007", "CVE_ENT": "13", "CVE_MUN": "007", "NOMGEO": "Almoloya", "estado_nombre": "Hidalgo" }, "geometry": { "type": "Point", "coordinates": [ -98.327074684073523, 19.741622262888267 ] } },
{ "type": "Feature", "properties": { "CVEGEO": "13006", "CVE_ENT": "13", "CVE_MUN": "006", "NOMGEO": "Alfajayucan", "estado_nombre": "Hidalgo" }, "geometry": { "type": "Point", "coordinates": [ -99.405403807914894, 20.407093582099918 ] } },
{ "type": "Feature", "properties": { "CVEGEO": "13054", "CVE_ENT": "13", "CVE_MUN": "054", "NOMGEO": "San Salvador", "estado_nombre": "Hidalgo" }, "geometry": { "type": "Point", "coordinates": [ -99.04786108066105, 20.304748704893431 ] } },
{ "type": "Feature", "properties": { "CVEGEO": "13055", "CVE_ENT": "13", "CVE_MUN": "055", "NOMGEO": "Santiago de Anaya", "estado_nombre": "Hidalgo" }, "geometry": { "type": "Point", "coordinates": [ -98.982853353290182, 20.412370616819935 ] } },
{ "type": "Feature", "properties": { "CVEGEO": "13080", "CVE_ENT": "13", "CVE_MUN": "080", "NOMGEO": "Yahualica", "estado_nombre": "Hidalgo" }, "geometry": { "type": "Point", "coordinates": [ -98.383517141718002, 20.916249869254827 ] } },
{ "type": "Feature", "properties": { "CVEGEO": "13079", "CVE_ENT": "13", "CVE_MUN": "079", "NOMGEO": "Xochicoatlán", "estado_nombre": "Hidalgo" }, "geometry": { "type": "Point", "coordinates": [ -98.639578859456165, 20.79490401057441 ] } },
{ "type": "Feature", "properties": { "CVEGEO": "13035", "CVE_ENT": "13", "CVE_MUN": "035", "NOMGEO": "Metepec", "estado_nombre": "Hidalgo" }, "geometry": { "type": "Point", "coordinates": [ -98.342922579979941, 20.257814084830336 ] } },
{ "type": "Feature", "properties": { "CVEGEO": "13073", "CVE_ENT": "13", "CVE_MUN": "073", "NOMGEO": "Tlanchinol", "estado_nombre": "Hidalgo" }, "geometry": { "type": "Point", "coordinates": [ -98.648182531242398, 21.031834906649827 ] } },
{ "type": "Feature", "properties": { "CVEGEO": "13034", "CVE_ENT": "13", "CVE_MUN": "034", "NOMGEO": "Lolotla", "estado_nombre": "Hidalgo" }, "geometry": { "type": "Point", "coordinates": [ -98.723309564193485, 20.962154209985453 ] } },
{ "type": "Feature", "properties": { "CVEGEO": "13019", "CVE_ENT": "13", "CVE_MUN": "019", "NOMGEO": "Chilcuautla", "estado_nombre": "Hidalgo" }, "geometry": { "type": "Point", "coordinates": [ -99.255131051624716, 20.324319460022785 ] } },
{ "type": "Feature", "properties": { "CVEGEO": "13077", "CVE_ENT": "13", "CVE_MUN": "077", "NOMGEO": "Tulancingo de Bravo", "estado_nombre": "Hidalgo" }, "geometry": { "type": "Point", "coordinates": [ -98.350939671903674, 20.123601224140945 ] } },
{ "type": "Feature", "properties": { "CVEGEO": "13051", "CVE_ENT": "13", "CVE_MUN": "051", "NOMGEO": "Mineral de la Reforma", "estado_nombre": "Hidalgo" }, "geometry": { "type": "Point", "coordinates": [ -98.720182425688236, 20.058674794566468 ] } },
{ "type": "Feature", "properties": { "CVEGEO": "13082", "CVE_ENT": "13", "CVE_MUN": "082", "NOMGEO": "Zapotlán de Juárez", "estado_nombre": "Hidalgo" }, "geometry": { "type": "Point", "coordinates": [ -98.855299363857995, 19.992608931961168 ] } },
{ "type": "Feature", "properties": { "CVEGEO": "13064", "CVE_ENT": "13", "CVE_MUN": "064", "NOMGEO": "Tepetitlán", "estado_nombre": "Hidalgo" }, "geometry": { "type": "Point", "coordinates": [ -99.398704423172617, 20.19422035967807 ] } },
{ "type": "Feature", "properties": { "CVEGEO": "13024", "CVE_ENT": "13", "CVE_MUN": "024", "NOMGEO": "Huasca de Ocampo", "estado_nombre": "Hidalgo" }, "geometry": { "type": "Point", "coordinates": [ -98.543125621211431, 20.225907051553751 ] } },
{ "type": "Feature", "properties": { "CVEGEO": "13041", "CVE_ENT": "13", "CVE_MUN": "041", "NOMGEO": "Mixquiahuala de Juárez", "estado_nombre": "Hidalgo" }, "geometry": { "type": "Point", "coordinates": [ -99.180726226488019, 20.22385341565769 ] } },
{ "type": "Feature", "properties": { "CVEGEO": "13060", "CVE_ENT": "13", "CVE_MUN": "060", "NOMGEO": "Tenango de Doria", "estado_nombre": "Hidalgo" }, "geometry": { "type": "Point", "coordinates": [ -98.21083288245751, 20.343358143364483 ] } },
{ "type": "Feature", "properties": { "CVEGEO": "13059", "CVE_ENT": "13", "CVE_MUN": "059", "NOMGEO": "Tecozautla", "estado_nombre": "Hidalgo" }, "geometry": { "type": "Point", "coordinates": [ -99.632431877878119, 20.53926326742997 ] } },
{ "type": "Feature", "properties": { "CVEGEO": "13032", "CVE_ENT": "13", "CVE_MUN": "032", "NOMGEO": "Jaltocán", "estado_nombre": "Hidalgo" }, "geometry": { "type": "Point", "coordinates": [ -98.527572473503085, 21.148478840646465 ] } },
{ "type": "Feature", "properties": { "CVEGEO": "13058", "CVE_ENT": "13", "CVE_MUN": "058", "NOMGEO": "Tasquillo", "estado_nombre": "Hidalgo" }, "geometry": { "type": "Point", "coordinates": [ -99.375830883739965, 20.542339727644919 ] } },
{ "type": "Feature", "properties": { "CVEGEO": "13057", "CVE_ENT": "13", "CVE_MUN": "057", "NOMGEO": "Singuilucan", "estado_nombre": "Hidalgo" }, "geometry": { "type": "Point", "coordinates": [ -98.495460872218757, 19.987603219362214 ] } },
{ "type": "Feature", "properties": { "CVEGEO": "13050", "CVE_ENT": "13", "CVE_MUN": "050", "NOMGEO": "Progreso de Obregón", "estado_nombre": "Hidalgo" }, "geometry": { "type": "Point", "coordinates": [ -99.178154879346465, 20.314332926521057 ] } },
{ "type": "Feature", "properties": { "CVEGEO": "13056", "CVE_ENT": "13", "CVE_MUN": "056", "NOMGEO": "Santiago Tulantepec de Lugo Guerrero", "estado_nombre": "Hidalgo" }, "geometry": { "type": "Point", "coordinates": [ -98.392776646685093, 20.035651033921859 ] } },
{ "type": "Feature", "properties": { "CVEGEO": "13042", "CVE_ENT": "13", "CVE_MUN": "042", "NOMGEO": "Molango de Escamilla", "estado_nombre": "Hidalgo" }, "geometry": { "type": "Point", "coordinates": [ -98.776415983176065, 20.864388440537184 ] } },
{ "type": "Feature", "properties": { "CVEGEO": "13040", "CVE_ENT": "13", "CVE_MUN": "040", "NOMGEO": "La Misión", "estado_nombre": "Hidalgo" }, "geometry": { "type": "Point", "coordinates": [ -99.070511976053908, 21.070962948619069 ] } },
{ "type": "Feature", "properties": { "CVEGEO": "13069", "CVE_ENT": "13", "CVE_MUN": "069", "NOMGEO": "Tizayuca", "estado_nombre": "Hidalgo" }, "geometry": { "type": "Point", "coordinates": [ -98.961184151865069, 19.852526661594659 ] } },
{ "type": "Feature", "properties": { "CVEGEO": "13039", "CVE_ENT": "13", "CVE_MUN": "039", "NOMGEO": "Mineral del Monte", "estado_nombre": "Hidalgo" }, "geometry": { "type": "Point", "coordinates": [ -98.658831913292943, 20.140355415841253 ] } },
{ "type": "Feature", "properties": { "CVEGEO": "13033", "CVE_ENT": "13", "CVE_MUN": "033", "NOMGEO": "Juárez Hidalgo", "estado_nombre": "Hidalgo" }, "geometry": { "type": "Point", "coordinates": [ -98.835747788619429, 20.831581280018831 ] } },
{ "type": "Feature", "properties": { "CVEGEO": "14018", "CVE_ENT": "14", "CVE_MUN": "018", "NOMGEO": "La Barca", "estado_nombre": "Jalisco" }, "geometry": { "type": "Point", "coordinates": [ -102.523299695560652, 20.363827142278154 ] } },
{ "type": "Feature", "properties": { "CVEGEO": "14097", "CVE_ENT": "14", "CVE_MUN": "097", "NOMGEO": "Tlajomulco de Zúñiga", "estado_nombre": "Jalisco" }, "geometry": { "type": "Point", "coordinates": [ -103.417018934935413, 20.478237496624935 ] } },
{ "type": "Feature", "properties": { "CVEGEO": "14114", "CVE_ENT": "14", "CVE_MUN": "114", "NOMGEO": "Villa Corona", "estado_nombre": "Jalisco" }, "geometry": { "type": "Point", "coordinates": [ -103.708856885485247, 20.389645869214071 ] } },
{ "type": "Feature", "properties": { "CVEGEO": "14113", "CVE_ENT": "14", "CVE_MUN": "113", "NOMGEO": "San Gabriel", "estado_nombre": "Jalisco" }, "geometry": { "type": "Point", "coordinates": [ -103.738906508981941, 19.709911379692382 ] } },
{ "type": "Feature", "properties": { "CVEGEO": "14112", "CVE_ENT": "14", "CVE_MUN": "112", "NOMGEO": "Valle de Juárez", "estado_nombre": "Jalisco" }, "geometry": { "type": "Point", "coordinates": [ -102.972617687532633, 19.835173914547973 ] } },
{ "type": "Feature", "properties": { "CVEGEO": "14111", "CVE_ENT": "14", "CVE_MUN": "111", "NOMGEO": "Valle de Guadalupe", "estado_nombre": "Jalisco" }, "geometry": { "type": "Point", "coordinates": [ -102.650956124275822, 21.046515155711376 ] } },
{ "type": "Feature", "properties": { "CVEGEO": "14110", "CVE_ENT": "14", "CVE_MUN": "110", "NOMGEO": "Unión de Tula", "estado_nombre": "Jalisco" }, "geometry": { "type": "Point", "coordinates": [ -104.255718233258108, 19.992869291829155 ] } },
{ "type": "Feature", "properties": { "CVEGEO": "14109", "CVE_ENT": "14", "CVE_MUN": "109", "NOMGEO": "Unión de San Antonio", "estado_nombre": "Jalisco" }, "geometry": { "type": "Point", "coordinates": [ -101.997183232411075, 21.154678020150424 ] } },
{ "type": "Feature", "properties": { "CVEGEO": "14124", "CVE_ENT": "14", "CVE_MUN": "124", "NOMGEO": "Zapotlanejo", "estado_nombre": "Jalisco" }, "geometry": { "type": "Point", "coordinates": [ -103.048836848881137, 20.636047611865472 ] } },
{ "type": "Feature", "properties": { "CVEGEO": "14065", "CVE_ENT": "14", "CVE_MUN": "065", "NOMGEO": "Pihuamo", "estado_nombre": "Jalisco" }, "geometry": { "type": "Point", "coordinates": [ -103.381861874996844, 19.146550256255139 ] } },
{ "type": "Feature", "properties": { "CVEGEO": "14116", "CVE_ENT": "14", "CVE_MUN": "116", "NOMGEO": "Villa Hidalgo", "estado_nombre": "Jalisco" }, "geometry": { "type": "Point", "coordinates": [ -102.593593194036217, 21.667715874357022 ] } },
{ "type": "Feature", "properties": { "CVEGEO": "14117", "CVE_ENT": "14", "CVE_MUN": "117", "NOMGEO": "Cañadas de Obregón", "estado_nombre": "Jalisco" }, "geometry": { "type": "Point", "coordinates": [ -102.701228546062794, 21.159822607072272 ] } },
{ "type": "Feature", "properties": { "CVEGEO": "14118", "CVE_ENT": "14", "CVE_MUN": "118", "NOMGEO": "Yahualica de González Gallo", "estado_nombre": "Jalisco" }, "geometry": { "type": "Point", "coordinates": [ -102.93366077618218, 21.137936464925666 ] } },
{ "type": "Feature", "properties": { "CVEGEO": "14119", "CVE_ENT": "14", "CVE_MUN": "119", "NOMGEO": "Zacoalco de Torres", "estado_nombre": "Jalisco" }, "geometry": { "type": "Point", "coordinates": [ -103.56761312417251, 20.2339122716159 ] } },
{ "type": "Feature", "properties": { "CVEGEO": "14014", "CVE_ENT": "14", "CVE_MUN": "014", "NOMGEO": "Atoyac", "estado_nombre": "Jalisco" }, "geometry": { "type": "Point", "coordinates": [ -103.470469063217536, 19.99643921022097 ] } },
{ "type": "Feature", "properties": { "CVEGEO": "14015", "CVE_ENT": "14", "CVE_MUN": "015", "NOMGEO": "Autlán de Navarro", "estado_nombre": "Jalisco" }, "geometry": { "type": "Point", "coordinates": [ -104.31215641255983, 19.743466438952382 ] } },
{ "type": "Feature", "properties": { "CVEGEO": "14017", "CVE_ENT": "14", "CVE_MUN": "017", "NOMGEO": "Ayutla", "estado_nombre": "Jalisco" }, "geometry": { "type": "Point", "coordinates": [ -104.434822685889785, 20.050257351215897 ] } },
{ "type": "Feature", "properties": { "CVEGEO": "14043", "CVE_ENT": "14", "CVE_MUN": "043", "NOMGEO": "La Huerta", "estado_nombre": "Jalisco" }, "geometry": { "type": "Point", "coordinates": [ -104.863160105824846, 19.514633504263994 ] } },
{ "type": "Feature", "properties": { "CVEGEO": "14106", "CVE_ENT": "14", "CVE_MUN": "106", "NOMGEO": "Tuxcacuesco", "estado_nombre": "Jalisco" }, "geometry": { "type": "Point", "coordinates": [ -104.033160431614419, 19.68122188204428 ] } },
{ "type": "Feature", "properties": { "CVEGEO": "14107", "CVE_ENT": "14", "CVE_MUN": "107", "NOMGEO": "Tuxcueca", "estado_nombre": "Jalisco" }, "geometry": { "type": "Point", "coordinates": [ -103.24203624160036, 20.146898012654049 ] } },
{ "type": "Feature", "properties": { "CVEGEO": "14108", "CVE_ENT": "14", "CVE_MUN": "108", "NOMGEO": "Tuxpan", "estado_nombre": "Jalisco" }, "geometry": { "type": "Point", "coordinates": [ -103.457264369874366, 19.47902981518304 ] } },
{ "type": "Feature", "properties": { "CVEGEO": "14115", "CVE_ENT": "14", "CVE_MUN": "115", "NOMGEO": "Villa Guerrero", "estado_nombre": "Jalisco" }, "geometry": { "type": "Point", "coordinates": [ -103.686662167354854, 22.028780921246458 ] } },
{ "type": "Feature", "properties": { "CVEGEO": "14075", "CVE_ENT": "14", "CVE_MUN": "075", "NOMGEO": "San Marcos", "estado_nombre": "Jalisco" }, "geometry": { "type": "Point", "coordinates": [ -104.232049602647251, 20.824688879769315 ] } },
{ "type": "Feature", "properties": { "CVEGEO": "14077", "CVE_ENT": "14", "CVE_MUN": "077", "NOMGEO": "San Martín Hidalgo", "estado_nombre": "Jalisco" }, "geometry": { "type": "Point", "coordinates": [ -103.905136527931688, 20.449920635896003 ] } },
{ "type": "Feature", "properties": { "CVEGEO": "14078", "CVE_ENT": "14", "CVE_MUN": "078", "NOMGEO": "San Miguel el Alto", "estado_nombre": "Jalisco" }, "geometry": { "type": "Point", "coordinates": [ -102.379642187929178, 20.992594473947907 ] } },
{ "type": "Feature", "properties": { "CVEGEO": "14074", "CVE_ENT": "14", "CVE_MUN": "074", "NOMGEO": "San Julián", "estado_nombre": "Jalisco" }, "geometry": { "type": "Point", "coordinates": [ -102.163475469642407, 20.997661345451633 ] } },
{ "type": "Feature", "properties": { "CVEGEO": "14076", "CVE_ENT": "14", "CVE_MUN": "076", "NOMGEO": "San Martín de Bolaños", "estado_nombre": "Jalisco" }, "geometry": { "type": "Point", "coordinates": [ -103.784646185952766, 21.595268489262597 ] } },
{ "type": "Feature", "properties": { "CVEGEO": "14069", "CVE_ENT": "14", "CVE_MUN": "069", "NOMGEO": "Quitupan", "estado_nombre": "Jalisco" }, "geometry": { "type": "Point", "coordinates": [ -102.868241403233242, 19.804538140663229 ] } },
{ "type": "Feature", "properties": { "CVEGEO": "14123", "CVE_ENT": "14", "CVE_MUN": "123", "NOMGEO": "Zapotlán del Rey", "estado_nombre": "Jalisco" }, "geometry": { "type": "Point", "coordinates": [ -102.925001021289063, 20.460890730275967 ] } },
{ "type": "Feature", "properties": { "CVEGEO": "14122", "CVE_ENT": "14", "CVE_MUN": "122", "NOMGEO": "Zapotitlán de Vadillo", "estado_nombre": "Jalisco" }, "geometry": { "type": "Point", "coordinates": [ -103.758337153392489, 19.515572810339542 ] } },
{ "type": "Feature", "properties": { "CVEGEO": "14121", "CVE_ENT": "14", "CVE_MUN": "121", "NOMGEO": "Zapotiltic", "estado_nombre": "Jalisco" }, "geometry": { "type": "Point", "coordinates": [ -103.345780758188084, 19.621605462550495 ] } },
{ "type": "Feature", "properties": { "CVEGEO": "14120", "CVE_ENT": "14", "CVE_MUN": "120", "NOMGEO": "Zapopan", "estado_nombre": "Jalisco" }, "geometry": { "type": "Point", "coordinates": [ -103.494244743690587, 20.794466649316259 ] } },
{ "type": "Feature", "properties": { "CVEGEO": "14002", "CVE_ENT": "14", "CVE_MUN": "002", "NOMGEO": "Acatlán de Juárez", "estado_nombre": "Jalisco" }, "geometry": { "type": "Point", "coordinates": [ -103.608462233001262, 20.425187504571863 ] } },
{ "type": "Feature", "properties": { "CVEGEO": "14003", "CVE_ENT": "14", "CVE_MUN": "003", "NOMGEO": "Ahualulco de Mercado", "estado_nombre": "Jalisco" }, "geometry": { "type": "Point", "coordinates": [ -103.935361901964669, 20.711466499778503 ] } },
{ "type": "Feature", "properties": { "CVEGEO": "14005", "CVE_ENT": "14", "CVE_MUN": "005", "NOMGEO": "Amatitán", "estado_nombre": "Jalisco" }, "geometry": { "type": "Point", "coordinates": [ -103.71725191155457, 20.849989824600819 ] } },
{ "type": "Feature", "properties": { "CVEGEO": "14055", "CVE_ENT": "14", "CVE_MUN": "055", "NOMGEO": "Magdalena", "estado_nombre": "Jalisco" }, "geometry": { "type": "Point", "coordinates": [ -104.030769764452387, 20.908252208143054 ] } },
{ "type": "Feature", "properties": { "CVEGEO": "14086", "CVE_ENT": "14", "CVE_MUN": "086", "NOMGEO": "Tapalpa", "estado_nombre": "Jalisco" }, "geometry": { "type": "Point", "coordinates": [ -103.765471397938512, 19.948238650539185 ] } },
{ "type": "Feature", "properties": { "CVEGEO": "14098", "CVE_ENT": "14", "CVE_MUN": "098", "NOMGEO": "San Pedro Tlaquepaque", "estado_nombre": "Jalisco" }, "geometry": { "type": "Point", "coordinates": [ -103.347850640166186, 20.591484397966223 ] } },
{ "type": "Feature", "properties": { "CVEGEO": "14025", "CVE_ENT": "14", "CVE_MUN": "025", "NOMGEO": "Colotlán", "estado_nombre": "Jalisco" }, "geometry": { "type": "Point", "coordinates": [ -103.287201062982149, 22.091709607499755 ] } },
{ "type": "Feature", "properties": { "CVEGEO": "14027", "CVE_ENT": "14", "CVE_MUN": "027", "NOMGEO": "Cuautitlán de García Barragán", "estado_nombre": "Jalisco" }, "geometry": { "type": "Point", "coordinates": [ -104.311052958771583, 19.435631693544412 ] } },
{ "type": "Feature", "properties": { "CVEGEO": "14028", "CVE_ENT": "14", "CVE_MUN": "028", "NOMGEO": "Cuautla", "estado_nombre": "Jalisco" }, "geometry": { "type": "Point", "coordinates": [ -104.509856496118445, 20.192996434917685 ] } },
{ "type": "Feature", "properties": { "CVEGEO": "14101", "CVE_ENT": "14", "CVE_MUN": "101", "NOMGEO": "Tonalá", "estado_nombre": "Jalisco" }, "geometry": { "type": "Point", "coordinates": [ -103.214344595728008, 20.62005288890418 ] } },
{ "type": "Feature", "properties": { "CVEGEO": "14022", "CVE_ENT": "14", "CVE_MUN": "022", "NOMGEO": "Cihuatlán", "estado_nombre": "Jalisco" }, "geometry": { "type": "Point", "coordinates": [ -104.615015325086247, 19.277348472145427 ] } },
{ "type": "Feature", "properties": { "CVEGEO": "14039", "CVE_ENT": "14", "CVE_MUN": "039", "NOMGEO": "Guadalajara", "estado_nombre": "Jalisco" }, "geometry": { "type": "Point", "coordinates": [ -103.335745066258795, 20.676234338287905 ] } },
{ "type": "Feature", "properties": { "CVEGEO": "14044", "CVE_ENT": "14", "CVE_MUN": "044", "NOMGEO": "Ixtlahuacán de los Membrillos", "estado_nombre": "Jalisco" }, "geometry": { "type": "Point", "coordinates": [ -103.207377027136374, 20.39164475736516 ] } },
{ "type": "Feature", "properties": { "CVEGEO": "14051", "CVE_ENT": "14", "CVE_MUN": "051", "NOMGEO": "Juanacatlán", "estado_nombre": "Jalisco" }, "geometry": { "type": "Point", "coordinates": [ -103.135208684398819, 20.481715953285974 ] } },
{ "type": "Feature", "properties": { "CVEGEO": "14070", "CVE_ENT": "14", "CVE_MUN": "070", "NOMGEO": "El Salto", "estado_nombre": "Jalisco" }, "geometry": { "type": "Point", "coordinates": [ -103.245448618532961, 20.539024174052358 ] } },
{ "type": "Feature", "properties": { "CVEGEO": "14125", "CVE_ENT": "14", "CVE_MUN": "125", "NOMGEO": "San Ignacio Cerro Gordo", "estado_nombre": "Jalisco" }, "geometry": { "type": "Point", "coordinates": [ -102.506404666983045, 20.764607486388872 ] } },
{ "type": "Feature", "properties": { "CVEGEO": "14071", "CVE_ENT": "14", "CVE_MUN": "071", "NOMGEO": "San Cristóbal de la Barranca", "estado_nombre": "Jalisco" }, "geometry": { "type": "Point", "coordinates": [ -103.500148376719565, 21.047879053526824 ] } },
{ "type": "Feature", "properties": { "CVEGEO": "14068", "CVE_ENT": "14", "CVE_MUN": "068", "NOMGEO": "Villa Purificación", "estado_nombre": "Jalisco" }, "geometry": { "type": "Point", "coordinates": [ -104.722842647185672, 19.807190223064485 ] } },
{ "type": "Feature", "properties": { "CVEGEO": "14067", "CVE_ENT": "14", "CVE_MUN": "067", "NOMGEO": "Puerto Vallarta", "estado_nombre": "Jalisco" }, "geometry": { "type": "Point", "coordinates": [ -105.149213042038994, 20.697794029814194 ] } },
{ "type": "Feature", "properties": { "CVEGEO": "14066", "CVE_ENT": "14", "CVE_MUN": "066", "NOMGEO": "Poncitlán", "estado_nombre": "Jalisco" }, "geometry": { "type": "Point", "coordinates": [ -102.894709578844839, 20.270224324110814 ] } },
{ "type": "Feature", "properties": { "CVEGEO": "14064", "CVE_ENT": "14", "CVE_MUN": "064", "NOMGEO": "Ojuelos de Jalisco", "estado_nombre": "Jalisco" }, "geometry": { "type": "Point", "coordinates": [ -101.715116587781495, 21.810830210711746 ] } },
{ "type": "Feature", "properties": { "CVEGEO": "14063", "CVE_ENT": "14", "CVE_MUN": "063", "NOMGEO": "Ocotlán", "estado_nombre": "Jalisco" }, "geometry": { "type": "Point", "coordinates": [ -102.724050617116575, 20.397441469607969 ] } },
{ "type": "Feature", "properties": { "CVEGEO": "14062", "CVE_ENT": "14", "CVE_MUN": "062", "NOMGEO": "Mixtlán", "estado_nombre": "Jalisco" }, "geometry": { "type": "Point", "coordinates": [ -104.452917976152861, 20.508912751617274 ] } },
{ "type": "Feature", "properties": { "CVEGEO": "14061", "CVE_ENT": "14", "CVE_MUN": "061", "NOMGEO": "Mezquitic", "estado_nombre": "Jalisco" }, "geometry": { "type": "Point", "coordinates": [ -103.994427505401049, 22.222441160732906 ] } },
{ "type": "Feature", "properties": { "CVEGEO": "14060", "CVE_ENT": "14", "CVE_MUN": "060", "NOMGEO": "Mexticacán", "estado_nombre": "Jalisco" }, "geometry": { "type": "Point", "coordinates": [ -102.753534100899202, 21.263853246820926 ] } },
{ "type": "Feature", "properties": { "CVEGEO": "14059", "CVE_ENT": "14", "CVE_MUN": "059", "NOMGEO": "Mazamitla", "estado_nombre": "Jalisco" }, "geometry": { "type": "Point", "coordinates": [ -103.072534010982338, 19.89423913647413 ] } },
{ "type": "Feature", "properties": { "CVEGEO": "14058", "CVE_ENT": "14", "CVE_MUN": "058", "NOMGEO": "Mascota", "estado_nombre": "Jalisco" }, "geometry": { "type": "Point", "coordinates": [ -104.814060033462937, 20.578945885627192 ] } },
{ "type": "Feature", "properties": { "CVEGEO": "14057", "CVE_ENT": "14", "CVE_MUN": "057", "NOMGEO": "La Manzanilla de la Paz", "estado_nombre": "Jalisco" }, "geometry": { "type": "Point", "coordinates": [ -103.10783715109352, 20.021511451845395 ] } },
{ "type": "Feature", "properties": { "CVEGEO": "14056", "CVE_ENT": "14", "CVE_MUN": "056", "NOMGEO": "Santa María del Oro", "estado_nombre": "Jalisco" }, "geometry": { "type": "Point", "coordinates": [ -102.83865621747519, 19.529194745640023 ] } },
{ "type": "Feature", "properties": { "CVEGEO": "14054", "CVE_ENT": "14", "CVE_MUN": "054", "NOMGEO": "El Limón", "estado_nombre": "Jalisco" }, "geometry": { "type": "Point", "coordinates": [ -104.10031843673687, 19.840793382832391 ] } },
{ "type": "Feature", "properties": { "CVEGEO": "14053", "CVE_ENT": "14", "CVE_MUN": "053", "NOMGEO": "Lagos de Moreno", "estado_nombre": "Jalisco" }, "geometry": { "type": "Point", "coordinates": [ -101.879656571999391, 21.494012660290466 ] } },
{ "type": "Feature", "properties": { "CVEGEO": "14052", "CVE_ENT": "14", "CVE_MUN": "052", "NOMGEO": "Juchitlán", "estado_nombre": "Jalisco" }, "geometry": { "type": "Point", "coordinates": [ -104.036657124882922, 20.054242354598525 ] } },
{ "type": "Feature", "properties": { "CVEGEO": "14050", "CVE_ENT": "14", "CVE_MUN": "050", "NOMGEO": "Jocotepec", "estado_nombre": "Jalisco" }, "geometry": { "type": "Point", "coordinates": [ -103.417181293339709, 20.314511421496096 ] } },
{ "type": "Feature", "properties": { "CVEGEO": "14031", "CVE_ENT": "14", "CVE_MUN": "031", "NOMGEO": "Chimaltitán", "estado_nombre": "Jalisco" }, "geometry": { "type": "Point", "coordinates": [ -103.664948223272859, 21.731885402918039 ] } },
{ "type": "Feature", "properties": { "CVEGEO": "14049", "CVE_ENT": "14", "CVE_MUN": "049", "NOMGEO": "Jilotlán de los Dolores", "estado_nombre": "Jalisco" }, "geometry": { "type": "Point", "coordinates": [ -102.881092512279338, 19.32951890181409 ] } },
{ "type": "Feature", "properties": { "CVEGEO": "14048", "CVE_ENT": "14", "CVE_MUN": "048", "NOMGEO": "Jesús María", "estado_nombre": "Jalisco" }, "geometry": { "type": "Point", "coordinates": [ -102.119865214702699, 20.635467744598539 ] } },
{ "type": "Feature", "properties": { "CVEGEO": "14047", "CVE_ENT": "14", "CVE_MUN": "047", "NOMGEO": "Jamay", "estado_nombre": "Jalisco" }, "geometry": { "type": "Point", "coordinates": [ -102.685674524953171, 20.280130805826456 ] } },
{ "type": "Feature", "properties": { "CVEGEO": "14046", "CVE_ENT": "14", "CVE_MUN": "046", "NOMGEO": "Jalostotitlán", "estado_nombre": "Jalisco" }, "geometry": { "type": "Point", "coordinates": [ -102.489339735000144, 21.1916662244439 ] } },
{ "type": "Feature", "properties": { "CVEGEO": "14045", "CVE_ENT": "14", "CVE_MUN": "045", "NOMGEO": "Ixtlahuacán del Río", "estado_nombre": "Jalisco" }, "geometry": { "type": "Point", "coordinates": [ -103.227811732610121, 20.89856091797428 ] } },
{ "type": "Feature", "properties": { "CVEGEO": "14042", "CVE_ENT": "14", "CVE_MUN": "042", "NOMGEO": "Huejuquilla el Alto", "estado_nombre": "Jalisco" }, "geometry": { "type": "Point", "coordinates": [ -103.916212836499056, 22.583700145754026 ] } },
{ "type": "Feature", "properties": { "CVEGEO": "14041", "CVE_ENT": "14", "CVE_MUN": "041", "NOMGEO": "Huejúcar", "estado_nombre": "Jalisco" }, "geometry": { "type": "Point", "coordinates": [ -103.233985233488468, 22.318550272503106 ] } },
{ "type": "Feature", "properties": { "CVEGEO": "14040", "CVE_ENT": "14", "CVE_MUN": "040", "NOMGEO": "Hostotipaquillo", "estado_nombre": "Jalisco" }, "geometry": { "type": "Point", "coordinates": [ -104.075407545632658, 21.057464327728663 ] } },
{ "type": "Feature", "properties": { "CVEGEO": "14038", "CVE_ENT": "14", "CVE_MUN": "038", "NOMGEO": "Guachinango", "estado_nombre": "Jalisco" }, "geometry": { "type": "Point", "coordinates": [ -104.421564338579088, 20.678906118205642 ] } },
{ "type": "Feature", "properties": { "CVEGEO": "14037", "CVE_ENT": "14", "CVE_MUN": "037", "NOMGEO": "El Grullo", "estado_nombre": "Jalisco" }, "geometry": { "type": "Point", "coordinates": [ -104.195124811401755, 19.801055735239583 ] } },
{ "type": "Feature", "properties": { "CVEGEO": "14036", "CVE_ENT": "14", "CVE_MUN": "036", "NOMGEO": "Etzatlán", "estado_nombre": "Jalisco" }, "geometry": { "type": "Point", "coordinates": [ -104.123768026180656, 20.743606863147438 ] } },
{ "type": "Feature", "properties": { "CVEGEO": "14035", "CVE_ENT": "14", "CVE_MUN": "035", "NOMGEO": "Encarnación de Díaz", "estado_nombre": "Jalisco" }, "geometry": { "type": "Point", "coordinates": [ -102.191479829767559, 21.555705217258765 ] } },
{ "type": "Feature", "properties": { "CVEGEO": "14034", "CVE_ENT": "14", "CVE_MUN": "034", "NOMGEO": "Ejutla", "estado_nombre": "Jalisco" }, "geometry": { "type": "Point", "coordinates": [ -104.081622080503323, 19.912415070185066 ] } },
{ "type": "Feature", "properties": { "CVEGEO": "14033", "CVE_ENT": "14", "CVE_MUN": "033", "NOMGEO": "Degollado", "estado_nombre": "Jalisco" }, "geometry": { "type": "Point", "coordinates": [ -102.16779024345324, 20.447891769045469 ] } },
{ "type": "Feature", "properties": { "CVEGEO": "14004", "CVE_ENT": "14", "CVE_MUN": "004", "NOMGEO": "Amacueca", "estado_nombre": "Jalisco" }, "geometry": { "type": "Point", "coordinates": [ -103.622583525308059, 19.999946457234753 ] } },
{ "type": "Feature", "properties": { "CVEGEO": "14019", "CVE_ENT": "14", "CVE_MUN": "019", "NOMGEO": "Bolaños", "estado_nombre": "Jalisco" }, "geometry": { "type": "Point", "coordinates": [ -103.922811381633963, 21.876341599728939 ] } },
{ "type": "Feature", "properties": { "CVEGEO": "14001", "CVE_ENT": "14", "CVE_MUN": "001", "NOMGEO": "Acatic", "estado_nombre": "Jalisco" }, "geometry": { "type": "Point", "coordinates": [ -102.909158768137601, 20.770052699925326 ] } },
{ "type": "Feature", "properties": { "CVEGEO": "14006", "CVE_ENT": "14", "CVE_MUN": "006", "NOMGEO": "Ameca", "estado_nombre": "Jalisco" }, "geometry": { "type": "Point", "coordinates": [ -104.080543271805226, 20.5416638958493 ] } },
{ "type": "Feature", "properties": { "CVEGEO": "14007", "CVE_ENT": "14", "CVE_MUN": "007", "NOMGEO": "San Juanito de Escobedo", "estado_nombre": "Jalisco" }, "geometry": { "type": "Point", "coordinates": [ -104.006778420970932, 20.809102929031315 ] } },
{ "type": "Feature", "properties": { "CVEGEO": "14008", "CVE_ENT": "14", "CVE_MUN": "008", "NOMGEO": "Arandas", "estado_nombre": "Jalisco" }, "geometry": { "type": "Point", "coordinates": [ -102.300618368548058, 20.766437419902886 ] } },
{ "type": "Feature", "properties": { "CVEGEO": "14009", "CVE_ENT": "14", "CVE_MUN": "009", "NOMGEO": "El Arenal", "estado_nombre": "Jalisco" }, "geometry": { "type": "Point", "coordinates": [ -103.679014139725723, 20.754972563371741 ] } },
{ "type": "Feature", "properties": { "CVEGEO": "14072", "CVE_ENT": "14", "CVE_MUN": "072", "NOMGEO": "San Diego de Alejandría", "estado_nombre": "Jalisco" }, "geometry": { "type": "Point", "coordinates": [ -102.023458018289972, 20.97012188576808 ] } },
{ "type": "Feature", "properties": { "CVEGEO": "14080", "CVE_ENT": "14", "CVE_MUN": "080", "NOMGEO": "San Sebastián del Oeste", "estado_nombre": "Jalisco" }, "geometry": { "type": "Point", "coordinates": [ -104.826123323422166, 20.852453010601408 ] } },
{ "type": "Feature", "properties": { "CVEGEO": "14081", "CVE_ENT": "14", "CVE_MUN": "081", "NOMGEO": "Santa María de los Ángeles", "estado_nombre": "Jalisco" }, "geometry": { "type": "Point", "coordinates": [ -103.181281048834904, 22.193306891906346 ] } },
{ "type": "Feature", "properties": { "CVEGEO": "14082", "CVE_ENT": "14", "CVE_MUN": "082", "NOMGEO": "Sayula", "estado_nombre": "Jalisco" }, "geometry": { "type": "Point", "coordinates": [ -103.594643922235647, 19.861762030680186 ] } },
{ "type": "Feature", "properties": { "CVEGEO": "14083", "CVE_ENT": "14", "CVE_MUN": "083", "NOMGEO": "Tala", "estado_nombre": "Jalisco" }, "geometry": { "type": "Point", "coordinates": [ -103.682193573966501, 20.607420275563022 ] } },
{ "type": "Feature", "properties": { "CVEGEO": "14084", "CVE_ENT": "14", "CVE_MUN": "084", "NOMGEO": "Talpa de Allende", "estado_nombre": "Jalisco" }, "geometry": { "type": "Point", "coordinates": [ -104.953480565774754, 20.299444056441565 ] } },
{ "type": "Feature", "properties": { "CVEGEO": "14085", "CVE_ENT": "14", "CVE_MUN": "085", "NOMGEO": "Tamazula de Gordiano", "estado_nombre": "Jalisco" }, "geometry": { "type": "Point", "coordinates": [ -103.17928758536361, 19.687474697502708 ] } },
{ "type": "Feature", "properties": { "CVEGEO": "14087", "CVE_ENT": "14", "CVE_MUN": "087", "NOMGEO": "Tecalitlán", "estado_nombre": "Jalisco" }, "geometry": { "type": "Point", "coordinates": [ -103.192531014552571, 19.225297796344861 ] } },
{ "type": "Feature", "properties": { "CVEGEO": "14088", "CVE_ENT": "14", "CVE_MUN": "088", "NOMGEO": "Tecolotlán", "estado_nombre": "Jalisco" }, "geometry": { "type": "Point", "coordinates": [ -104.024182910230678, 20.259223749994558 ] } },
{ "type": "Feature", "properties": { "CVEGEO": "14089", "CVE_ENT": "14", "CVE_MUN": "089", "NOMGEO": "Techaluta de Montenegro", "estado_nombre": "Jalisco" }, "geometry": { "type": "Point", "coordinates": [ -103.575262364000622, 20.092432184821103 ] } },
{ "type": "Feature", "properties": { "CVEGEO": "14094", "CVE_ENT": "14", "CVE_MUN": "094", "NOMGEO": "Tequila", "estado_nombre": "Jalisco" }, "geometry": { "type": "Point", "coordinates": [ -103.780961919878578, 21.112460717792555 ] } },
{ "type": "Feature", "properties": { "CVEGEO": "14095", "CVE_ENT": "14", "CVE_MUN": "095", "NOMGEO": "Teuchitlán", "estado_nombre": "Jalisco" }, "geometry": { "type": "Point", "coordinates": [ -103.832388192970498, 20.679258451975048 ] } },
{ "type": "Feature", "properties": { "CVEGEO": "14096", "CVE_ENT": "14", "CVE_MUN": "096", "NOMGEO": "Tizapán el Alto", "estado_nombre": "Jalisco" }, "geometry": { "type": "Point", "coordinates": [ -103.071072549589971, 20.119622024060966 ] } },
{ "type": "Feature", "properties": { "CVEGEO": "14032", "CVE_ENT": "14", "CVE_MUN": "032", "NOMGEO": "Chiquilistlán", "estado_nombre": "Jalisco" }, "geometry": { "type": "Point", "coordinates": [ -103.88018494525214, 20.082283974222566 ] } },
{ "type": "Feature", "properties": { "CVEGEO": "14030", "CVE_ENT": "14", "CVE_MUN": "030", "NOMGEO": "Chapala", "estado_nombre": "Jalisco" }, "geometry": { "type": "Point", "coordinates": [ -103.187911244326557, 20.25986032669627 ] } },
{ "type": "Feature", "properties": { "CVEGEO": "14029", "CVE_ENT": "14", "CVE_MUN": "029", "NOMGEO": "Cuquío", "estado_nombre": "Jalisco" }, "geometry": { "type": "Point", "coordinates": [ -103.028716806874741, 20.952402288646695 ] } },
{ "type": "Feature", "properties": { "CVEGEO": "14026", "CVE_ENT": "14", "CVE_MUN": "026", "NOMGEO": "Concepción de Buenos Aires", "estado_nombre": "Jalisco" }, "geometry": { "type": "Point", "coordinates": [ -103.236428011183961, 19.982415218434191 ] } },
{ "type": "Feature", "properties": { "CVEGEO": "14024", "CVE_ENT": "14", "CVE_MUN": "024", "NOMGEO": "Cocula", "estado_nombre": "Jalisco" }, "geometry": { "type": "Point", "coordinates": [ -103.824459248871335, 20.390353179787393 ] } },
{ "type": "Feature", "properties": { "CVEGEO": "14023", "CVE_ENT": "14", "CVE_MUN": "023", "NOMGEO": "Zapotlán el Grande", "estado_nombre": "Jalisco" }, "geometry": { "type": "Point", "coordinates": [ -103.510336914871104, 19.710773666121877 ] } },
{ "type": "Feature", "properties": { "CVEGEO": "14021", "CVE_ENT": "14", "CVE_MUN": "021", "NOMGEO": "Casimiro Castillo", "estado_nombre": "Jalisco" }, "geometry": { "type": "Point", "coordinates": [ -104.470161145649911, 19.602948687202073 ] } },
{ "type": "Feature", "properties": { "CVEGEO": "14020", "CVE_ENT": "14", "CVE_MUN": "020", "NOMGEO": "Cabo Corrientes", "estado_nombre": "Jalisco" }, "geometry": { "type": "Point", "coordinates": [ -105.406638619214476, 20.342390898415044 ] } },
{ "type": "Feature", "properties": { "CVEGEO": "14016", "CVE_ENT": "14", "CVE_MUN": "016", "NOMGEO": "Ayotlán", "estado_nombre": "Jalisco" }, "geometry": { "type": "Point", "coordinates": [ -102.342927766512872, 20.488821006392588 ] } },
{ "type": "Feature", "properties": { "CVEGEO": "14011", "CVE_ENT": "14", "CVE_MUN": "011", "NOMGEO": "Atengo", "estado_nombre": "Jalisco" }, "geometry": { "type": "Point", "coordinates": [ -104.273924932567141, 20.318075509221099 ] } },
{ "type": "Feature", "properties": { "CVEGEO": "14013", "CVE_ENT": "14", "CVE_MUN": "013", "NOMGEO": "Atotonilco el Alto", "estado_nombre": "Jalisco" }, "geometry": { "type": "Point", "coordinates": [ -102.539614634906172, 20.547566081537941 ] } },
{ "type": "Feature", "properties": { "CVEGEO": "14010", "CVE_ENT": "14", "CVE_MUN": "010", "NOMGEO": "Atemajac de Brizuela", "estado_nombre": "Jalisco" }, "geometry": { "type": "Point", "coordinates": [ -103.731653706091691, 20.172952417020557 ] } },
{ "type": "Feature", "properties": { "CVEGEO": "14012", "CVE_ENT": "14", "CVE_MUN": "012", "NOMGEO": "Atenguillo", "estado_nombre": "Jalisco" }, "geometry": { "type": "Point", "coordinates": [ -104.550674119988003, 20.336734110173108 ] } },
{ "type": "Feature", "properties": { "CVEGEO": "14073", "CVE_ENT": "14", "CVE_MUN": "073", "NOMGEO": "San Juan de los Lagos", "estado_nombre": "Jalisco" }, "geometry": { "type": "Point", "coordinates": [ -102.294352627661269, 21.269696027966308 ] } },
{ "type": "Feature", "properties": { "CVEGEO": "14079", "CVE_ENT": "14", "CVE_MUN": "079", "NOMGEO": "Gómez Farías", "estado_nombre": "Jalisco" }, "geometry": { "type": "Point", "coordinates": [ -103.417185346848115, 19.856456662524877 ] } },
{ "type": "Feature", "properties": { "CVEGEO": "14093", "CVE_ENT": "14", "CVE_MUN": "093", "NOMGEO": "Tepatitlán de Morelos", "estado_nombre": "Jalisco" }, "geometry": { "type": "Point", "coordinates": [ -102.720842875982129, 20.81484227568021 ] } },
{ "type": "Feature", "properties": { "CVEGEO": "14099", "CVE_ENT": "14", "CVE_MUN": "099", "NOMGEO": "Tolimán", "estado_nombre": "Jalisco" }, "geometry": { "type": "Point", "coordinates": [ -103.930567379414796, 19.552889836616799 ] } },
{ "type": "Feature", "properties": { "CVEGEO": "14100", "CVE_ENT": "14", "CVE_MUN": "100", "NOMGEO": "Tomatlán", "estado_nombre": "Jalisco" }, "geometry": { "type": "Point", "coordinates": [ -105.164883061017548, 19.979523649449007 ] } },
{ "type": "Feature", "properties": { "CVEGEO": "14102", "CVE_ENT": "14", "CVE_MUN": "102", "NOMGEO": "Tonaya", "estado_nombre": "Jalisco" }, "geometry": { "type": "Point", "coordinates": [ -103.950179926607063, 19.847898684896983 ] } },
{ "type": "Feature", "properties": { "CVEGEO": "14103", "CVE_ENT": "14", "CVE_MUN": "103", "NOMGEO": "Tonila", "estado_nombre": "Jalisco" }, "geometry": { "type": "Point", "coordinates": [ -103.535089378859141, 19.432101516353651 ] } },
{ "type": "Feature", "properties": { "CVEGEO": "14104", "CVE_ENT": "14", "CVE_MUN": "104", "NOMGEO": "Totatiche", "estado_nombre": "Jalisco" }, "geometry": { "type": "Point", "coordinates": [ -103.478574214033728, 21.958910532886048 ] } },
{ "type": "Feature", "properties": { "CVEGEO": "14105", "CVE_ENT": "14", "CVE_MUN": "105", "NOMGEO": "Tototlán", "estado_nombre": "Jalisco" }, "geometry": { "type": "Point", "coordinates": [ -102.748718502025895, 20.548728066528131 ] } },
{ "type": "Feature", "properties": { "CVEGEO": "14090", "CVE_ENT": "14", "CVE_MUN": "090", "NOMGEO": "Tenamaxtlán", "estado_nombre": "Jalisco" }, "geometry": { "type": "Point", "coordinates": [ -104.165529383872936, 20.146888165994891 ] } },
{ "type": "Feature", "properties": { "CVEGEO": "14091", "CVE_ENT": "14", "CVE_MUN": "091", "NOMGEO": "Teocaltiche", "estado_nombre": "Jalisco" }, "geometry": { "type": "Point", "coordinates": [ -102.55447774125301, 21.480357624474113 ] } },
{ "type": "Feature", "properties": { "CVEGEO": "14092", "CVE_ENT": "14", "CVE_MUN": "092", "NOMGEO": "Teocuitatlán de Corona", "estado_nombre": "Jalisco" }, "geometry": { "type": "Point", "coordinates": [ -103.347146368870156, 20.108712321073256 ] } },
{ "type": "Feature", "properties": { "CVEGEO": "15116", "CVE_ENT": "15", "CVE_MUN": "116", "NOMGEO": "Zacazonapan", "estado_nombre": "México" }, "geometry": { "type": "Point", "coordinates": [ -100.256118935294211, 19.060816888678566 ] } },
{ "type": "Feature", "properties": { "CVEGEO": "15072", "CVE_ENT": "15", "CVE_MUN": "072", "NOMGEO": "Rayón", "estado_nombre": "México" }, "geometry": { "type": "Point", "coordinates": [ -99.567074334352256, 19.138877816743758 ] } },
{ "type": "Feature", "properties": { "CVEGEO": "15003", "CVE_ENT": "15", "CVE_MUN": "003", "NOMGEO": "Aculco", "estado_nombre": "México" }, "geometry": { "type": "Point", "coordinates": [ -99.83334660837231, 20.115676472957624 ] } },
{ "type": "Feature", "properties": { "CVEGEO": "15007", "CVE_ENT": "15", "CVE_MUN": "007", "NOMGEO": "Amanalco", "estado_nombre": "México" }, "geometry": { "type": "Point", "coordinates": [ -99.988696205672184, 19.250986581725375 ] } },
{ "type": "Feature", "properties": { "CVEGEO": "15094", "CVE_ENT": "15", "CVE_MUN": "094", "NOMGEO": "Tepetlixpa", "estado_nombre": "México" }, "geometry": { "type": "Point", "coordinates": [ -98.841283895526601, 19.009940346129362 ] } },
{ "type": "Feature", "properties": { "CVEGEO": "15032", "CVE_ENT": "15", "CVE_MUN": "032", "NOMGEO": "Donato Guerra", "estado_nombre": "México" }, "geometry": { "type": "Point", "coordinates": [ -100.184843402597934, 19.316441993492543 ] } },
{ "type": "Feature", "properties": { "CVEGEO": "15081", "CVE_ENT": "15", "CVE_MUN": "081", "NOMGEO": "Tecámac", "estado_nombre": "México" }, "geometry": { "type": "Point", "coordinates": [ -98.986507933975105, 19.705836400310396 ] } },
{ "type": "Feature", "properties": { "CVEGEO": "15071", "CVE_ENT": "15", "CVE_MUN": "071", "NOMGEO": "Polotitlán", "estado_nombre": "México" }, "geometry": { "type": "Point", "coordinates": [ -99.831678398557031, 20.224077910007175 ] } },
{ "type": "Feature", "properties": { "CVEGEO": "15070", "CVE_ENT": "15", "CVE_MUN": "070", "NOMGEO": "La Paz", "estado_nombre": "México" }, "geometry": { "type": "Point", "coordinates": [ -98.946630622553513, 19.360756118892109 ] } },
{ "type": "Feature", "properties": { "CVEGEO": "15026", "CVE_ENT": "15", "CVE_MUN": "026", "NOMGEO": "Chapa de Mota", "estado_nombre": "México" }, "geometry": { "type": "Point", "coordinates": [ -99.550939105726627, 19.825755357207715 ] } },
{ "type": "Feature", "properties": { "CVEGEO": "15061", "CVE_ENT": "15", "CVE_MUN": "061", "NOMGEO": "Nopaltepec", "estado_nombre": "México" }, "geometry": { "type": "Point", "coordinates": [ -98.717089122102166, 19.812314335157449 ] } },
{ "type": "Feature", "properties": { "CVEGEO": "15057", "CVE_ENT": "15", "CVE_MUN": "057", "NOMGEO": "Naucalpan de Juárez", "estado_nombre": "México" }, "geometry": { "type": "Point", "coordinates": [ -99.292618733994658, 19.471260229199565 ] } },
{ "type": "Feature", "properties": { "CVEGEO": "15120", "CVE_ENT": "15", "CVE_MUN": "120", "NOMGEO": "Zumpango", "estado_nombre": "México" }, "geometry": { "type": "Point", "coordinates": [ -99.071845206226172, 19.809116453781545 ] } },
{ "type": "Feature", "properties": { "CVEGEO": "15110", "CVE_ENT": "15", "CVE_MUN": "110", "NOMGEO": "Valle de Bravo", "estado_nombre": "México" }, "geometry": { "type": "Point", "coordinates": [ -100.121903461758066, 19.177786681855231 ] } },
{ "type": "Feature", "properties": { "CVEGEO": "15030", "CVE_ENT": "15", "CVE_MUN": "030", "NOMGEO": "Chiconcuac", "estado_nombre": "México" }, "geometry": { "type": "Point", "coordinates": [ -98.896695683034352, 19.55627849993499 ] } },
{ "type": "Feature", "properties": { "CVEGEO": "15044", "CVE_ENT": "15", "CVE_MUN": "044", "NOMGEO": "Jaltenco", "estado_nombre": "México" }, "geometry": { "type": "Point", "coordinates": [ -99.088929729297746, 19.73871942413723 ] } },
{ "type": "Feature", "properties": { "CVEGEO": "15093", "CVE_ENT": "15", "CVE_MUN": "093", "NOMGEO": "Tepetlaoxtoc", "estado_nombre": "México" }, "geometry": { "type": "Point", "coordinates": [ -98.765700549764418, 19.569414416401038 ] } },
{ "type": "Feature", "properties": { "CVEGEO": "15108", "CVE_ENT": "15", "CVE_MUN": "108", "NOMGEO": "Tultepec", "estado_nombre": "México" }, "geometry": { "type": "Point", "coordinates": [ -99.119648822406674, 19.679306584235317 ] } },
{ "type": "Feature", "properties": { "CVEGEO": "15111", "CVE_ENT": "15", "CVE_MUN": "111", "NOMGEO": "Villa de Allende", "estado_nombre": "México" }, "geometry": { "type": "Point", "coordinates": [ -100.137563782440509, 19.387243013997001 ] } },
{ "type": "Feature", "properties": { "CVEGEO": "15016", "CVE_ENT": "15", "CVE_MUN": "016", "NOMGEO": "Axapusco", "estado_nombre": "México" }, "geometry": { "type": "Point", "coordinates": [ -98.721296276771838, 19.763057200696331 ] } },
{ "type": "Feature", "properties": { "CVEGEO": "15112", "CVE_ENT": "15", "CVE_MUN": "112", "NOMGEO": "Villa del Carbón", "estado_nombre": "México" }, "geometry": { "type": "Point", "coordinates": [ -99.478393530404603, 19.721062216176179 ] } },
{ "type": "Feature", "properties": { "CVEGEO": "15113", "CVE_ENT": "15", "CVE_MUN": "113", "NOMGEO": "Villa Guerrero", "estado_nombre": "México" }, "geometry": { "type": "Point", "coordinates": [ -99.687289907727703, 18.973087234384188 ] } },
{ "type": "Feature", "properties": { "CVEGEO": "15123", "CVE_ENT": "15", "CVE_MUN": "123", "NOMGEO": "Luvianos", "estado_nombre": "México" }, "geometry": { "type": "Point", "coordinates": [ -100.406482654886929, 18.940818428662425 ] } },
{ "type": "Feature", "properties": { "CVEGEO": "15074", "CVE_ENT": "15", "CVE_MUN": "074", "NOMGEO": "San Felipe del Progreso", "estado_nombre": "México" }, "geometry": { "type": "Point", "coordinates": [ -99.982522834027364, 19.653224843403006 ] } },
{ "type": "Feature", "properties": { "CVEGEO": "15125", "CVE_ENT": "15", "CVE_MUN": "125", "NOMGEO": "Tonanitla", "estado_nombre": "México" }, "geometry": { "type": "Point", "coordinates": [ -99.058358640403441, 19.681824808584992 ] } },
{ "type": "Feature", "properties": { "CVEGEO": "15053", "CVE_ENT": "15", "CVE_MUN": "053", "NOMGEO": "Melchor Ocampo", "estado_nombre": "México" }, "geometry": { "type": "Point", "coordinates": [ -99.133547810470859, 19.709650585696483 ] } },
{ "type": "Feature", "properties": { "CVEGEO": "15055", "CVE_ENT": "15", "CVE_MUN": "055", "NOMGEO": "Mexicaltzingo", "estado_nombre": "México" }, "geometry": { "type": "Point", "coordinates": [ -99.583130277089325, 19.211086550424039 ] } },
{ "type": "Feature", "properties": { "CVEGEO": "15073", "CVE_ENT": "15", "CVE_MUN": "073", "NOMGEO": "San Antonio la Isla", "estado_nombre": "México" }, "geometry": { "type": "Point", "coordinates": [ -99.551283703258662, 19.168877138856899 ] } },
{ "type": "Feature", "properties": { "CVEGEO": "15015", "CVE_ENT": "15", "CVE_MUN": "015", "NOMGEO": "Atlautla", "estado_nombre": "México" }, "geometry": { "type": "Point", "coordinates": [ -98.71706467156352, 19.03110808712691 ] } },
{ "type": "Feature", "properties": { "CVEGEO": "15014", "CVE_ENT": "15", "CVE_MUN": "014", "NOMGEO": "Atlacomulco", "estado_nombre": "México" }, "geometry": { "type": "Point", "coordinates": [ -99.845816280546174, 19.809852858146584 ] } },
{ "type": "Feature", "properties": { "CVEGEO": "15056", "CVE_ENT": "15", "CVE_MUN": "056", "NOMGEO": "Morelos", "estado_nombre": "México" }, "geometry": { "type": "Point", "coordinates": [ -99.641757899755973, 19.743472496453261 ] } },
{ "type": "Feature", "properties": { "CVEGEO": "15054", "CVE_ENT": "15", "CVE_MUN": "054", "NOMGEO": "Metepec", "estado_nombre": "México" }, "geometry": { "type": "Point", "coordinates": [ -99.588263490762145, 19.247391548985881 ] } },
{ "type": "Feature", "properties": { "CVEGEO": "15076", "CVE_ENT": "15", "CVE_MUN": "076", "NOMGEO": "San Mateo Atenco", "estado_nombre": "México" }, "geometry": { "type": "Point", "coordinates": [ -99.542252338324275, 19.268954236446312 ] } },
{ "type": "Feature", "properties": { "CVEGEO": "15060", "CVE_ENT": "15", "CVE_MUN": "060", "NOMGEO": "Nicolás Romero", "estado_nombre": "México" }, "geometry": { "type": "Point", "coordinates": [ -99.391749757765581, 19.62497301557028 ] } },
{ "type": "Feature", "properties": { "CVEGEO": "15083", "CVE_ENT": "15", "CVE_MUN": "083", "NOMGEO": "Temamatla", "estado_nombre": "México" }, "geometry": { "type": "Point", "coordinates": [ -98.88377730106383, 19.188932667040337 ] } },
{ "type": "Feature", "properties": { "CVEGEO": "15024", "CVE_ENT": "15", "CVE_MUN": "024", "NOMGEO": "Cuautitlán", "estado_nombre": "México" }, "geometry": { "type": "Point", "coordinates": [ -99.163334380559604, 19.706379617140616 ] } },
{ "type": "Feature", "properties": { "CVEGEO": "15059", "CVE_ENT": "15", "CVE_MUN": "059", "NOMGEO": "Nextlalpan", "estado_nombre": "México" }, "geometry": { "type": "Point", "coordinates": [ -99.074421798276219, 19.729915570461895 ] } },
{ "type": "Feature", "properties": { "CVEGEO": "15009", "CVE_ENT": "15", "CVE_MUN": "009", "NOMGEO": "Amecameca", "estado_nombre": "México" }, "geometry": { "type": "Point", "coordinates": [ -98.716563328092832, 19.12488714994619 ] } },
{ "type": "Feature", "properties": { "CVEGEO": "15067", "CVE_ENT": "15", "CVE_MUN": "067", "NOMGEO": "Otzolotepec", "estado_nombre": "México" }, "geometry": { "type": "Point", "coordinates": [ -99.529938013521814, 19.45024137719307 ] } },
{ "type": "Feature", "properties": { "CVEGEO": "15031", "CVE_ENT": "15", "CVE_MUN": "031", "NOMGEO": "Chimalhuacán", "estado_nombre": "México" }, "geometry": { "type": "Point", "coordinates": [ -98.947244912596986, 19.416075204059112 ] } },
{ "type": "Feature", "properties": { "CVEGEO": "15092", "CVE_ENT": "15", "CVE_MUN": "092", "NOMGEO": "Teotihuacán", "estado_nombre": "México" }, "geometry": { "type": "Point", "coordinates": [ -98.870669205586765, 19.686317888619939 ] } },
{ "type": "Feature", "properties": { "CVEGEO": "15066", "CVE_ENT": "15", "CVE_MUN": "066", "NOMGEO": "Otzoloapan", "estado_nombre": "México" }, "geometry": { "type": "Point", "coordinates": [ -100.320307749118996, 19.107346762981919 ] } },
{ "type": "Feature", "properties": { "CVEGEO": "15098", "CVE_ENT": "15", "CVE_MUN": "098", "NOMGEO": "Texcalyacac", "estado_nombre": "México" }, "geometry": { "type": "Point", "coordinates": [ -99.506429103843573, 19.129644001286394 ] } },
{ "type": "Feature", "properties": { "CVEGEO": "15025", "CVE_ENT": "15", "CVE_MUN": "025", "NOMGEO": "Chalco", "estado_nombre": "México" }, "geometry": { "type": "Point", "coordinates": [ -98.831686170832896, 19.253597166436212 ] } },
{ "type": "Feature", "properties": { "CVEGEO": "15077", "CVE_ENT": "15", "CVE_MUN": "077", "NOMGEO": "San Simón de Guerrero", "estado_nombre": "México" }, "geometry": { "type": "Point", "coordinates": [ -100.03687172917175, 18.980054820110485 ] } },
{ "type": "Feature", "properties": { "CVEGEO": "15078", "CVE_ENT": "15", "CVE_MUN": "078", "NOMGEO": "Santo Tomás", "estado_nombre": "México" }, "geometry": { "type": "Point", "coordinates": [ -100.298233273122875, 19.178338190689502 ] } },
{ "type": "Feature", "properties": { "CVEGEO": "15096", "CVE_ENT": "15", "CVE_MUN": "096", "NOMGEO": "Tequixquiac", "estado_nombre": "México" }, "geometry": { "type": "Point", "coordinates": [ -99.149585145264041, 19.9046487776472 ] } },
{ "type": "Feature", "properties": { "CVEGEO": "15104", "CVE_ENT": "15", "CVE_MUN": "104", "NOMGEO": "Tlalnepantla de Baz", "estado_nombre": "México" }, "geometry": { "type": "Point", "coordinates": [ -99.170146355450456, 19.542745325081555 ] } },
{ "type": "Feature", "properties": { "CVEGEO": "15107", "CVE_ENT": "15", "CVE_MUN": "107", "NOMGEO": "Tonatico", "estado_nombre": "México" }, "geometry": { "type": "Point", "coordinates": [ -99.637559431129759, 18.780903691055464 ] } },
{ "type": "Feature", "properties": { "CVEGEO": "15100", "CVE_ENT": "15", "CVE_MUN": "100", "NOMGEO": "Tezoyuca", "estado_nombre": "México" }, "geometry": { "type": "Point", "coordinates": [ -98.931410817766007, 19.596916170133444 ] } },
{ "type": "Feature", "properties": { "CVEGEO": "15082", "CVE_ENT": "15", "CVE_MUN": "082", "NOMGEO": "Tejupilco", "estado_nombre": "México" }, "geometry": { "type": "Point", "coordinates": [ -100.213039230554344, 18.873778546061189 ] } },
{ "type": "Feature", "properties": { "CVEGEO": "15058", "CVE_ENT": "15", "CVE_MUN": "058", "NOMGEO": "Nezahualcóyotl", "estado_nombre": "México" }, "geometry": { "type": "Point", "coordinates": [ -99.022699517064808, 19.422578656522568 ] } },
{ "type": "Feature", "properties": { "CVEGEO": "15064", "CVE_ENT": "15", "CVE_MUN": "064", "NOMGEO": "El Oro", "estado_nombre": "México" }, "geometry": { "type": "Point", "coordinates": [ -100.079152669574981, 19.795146126057887 ] } },
{ "type": "Feature", "properties": { "CVEGEO": "15109", "CVE_ENT": "15", "CVE_MUN": "109", "NOMGEO": "Tultitlán", "estado_nombre": "México" }, "geometry": { "type": "Point", "coordinates": [ -99.145288423405532, 19.626209508382033 ] } },
{ "type": "Feature", "properties": { "CVEGEO": "15023", "CVE_ENT": "15", "CVE_MUN": "023", "NOMGEO": "Coyotepec", "estado_nombre": "México" }, "geometry": { "type": "Point", "coordinates": [ -99.22220534220186, 19.789984490551042 ] } },
{ "type": "Feature", "properties": { "CVEGEO": "15040", "CVE_ENT": "15", "CVE_MUN": "040", "NOMGEO": "Ixtapan de la Sal", "estado_nombre": "México" }, "geometry": { "type": "Point", "coordinates": [ -99.690841096077477, 18.850696553338334 ] } },
{ "type": "Feature", "properties": { "CVEGEO": "15039", "CVE_ENT": "15", "CVE_MUN": "039", "NOMGEO": "Ixtapaluca", "estado_nombre": "México" }, "geometry": { "type": "Point", "coordinates": [ -98.77905525745058, 19.342801883400231 ] } },
{ "type": "Feature", "properties": { "CVEGEO": "15005", "CVE_ENT": "15", "CVE_MUN": "005", "NOMGEO": "Almoloya de Juárez", "estado_nombre": "México" }, "geometry": { "type": "Point", "coordinates": [ -99.829439979039762, 19.405347863009961 ] } },
{ "type": "Feature", "properties": { "CVEGEO": "15086", "CVE_ENT": "15", "CVE_MUN": "086", "NOMGEO": "Temascaltepec", "estado_nombre": "México" }, "geometry": { "type": "Point", "coordinates": [ -99.99714298595589, 19.080982830795413 ] } },
{ "type": "Feature", "properties": { "CVEGEO": "15042", "CVE_ENT": "15", "CVE_MUN": "042", "NOMGEO": "Ixtlahuaca", "estado_nombre": "México" }, "geometry": { "type": "Point", "coordinates": [ -99.807030388394253, 19.589595940610856 ] } },
{ "type": "Feature", "properties": { "CVEGEO": "15049", "CVE_ENT": "15", "CVE_MUN": "049", "NOMGEO": "Joquicingo", "estado_nombre": "México" }, "geometry": { "type": "Point", "coordinates": [ -99.514481521215743, 19.067566971391493 ] } },
{ "type": "Feature", "properties": { "CVEGEO": "15052", "CVE_ENT": "15", "CVE_MUN": "052", "NOMGEO": "Malinalco", "estado_nombre": "México" }, "geometry": { "type": "Point", "coordinates": [ -99.485642450140219, 18.881918042134217 ] } },
{ "type": "Feature", "properties": { "CVEGEO": "15103", "CVE_ENT": "15", "CVE_MUN": "103", "NOMGEO": "Tlalmanalco", "estado_nombre": "México" }, "geometry": { "type": "Point", "coordinates": [ -98.731969677733019, 19.208902328258151 ] } },
{ "type": "Feature", "properties": { "CVEGEO": "15050", "CVE_ENT": "15", "CVE_MUN": "050", "NOMGEO": "Juchitepec", "estado_nombre": "México" }, "geometry": { "type": "Point", "coordinates": [ -98.904082436756042, 19.093593934723508 ] } },
{ "type": "Feature", "properties": { "CVEGEO": "15101", "CVE_ENT": "15", "CVE_MUN": "101", "NOMGEO": "Tianguistenco", "estado_nombre": "México" }, "geometry": { "type": "Point", "coordinates": [ -99.432163782067889, 19.162300195396039 ] } },
{ "type": "Feature", "properties": { "CVEGEO": "15090", "CVE_ENT": "15", "CVE_MUN": "090", "NOMGEO": "Tenango del Valle", "estado_nombre": "México" }, "geometry": { "type": "Point", "coordinates": [ -99.630286175666782, 19.081350204425412 ] } },
{ "type": "Feature", "properties": { "CVEGEO": "15062", "CVE_ENT": "15", "CVE_MUN": "062", "NOMGEO": "Ocoyoacac", "estado_nombre": "México" }, "geometry": { "type": "Point", "coordinates": [ -99.406282545027622, 19.259515213730793 ] } },
{ "type": "Feature", "properties": { "CVEGEO": "15105", "CVE_ENT": "15", "CVE_MUN": "105", "NOMGEO": "Tlatlaya", "estado_nombre": "México" }, "geometry": { "type": "Point", "coordinates": [ -100.257083171093512, 18.544482634887189 ] } },
{ "type": "Feature", "properties": { "CVEGEO": "15068", "CVE_ENT": "15", "CVE_MUN": "068", "NOMGEO": "Ozumba", "estado_nombre": "México" }, "geometry": { "type": "Point", "coordinates": [ -98.809684333736627, 19.021756126748976 ] } },
{ "type": "Feature", "properties": { "CVEGEO": "15080", "CVE_ENT": "15", "CVE_MUN": "080", "NOMGEO": "Sultepec", "estado_nombre": "México" }, "geometry": { "type": "Point", "coordinates": [ -99.989164730331723, 18.734580742978654 ] } },
{ "type": "Feature", "properties": { "CVEGEO": "15106", "CVE_ENT": "15", "CVE_MUN": "106", "NOMGEO": "Toluca", "estado_nombre": "México" }, "geometry": { "type": "Point", "coordinates": [ -99.66699651959533, 19.29626331092517 ] } },
{ "type": "Feature", "properties": { "CVEGEO": "15118", "CVE_ENT": "15", "CVE_MUN": "118", "NOMGEO": "Zinacantepec", "estado_nombre": "México" }, "geometry": { "type": "Point", "coordinates": [ -99.798340065294383, 19.214831695430014 ] } },
{ "type": "Feature", "properties": { "CVEGEO": "15036", "CVE_ENT": "15", "CVE_MUN": "036", "NOMGEO": "Hueypoxtla", "estado_nombre": "México" }, "geometry": { "type": "Point", "coordinates": [ -99.028007752858343, 19.952412346434276 ] } },
{ "type": "Feature", "properties": { "CVEGEO": "15013", "CVE_ENT": "15", "CVE_MUN": "013", "NOMGEO": "Atizapán de Zaragoza", "estado_nombre": "México" }, "geometry": { "type": "Point", "coordinates": [ -99.27404398950371, 19.564807284772698 ] } },
{ "type": "Feature", "properties": { "CVEGEO": "15124", "CVE_ENT": "15", "CVE_MUN": "124", "NOMGEO": "San José del Rincón", "estado_nombre": "México" }, "geometry": { "type": "Point", "coordinates": [ -100.145608240369981, 19.617128717692754 ] } },
{ "type": "Feature", "properties": { "CVEGEO": "15117", "CVE_ENT": "15", "CVE_MUN": "117", "NOMGEO": "Zacualpan", "estado_nombre": "México" }, "geometry": { "type": "Point", "coordinates": [ -99.812811046922491, 18.715820180930631 ] } },
{ "type": "Feature", "properties": { "CVEGEO": "15046", "CVE_ENT": "15", "CVE_MUN": "046", "NOMGEO": "Jilotzingo", "estado_nombre": "México" }, "geometry": { "type": "Point", "coordinates": [ -99.390436966927425, 19.506047208835852 ] } },
{ "type": "Feature", "properties": { "CVEGEO": "15115", "CVE_ENT": "15", "CVE_MUN": "115", "NOMGEO": "Xonacatlán", "estado_nombre": "México" }, "geometry": { "type": "Point", "coordinates": [ -99.467598680495897, 19.436951082502585 ] } },
{ "type": "Feature", "properties": { "CVEGEO": "15045", "CVE_ENT": "15", "CVE_MUN": "045", "NOMGEO": "Jilotepec", "estado_nombre": "México" }, "geometry": { "type": "Point", "coordinates": [ -99.596569297464399, 20.019102897079222 ] } },
{ "type": "Feature", "properties": { "CVEGEO": "15006", "CVE_ENT": "15", "CVE_MUN": "006", "NOMGEO": "Almoloya del Río", "estado_nombre": "México" }, "geometry": { "type": "Point", "coordinates": [ -99.491872954585958, 19.158779796718147 ] } },
{ "type": "Feature", "properties": { "CVEGEO": "15012", "CVE_ENT": "15", "CVE_MUN": "012", "NOMGEO": "Atizapán", "estado_nombre": "México" }, "geometry": { "type": "Point", "coordinates": [ -99.499975156714626, 19.175545558871203 ] } },
{ "type": "Feature", "properties": { "CVEGEO": "15034", "CVE_ENT": "15", "CVE_MUN": "034", "NOMGEO": "Ecatzingo", "estado_nombre": "México" }, "geometry": { "type": "Point", "coordinates": [ -98.736649601497334, 18.968021961712584 ] } },
{ "type": "Feature", "properties": { "CVEGEO": "15041", "CVE_ENT": "15", "CVE_MUN": "041", "NOMGEO": "Ixtapan del Oro", "estado_nombre": "México" }, "geometry": { "type": "Point", "coordinates": [ -100.277849909611021, 19.257426384237839 ] } },
{ "type": "Feature", "properties": { "CVEGEO": "15017", "CVE_ENT": "15", "CVE_MUN": "017", "NOMGEO": "Ayapango", "estado_nombre": "México" }, "geometry": { "type": "Point", "coordinates": [ -98.816355863291477, 19.124290935448482 ] } },
{ "type": "Feature", "properties": { "CVEGEO": "15102", "CVE_ENT": "15", "CVE_MUN": "102", "NOMGEO": "Timilpan", "estado_nombre": "México" }, "geometry": { "type": "Point", "coordinates": [ -99.718041590029117, 19.896345782366414 ] } },
{ "type": "Feature", "properties": { "CVEGEO": "15089", "CVE_ENT": "15", "CVE_MUN": "089", "NOMGEO": "Tenango del Aire", "estado_nombre": "México" }, "geometry": { "type": "Point", "coordinates": [ -98.870150609153129, 19.151637151282134 ] } },
{ "type": "Feature", "properties": { "CVEGEO": "15029", "CVE_ENT": "15", "CVE_MUN": "029", "NOMGEO": "Chicoloapan", "estado_nombre": "México" }, "geometry": { "type": "Point", "coordinates": [ -98.877573022187988, 19.406294630066025 ] } },
{ "type": "Feature", "properties": { "CVEGEO": "15087", "CVE_ENT": "15", "CVE_MUN": "087", "NOMGEO": "Temoaya", "estado_nombre": "México" }, "geometry": { "type": "Point", "coordinates": [ -99.602318199827849, 19.485730429576343 ] } },
{ "type": "Feature", "properties": { "CVEGEO": "15069", "CVE_ENT": "15", "CVE_MUN": "069", "NOMGEO": "Papalotla", "estado_nombre": "México" }, "geometry": { "type": "Point", "coordinates": [ -98.857859612396155, 19.559881915885477 ] } },
{ "type": "Feature", "properties": { "CVEGEO": "15084", "CVE_ENT": "15", "CVE_MUN": "084", "NOMGEO": "Temascalapa", "estado_nombre": "México" }, "geometry": { "type": "Point", "coordinates": [ -98.8810687206892, 19.819120740817112 ] } },
{ "type": "Feature", "properties": { "CVEGEO": "15119", "CVE_ENT": "15", "CVE_MUN": "119", "NOMGEO": "Zumpahuacán", "estado_nombre": "México" }, "geometry": { "type": "Point", "coordinates": [ -99.554089344807721, 18.800117392182532 ] } },
{ "type": "Feature", "properties": { "CVEGEO": "15008", "CVE_ENT": "15", "CVE_MUN": "008", "NOMGEO": "Amatepec", "estado_nombre": "México" }, "geometry": { "type": "Point", "coordinates": [ -100.266801698157067, 18.702992401165893 ] } },
{ "type": "Feature", "properties": { "CVEGEO": "15011", "CVE_ENT": "15", "CVE_MUN": "011", "NOMGEO": "Atenco", "estado_nombre": "México" }, "geometry": { "type": "Point", "coordinates": [ -98.962132216038697, 19.545431358239032 ] } },
{ "type": "Feature", "properties": { "CVEGEO": "15121", "CVE_ENT": "15", "CVE_MUN": "121", "NOMGEO": "Cuautitlán Izcalli", "estado_nombre": "México" }, "geometry": { "type": "Point", "coordinates": [ -99.227533997682016, 19.652044520856112 ] } },
{ "type": "Feature", "properties": { "CVEGEO": "15075", "CVE_ENT": "15", "CVE_MUN": "075", "NOMGEO": "San Martín de las Pirámides", "estado_nombre": "México" }, "geometry": { "type": "Point", "coordinates": [ -98.83219488098986, 19.719771082455384 ] } },
{ "type": "Feature", "properties": { "CVEGEO": "15018", "CVE_ENT": "15", "CVE_MUN": "018", "NOMGEO": "Calimaya", "estado_nombre": "México" }, "geometry": { "type": "Point", "coordinates": [ -99.643257880696694, 19.165534480786839 ] } },
{ "type": "Feature", "properties": { "CVEGEO": "15019", "CVE_ENT": "15", "CVE_MUN": "019", "NOMGEO": "Capulhuac", "estado_nombre": "México" }, "geometry": { "type": "Point", "coordinates": [ -99.46055090487225, 19.209826056817395 ] } },
{ "type": "Feature", "properties": { "CVEGEO": "15020", "CVE_ENT": "15", "CVE_MUN": "020", "NOMGEO": "Coacalco de Berriozábal", "estado_nombre": "México" }, "geometry": { "type": "Point", "coordinates": [ -99.102395543480725, 19.626289999495519 ] } },
{ "type": "Feature", "properties": { "CVEGEO": "15022", "CVE_ENT": "15", "CVE_MUN": "022", "NOMGEO": "Cocotitlán", "estado_nombre": "México" }, "geometry": { "type": "Point", "coordinates": [ -98.858894924707201, 19.226029569966371 ] } },
{ "type": "Feature", "properties": { "CVEGEO": "15047", "CVE_ENT": "15", "CVE_MUN": "047", "NOMGEO": "Jiquipilco", "estado_nombre": "México" }, "geometry": { "type": "Point", "coordinates": [ -99.641617639397822, 19.586084604334516 ] } },
{ "type": "Feature", "properties": { "CVEGEO": "15001", "CVE_ENT": "15", "CVE_MUN": "001", "NOMGEO": "Acambay de Ruíz Castañeda", "estado_nombre": "México" }, "geometry": { "type": "Point", "coordinates": [ -99.871530260091276, 19.97294169291677 ] } },
{ "type": "Feature", "properties": { "CVEGEO": "15048", "CVE_ENT": "15", "CVE_MUN": "048", "NOMGEO": "Jocotitlán", "estado_nombre": "México" }, "geometry": { "type": "Point", "coordinates": [ -99.823606819959622, 19.717192066626467 ] } },
{ "type": "Feature", "properties": { "CVEGEO": "15028", "CVE_ENT": "15", "CVE_MUN": "028", "NOMGEO": "Chiautla", "estado_nombre": "México" }, "geometry": { "type": "Point", "coordinates": [ -98.883872649601827, 19.573029194639489 ] } },
{ "type": "Feature", "properties": { "CVEGEO": "15063", "CVE_ENT": "15", "CVE_MUN": "063", "NOMGEO": "Ocuilan", "estado_nombre": "México" }, "geometry": { "type": "Point", "coordinates": [ -99.396416290635827, 19.009234094827924 ] } },
{ "type": "Feature", "properties": { "CVEGEO": "15051", "CVE_ENT": "15", "CVE_MUN": "051", "NOMGEO": "Lerma", "estado_nombre": "México" }, "geometry": { "type": "Point", "coordinates": [ -99.474862330358093, 19.34508347808648 ] } },
{ "type": "Feature", "properties": { "CVEGEO": "15085", "CVE_ENT": "15", "CVE_MUN": "085", "NOMGEO": "Temascalcingo", "estado_nombre": "México" }, "geometry": { "type": "Point", "coordinates": [ -100.036999349376629, 19.921264741593404 ] } },
{ "type": "Feature", "properties": { "CVEGEO": "15088", "CVE_ENT": "15", "CVE_MUN": "088", "NOMGEO": "Tenancingo", "estado_nombre": "México" }, "geometry": { "type": "Point", "coordinates": [ -99.569220259222107, 18.967019854527607 ] } },
{ "type": "Feature", "properties": { "CVEGEO": "15027", "CVE_ENT": "15", "CVE_MUN": "027", "NOMGEO": "Chapultepec", "estado_nombre": "México" }, "geometry": { "type": "Point", "coordinates": [ -99.550108894138077, 19.206492494012117 ] } },
{ "type": "Feature", "properties": { "CVEGEO": "15122", "CVE_ENT": "15", "CVE_MUN": "122", "NOMGEO": "Valle de Chalco Solidaridad", "estado_nombre": "México" }, "geometry": { "type": "Point", "coordinates": [ -98.948316976612006, 19.276406500411337 ] } },
{ "type": "Feature", "properties": { "CVEGEO": "15099", "CVE_ENT": "15", "CVE_MUN": "099", "NOMGEO": "Texcoco", "estado_nombre": "México" }, "geometry": { "type": "Point", "coordinates": [ -98.827691736645463, 19.471676555276847 ] } },
{ "type": "Feature", "properties": { "CVEGEO": "15004", "CVE_ENT": "15", "CVE_MUN": "004", "NOMGEO": "Almoloya de Alquisiras", "estado_nombre": "México" }, "geometry": { "type": "Point", "coordinates": [ -99.866795536399678, 18.832958865920755 ] } },
{ "type": "Feature", "properties": { "CVEGEO": "15043", "CVE_ENT": "15", "CVE_MUN": "043", "NOMGEO": "Xalatlaco", "estado_nombre": "México" }, "geometry": { "type": "Point", "coordinates": [ -99.359270627671421, 19.165245221962902 ] } },
{ "type": "Feature", "properties": { "CVEGEO": "15035", "CVE_ENT": "15", "CVE_MUN": "035", "NOMGEO": "Huehuetoca", "estado_nombre": "México" }, "geometry": { "type": "Point", "coordinates": [ -99.255028168217507, 19.822632641754801 ] } },
{ "type": "Feature", "properties": { "CVEGEO": "15065", "CVE_ENT": "15", "CVE_MUN": "065", "NOMGEO": "Otumba", "estado_nombre": "México" }, "geometry": { "type": "Point", "coordinates": [ -98.738392591659888, 19.656019504369478 ] } },
{ "type": "Feature", "properties": { "CVEGEO": "15079", "CVE_ENT": "15", "CVE_MUN": "079", "NOMGEO": "Soyaniquilpan de Juárez", "estado_nombre": "México" }, "geometry": { "type": "Point", "coordinates": [ -99.51387437586078, 20.051805346229173 ] } },
{ "type": "Feature", "properties": { "CVEGEO": "15010", "CVE_ENT": "15", "CVE_MUN": "010", "NOMGEO": "Apaxco", "estado_nombre": "México" }, "geometry": { "type": "Point", "coordinates": [ -99.147898924772306, 19.984508925145342 ] } },
{ "type": "Feature", "properties": { "CVEGEO": "15037", "CVE_ENT": "15", "CVE_MUN": "037", "NOMGEO": "Huixquilucan", "estado_nombre": "México" }, "geometry": { "type": "Point", "coordinates": [ -99.33936244963715, 19.383129599671115 ] } },
{ "type": "Feature", "properties": { "CVEGEO": "15038", "CVE_ENT": "15", "CVE_MUN": "038", "NOMGEO": "Isidro Fabela", "estado_nombre": "México" }, "geometry": { "type": "Point", "coordinates": [ -99.440376078382826, 19.554243281232068 ] } },
{ "type": "Feature", "properties": { "CVEGEO": "15091", "CVE_ENT": "15", "CVE_MUN": "091", "NOMGEO": "Teoloyucan", "estado_nombre": "México" }, "geometry": { "type": "Point", "coordinates": [ -99.168184785465954, 19.762207400689981 ] } },
{ "type": "Feature", "properties": { "CVEGEO": "15033", "CVE_ENT": "15", "CVE_MUN": "033", "NOMGEO": "Ecatepec de Morelos", "estado_nombre": "México" }, "geometry": { "type": "Point", "coordinates": [ -99.043211772940353, 19.57278366971822 ] } },
{ "type": "Feature", "properties": { "CVEGEO": "15097", "CVE_ENT": "15", "CVE_MUN": "097", "NOMGEO": "Texcaltitlán", "estado_nombre": "México" }, "geometry": { "type": "Point", "coordinates": [ -99.940738849277764, 18.940006998221627 ] } },
{ "type": "Feature", "properties": { "CVEGEO": "15114", "CVE_ENT": "15", "CVE_MUN": "114", "NOMGEO": "Villa Victoria", "estado_nombre": "México" }, "geometry": { "type": "Point", "coordinates": [ -99.992134256886388, 19.442750271408986 ] } },
{ "type": "Feature", "properties": { "CVEGEO": "15095", "CVE_ENT": "15", "CVE_MUN": "095", "NOMGEO": "Tepotzotlán", "estado_nombre": "México" }, "geometry": { "type": "Point", "coordinates": [ -99.306193363262238, 19.725213093638274 ] } },
{ "type": "Feature", "properties": { "CVEGEO": "15021", "CVE_ENT": "15", "CVE_MUN": "021", "NOMGEO": "Coatepec Harinas", "estado_nombre": "México" }, "geometry": { "type": "Point", "coordinates": [ -99.799366346221674, 18.945535212889297 ] } },
{ "type": "Feature", "properties": { "CVEGEO": "15002", "CVE_ENT": "15", "CVE_MUN": "002", "NOMGEO": "Acolman", "estado_nombre": "México" }, "geometry": { "type": "Point", "coordinates": [ -98.91986209923104, 19.633773663056882 ] } },
{ "type": "Feature", "properties": { "CVEGEO": "16045", "CVE_ENT": "16", "CVE_MUN": "045", "NOMGEO": "Jiquilpan", "estado_nombre": "Michoacán de Ocampo" }, "geometry": { "type": "Point", "coordinates": [ -102.753409080856443, 19.977497801877238 ] } },
{ "type": "Feature", "properties": { "CVEGEO": "16093", "CVE_ENT": "16", "CVE_MUN": "093", "NOMGEO": "Tlalpujahua", "estado_nombre": "Michoacán de Ocampo" }, "geometry": { "type": "Point", "coordinates": [ -100.206582580289677, 19.77988676670665 ] } },
{ "type": "Feature", "properties": { "CVEGEO": "16092", "CVE_ENT": "16", "CVE_MUN": "092", "NOMGEO": "Tiquicheo de Nicolás Romero", "estado_nombre": "Michoacán de Ocampo" }, "geometry": { "type": "Point", "coordinates": [ -100.79537507513453, 19.057182324432873 ] } },
{ "type": "Feature", "properties": { "CVEGEO": "16088", "CVE_ENT": "16", "CVE_MUN": "088", "NOMGEO": "Tarímbaro", "estado_nombre": "Michoacán de Ocampo" }, "geometry": { "type": "Point", "coordinates": [ -101.157503781120724, 19.816485654277674 ] } },
{ "type": "Feature", "properties": { "CVEGEO": "16085", "CVE_ENT": "16", "CVE_MUN": "085", "NOMGEO": "Tangancícuaro", "estado_nombre": "Michoacán de Ocampo" }, "geometry": { "type": "Point", "coordinates": [ -102.248682938367054, 19.872599054453527 ] } },
{ "type": "Feature", "properties": { "CVEGEO": "16084", "CVE_ENT": "16", "CVE_MUN": "084", "NOMGEO": "Tangamandapio", "estado_nombre": "Michoacán de Ocampo" }, "geometry": { "type": "Point", "coordinates": [ -102.453645447979824, 19.890246856841543 ] } },
{ "type": "Feature", "properties": { "CVEGEO": "16074", "CVE_ENT": "16", "CVE_MUN": "074", "NOMGEO": "Cojumatlán de Régules", "estado_nombre": "Michoacán de Ocampo" }, "geometry": { "type": "Point", "coordinates": [ -102.879227354294954, 20.111948702966632 ] } },
{ "type": "Feature", "properties": { "CVEGEO": "16055", "CVE_ENT": "16", "CVE_MUN": "055", "NOMGEO": "Múgica", "estado_nombre": "Michoacán de Ocampo" }, "geometry": { "type": "Point", "coordinates": [ -102.123804934350218, 18.971098571927872 ] } },
{ "type": "Feature", "properties": { "CVEGEO": "16061", "CVE_ENT": "16", "CVE_MUN": "061", "NOMGEO": "Ocampo", "estado_nombre": "Michoacán de Ocampo" }, "geometry": { "type": "Point", "coordinates": [ -100.332765520378501, 19.577179260851075 ] } },
{ "type": "Feature", "properties": { "CVEGEO": "16073", "CVE_ENT": "16", "CVE_MUN": "073", "NOMGEO": "Quiroga", "estado_nombre": "Michoacán de Ocampo" }, "geometry": { "type": "Point", "coordinates": [ -101.538665552085675, 19.695175466967427 ] } },
{ "type": "Feature", "properties": { "CVEGEO": "16104", "CVE_ENT": "16", "CVE_MUN": "104", "NOMGEO": "Villamar", "estado_nombre": "Michoacán de Ocampo" }, "geometry": { "type": "Point", "coordinates": [ -102.586401047217194, 19.993761639500431 ] } },
{ "type": "Feature", "properties": { "CVEGEO": "16089", "CVE_ENT": "16", "CVE_MUN": "089", "NOMGEO": "Tepalcatepec", "estado_nombre": "Michoacán de Ocampo" }, "geometry": { "type": "Point", "coordinates": [ -102.85830352099191, 19.068197875394553 ] } },
{ "type": "Feature", "properties": { "CVEGEO": "16103", "CVE_ENT": "16", "CVE_MUN": "103", "NOMGEO": "Venustiano Carranza", "estado_nombre": "Michoacán de Ocampo" }, "geometry": { "type": "Point", "coordinates": [ -102.666200154789294, 20.143061917747659 ] } },
{ "type": "Feature", "properties": { "CVEGEO": "16102", "CVE_ENT": "16", "CVE_MUN": "102", "NOMGEO": "Uruapan", "estado_nombre": "Michoacán de Ocampo" }, "geometry": { "type": "Point", "coordinates": [ -102.105645058256997, 19.443637088052178 ] } },
{ "type": "Feature", "properties": { "CVEGEO": "16071", "CVE_ENT": "16", "CVE_MUN": "071", "NOMGEO": "Puruándiro", "estado_nombre": "Michoacán de Ocampo" }, "geometry": { "type": "Point", "coordinates": [ -101.5280324232548, 20.115710261002512 ] } },
{ "type": "Feature", "properties": { "CVEGEO": "16064", "CVE_ENT": "16", "CVE_MUN": "064", "NOMGEO": "Parácuaro", "estado_nombre": "Michoacán de Ocampo" }, "geometry": { "type": "Point", "coordinates": [ -102.212290999518544, 19.062059604048443 ] } },
{ "type": "Feature", "properties": { "CVEGEO": "16063", "CVE_ENT": "16", "CVE_MUN": "063", "NOMGEO": "Panindícuaro", "estado_nombre": "Michoacán de Ocampo" }, "geometry": { "type": "Point", "coordinates": [ -101.781651345832913, 20.001744836983537 ] } },
{ "type": "Feature", "properties": { "CVEGEO": "16062", "CVE_ENT": "16", "CVE_MUN": "062", "NOMGEO": "Pajacuarán", "estado_nombre": "Michoacán de Ocampo" }, "geometry": { "type": "Point", "coordinates": [ -102.525737317616702, 20.145157427255917 ] } },
{ "type": "Feature", "properties": { "CVEGEO": "16060", "CVE_ENT": "16", "CVE_MUN": "060", "NOMGEO": "Numarán", "estado_nombre": "Michoacán de Ocampo" }, "geometry": { "type": "Point", "coordinates": [ -101.959753357235059, 20.25067632425927 ] } },
{ "type": "Feature", "properties": { "CVEGEO": "16059", "CVE_ENT": "16", "CVE_MUN": "059", "NOMGEO": "Nuevo Urecho", "estado_nombre": "Michoacán de Ocampo" }, "geometry": { "type": "Point", "coordinates": [ -101.863681837254788, 19.159115611298756 ] } },
{ "type": "Feature", "properties": { "CVEGEO": "16058", "CVE_ENT": "16", "CVE_MUN": "058", "NOMGEO": "Nuevo Parangaricutiro", "estado_nombre": "Michoacán de Ocampo" }, "geometry": { "type": "Point", "coordinates": [ -102.195728358244594, 19.40823659446562 ] } },
{ "type": "Feature", "properties": { "CVEGEO": "16057", "CVE_ENT": "16", "CVE_MUN": "057", "NOMGEO": "Nocupétaro", "estado_nombre": "Michoacán de Ocampo" }, "geometry": { "type": "Point", "coordinates": [ -101.215932907199729, 19.093488411982918 ] } },
{ "type": "Feature", "properties": { "CVEGEO": "16056", "CVE_ENT": "16", "CVE_MUN": "056", "NOMGEO": "Nahuatzen", "estado_nombre": "Michoacán de Ocampo" }, "geometry": { "type": "Point", "coordinates": [ -101.879551185438785, 19.645176814879868 ] } },
{ "type": "Feature", "properties": { "CVEGEO": "16079", "CVE_ENT": "16", "CVE_MUN": "079", "NOMGEO": "Salvador Escalante", "estado_nombre": "Michoacán de Ocampo" }, "geometry": { "type": "Point", "coordinates": [ -101.688082794006164, 19.381213858678525 ] } },
{ "type": "Feature", "properties": { "CVEGEO": "16078", "CVE_ENT": "16", "CVE_MUN": "078", "NOMGEO": "Santa Ana Maya", "estado_nombre": "Michoacán de Ocampo" }, "geometry": { "type": "Point", "coordinates": [ -101.038885739200438, 20.0392511872729 ] } },
{ "type": "Feature", "properties": { "CVEGEO": "16018", "CVE_ENT": "16", "CVE_MUN": "018", "NOMGEO": "Copándaro", "estado_nombre": "Michoacán de Ocampo" }, "geometry": { "type": "Point", "coordinates": [ -101.221403111133441, 19.916279623165746 ] } },
{ "type": "Feature", "properties": { "CVEGEO": "16019", "CVE_ENT": "16", "CVE_MUN": "019", "NOMGEO": "Cotija", "estado_nombre": "Michoacán de Ocampo" }, "geometry": { "type": "Point", "coordinates": [ -102.699961741688355, 19.75908408980046 ] } },
{ "type": "Feature", "properties": { "CVEGEO": "16020", "CVE_ENT": "16", "CVE_MUN": "020", "NOMGEO": "Cuitzeo", "estado_nombre": "Michoacán de Ocampo" }, "geometry": { "type": "Point", "coordinates": [ -101.111823793105202, 19.980592635944721 ] } },
{ "type": "Feature", "properties": { "CVEGEO": "16021", "CVE_ENT": "16", "CVE_MUN": "021", "NOMGEO": "Charapan", "estado_nombre": "Michoacán de Ocampo" }, "geometry": { "type": "Point", "coordinates": [ -102.22797051035478, 19.692418391201645 ] } },
{ "type": "Feature", "properties": { "CVEGEO": "16022", "CVE_ENT": "16", "CVE_MUN": "022", "NOMGEO": "Charo", "estado_nombre": "Michoacán de Ocampo" }, "geometry": { "type": "Point", "coordinates": [ -101.013307903230341, 19.668914092804567 ] } },
{ "type": "Feature", "properties": { "CVEGEO": "16067", "CVE_ENT": "16", "CVE_MUN": "067", "NOMGEO": "Penjamillo", "estado_nombre": "Michoacán de Ocampo" }, "geometry": { "type": "Point", "coordinates": [ -101.895606664421877, 20.103838111699464 ] } },
{ "type": "Feature", "properties": { "CVEGEO": "16072", "CVE_ENT": "16", "CVE_MUN": "072", "NOMGEO": "Queréndaro", "estado_nombre": "Michoacán de Ocampo" }, "geometry": { "type": "Point", "coordinates": [ -100.84677160154375, 19.726476988199146 ] } },
{ "type": "Feature", "properties": { "CVEGEO": "16086", "CVE_ENT": "16", "CVE_MUN": "086", "NOMGEO": "Tanhuato", "estado_nombre": "Michoacán de Ocampo" }, "geometry": { "type": "Point", "coordinates": [ -102.341783450818198, 20.259245017581947 ] } },
{ "type": "Feature", "properties": { "CVEGEO": "16087", "CVE_ENT": "16", "CVE_MUN": "087", "NOMGEO": "Taretan", "estado_nombre": "Michoacán de Ocampo" }, "geometry": { "type": "Point", "coordinates": [ -101.895105604840381, 19.329309574315651 ] } },
{ "type": "Feature", "properties": { "CVEGEO": "16047", "CVE_ENT": "16", "CVE_MUN": "047", "NOMGEO": "Jungapeo", "estado_nombre": "Michoacán de Ocampo" }, "geometry": { "type": "Point", "coordinates": [ -100.518689157029939, 19.433337145867839 ] } },
{ "type": "Feature", "properties": { "CVEGEO": "16046", "CVE_ENT": "16", "CVE_MUN": "046", "NOMGEO": "Juárez", "estado_nombre": "Michoacán de Ocampo" }, "geometry": { "type": "Point", "coordinates": [ -100.460179313888602, 19.292821704633102 ] } },
{ "type": "Feature", "properties": { "CVEGEO": "16012", "CVE_ENT": "16", "CVE_MUN": "012", "NOMGEO": "Buenavista", "estado_nombre": "Michoacán de Ocampo" }, "geometry": { "type": "Point", "coordinates": [ -102.583868212264179, 19.20387568507137 ] } },
{ "type": "Feature", "properties": { "CVEGEO": "16065", "CVE_ENT": "16", "CVE_MUN": "065", "NOMGEO": "Paracho", "estado_nombre": "Michoacán de Ocampo" }, "geometry": { "type": "Point", "coordinates": [ -102.071051987138389, 19.654126556308842 ] } },
{ "type": "Feature", "properties": { "CVEGEO": "16066", "CVE_ENT": "16", "CVE_MUN": "066", "NOMGEO": "Pátzcuaro", "estado_nombre": "Michoacán de Ocampo" }, "geometry": { "type": "Point", "coordinates": [ -101.599015393337055, 19.494496562502558 ] } },
{ "type": "Feature", "properties": { "CVEGEO": "16068", "CVE_ENT": "16", "CVE_MUN": "068", "NOMGEO": "Peribán", "estado_nombre": "Michoacán de Ocampo" }, "geometry": { "type": "Point", "coordinates": [ -102.452609790432575, 19.495289111774326 ] } },
{ "type": "Feature", "properties": { "CVEGEO": "16069", "CVE_ENT": "16", "CVE_MUN": "069", "NOMGEO": "La Piedad", "estado_nombre": "Michoacán de Ocampo" }, "geometry": { "type": "Point", "coordinates": [ -102.072311321900472, 20.305582908107844 ] } },
{ "type": "Feature", "properties": { "CVEGEO": "16070", "CVE_ENT": "16", "CVE_MUN": "070", "NOMGEO": "Purépero", "estado_nombre": "Michoacán de Ocampo" }, "geometry": { "type": "Point", "coordinates": [ -101.992013735540496, 19.910718860836546 ] } },
{ "type": "Feature", "properties": { "CVEGEO": "16083", "CVE_ENT": "16", "CVE_MUN": "083", "NOMGEO": "Tancítaro", "estado_nombre": "Michoacán de Ocampo" }, "geometry": { "type": "Point", "coordinates": [ -102.347014312376928, 19.331143852594636 ] } },
{ "type": "Feature", "properties": { "CVEGEO": "16002", "CVE_ENT": "16", "CVE_MUN": "002", "NOMGEO": "Aguililla", "estado_nombre": "Michoacán de Ocampo" }, "geometry": { "type": "Point", "coordinates": [ -102.761083468534849, 18.777708320161789 ] } },
{ "type": "Feature", "properties": { "CVEGEO": "16094", "CVE_ENT": "16", "CVE_MUN": "094", "NOMGEO": "Tlazazalca", "estado_nombre": "Michoacán de Ocampo" }, "geometry": { "type": "Point", "coordinates": [ -102.060877258967736, 20.005918614873181 ] } },
{ "type": "Feature", "properties": { "CVEGEO": "16095", "CVE_ENT": "16", "CVE_MUN": "095", "NOMGEO": "Tocumbo", "estado_nombre": "Michoacán de Ocampo" }, "geometry": { "type": "Point", "coordinates": [ -102.593698196171133, 19.646397360415847 ] } },
{ "type": "Feature", "properties": { "CVEGEO": "16100", "CVE_ENT": "16", "CVE_MUN": "100", "NOMGEO": "Tzintzuntzan", "estado_nombre": "Michoacán de Ocampo" }, "geometry": { "type": "Point", "coordinates": [ -101.549526827110228, 19.60995024971648 ] } },
{ "type": "Feature", "properties": { "CVEGEO": "16105", "CVE_ENT": "16", "CVE_MUN": "105", "NOMGEO": "Vista Hermosa", "estado_nombre": "Michoacán de Ocampo" }, "geometry": { "type": "Point", "coordinates": [ -102.469826200340137, 20.266221943964648 ] } },
{ "type": "Feature", "properties": { "CVEGEO": "16101", "CVE_ENT": "16", "CVE_MUN": "101", "NOMGEO": "Tzitzio", "estado_nombre": "Michoacán de Ocampo" }, "geometry": { "type": "Point", "coordinates": [ -100.91401196020162, 19.431620481561662 ] } },
{ "type": "Feature", "properties": { "CVEGEO": "16111", "CVE_ENT": "16", "CVE_MUN": "111", "NOMGEO": "Ziracuaretiro", "estado_nombre": "Michoacán de Ocampo" }, "geometry": { "type": "Point", "coordinates": [ -101.909044314300701, 19.428526543169486 ] } },
{ "type": "Feature", "properties": { "CVEGEO": "16034", "CVE_ENT": "16", "CVE_MUN": "034", "NOMGEO": "Hidalgo", "estado_nombre": "Michoacán de Ocampo" }, "geometry": { "type": "Point", "coordinates": [ -100.677897210290354, 19.612603390749829 ] } },
{ "type": "Feature", "properties": { "CVEGEO": "16017", "CVE_ENT": "16", "CVE_MUN": "017", "NOMGEO": "Contepec", "estado_nombre": "Michoacán de Ocampo" }, "geometry": { "type": "Point", "coordinates": [ -100.207588318281651, 19.959307817557615 ] } },
{ "type": "Feature", "properties": { "CVEGEO": "16016", "CVE_ENT": "16", "CVE_MUN": "016", "NOMGEO": "Coeneo", "estado_nombre": "Michoacán de Ocampo" }, "geometry": { "type": "Point", "coordinates": [ -101.627250132354234, 19.795293875742011 ] } },
{ "type": "Feature", "properties": { "CVEGEO": "16015", "CVE_ENT": "16", "CVE_MUN": "015", "NOMGEO": "Coalcomán de Vázquez Pallares", "estado_nombre": "Michoacán de Ocampo" }, "geometry": { "type": "Point", "coordinates": [ -103.08596683235443, 18.679652997824899 ] } },
{ "type": "Feature", "properties": { "CVEGEO": "16014", "CVE_ENT": "16", "CVE_MUN": "014", "NOMGEO": "Coahuayana", "estado_nombre": "Michoacán de Ocampo" }, "geometry": { "type": "Point", "coordinates": [ -103.615380475873934, 18.742809137046834 ] } },
{ "type": "Feature", "properties": { "CVEGEO": "16053", "CVE_ENT": "16", "CVE_MUN": "053", "NOMGEO": "Morelia", "estado_nombre": "Michoacán de Ocampo" }, "geometry": { "type": "Point", "coordinates": [ -101.279106635426061, 19.666593482436575 ] } },
{ "type": "Feature", "properties": { "CVEGEO": "16052", "CVE_ENT": "16", "CVE_MUN": "052", "NOMGEO": "Lázaro Cárdenas", "estado_nombre": "Michoacán de Ocampo" }, "geometry": { "type": "Point", "coordinates": [ -102.37538668868477, 18.088393764502317 ] } },
{ "type": "Feature", "properties": { "CVEGEO": "16051", "CVE_ENT": "16", "CVE_MUN": "051", "NOMGEO": "Marcos Castellanos", "estado_nombre": "Michoacán de Ocampo" }, "geometry": { "type": "Point", "coordinates": [ -102.96783387203898, 20.044823419785182 ] } },
{ "type": "Feature", "properties": { "CVEGEO": "16050", "CVE_ENT": "16", "CVE_MUN": "050", "NOMGEO": "Maravatío", "estado_nombre": "Michoacán de Ocampo" }, "geometry": { "type": "Point", "coordinates": [ -100.428952402511385, 19.88943860925599 ] } },
{ "type": "Feature", "properties": { "CVEGEO": "16049", "CVE_ENT": "16", "CVE_MUN": "049", "NOMGEO": "Madero", "estado_nombre": "Michoacán de Ocampo" }, "geometry": { "type": "Point", "coordinates": [ -101.170218188048111, 19.342468273929125 ] } },
{ "type": "Feature", "properties": { "CVEGEO": "16042", "CVE_ENT": "16", "CVE_MUN": "042", "NOMGEO": "Ixtlán", "estado_nombre": "Michoacán de Ocampo" }, "geometry": { "type": "Point", "coordinates": [ -102.405719233362404, 20.151362466344992 ] } },
{ "type": "Feature", "properties": { "CVEGEO": "16041", "CVE_ENT": "16", "CVE_MUN": "041", "NOMGEO": "Irimbo", "estado_nombre": "Michoacán de Ocampo" }, "geometry": { "type": "Point", "coordinates": [ -100.467999643019439, 19.716800130024392 ] } },
{ "type": "Feature", "properties": { "CVEGEO": "16038", "CVE_ENT": "16", "CVE_MUN": "038", "NOMGEO": "Huetamo", "estado_nombre": "Michoacán de Ocampo" }, "geometry": { "type": "Point", "coordinates": [ -101.105063857670828, 18.653870908266097 ] } },
{ "type": "Feature", "properties": { "CVEGEO": "16037", "CVE_ENT": "16", "CVE_MUN": "037", "NOMGEO": "Huaniqueo", "estado_nombre": "Michoacán de Ocampo" }, "geometry": { "type": "Point", "coordinates": [ -101.496478126173358, 19.891950704322181 ] } },
{ "type": "Feature", "properties": { "CVEGEO": "16036", "CVE_ENT": "16", "CVE_MUN": "036", "NOMGEO": "Huandacareo", "estado_nombre": "Michoacán de Ocampo" }, "geometry": { "type": "Point", "coordinates": [ -101.277766782501374, 19.996130353212667 ] } },
{ "type": "Feature", "properties": { "CVEGEO": "16035", "CVE_ENT": "16", "CVE_MUN": "035", "NOMGEO": "La Huacana", "estado_nombre": "Michoacán de Ocampo" }, "geometry": { "type": "Point", "coordinates": [ -101.921160857204114, 18.841959158173747 ] } },
{ "type": "Feature", "properties": { "CVEGEO": "16023", "CVE_ENT": "16", "CVE_MUN": "023", "NOMGEO": "Chavinda", "estado_nombre": "Michoacán de Ocampo" }, "geometry": { "type": "Point", "coordinates": [ -102.446706451697821, 20.044026373193063 ] } },
{ "type": "Feature", "properties": { "CVEGEO": "16025", "CVE_ENT": "16", "CVE_MUN": "025", "NOMGEO": "Chilchota", "estado_nombre": "Michoacán de Ocampo" }, "geometry": { "type": "Point", "coordinates": [ -102.101167572735818, 19.813352629478697 ] } },
{ "type": "Feature", "properties": { "CVEGEO": "16040", "CVE_ENT": "16", "CVE_MUN": "040", "NOMGEO": "Indaparapeo", "estado_nombre": "Michoacán de Ocampo" }, "geometry": { "type": "Point", "coordinates": [ -100.942158061065626, 19.766022057197844 ] } },
{ "type": "Feature", "properties": { "CVEGEO": "16039", "CVE_ENT": "16", "CVE_MUN": "039", "NOMGEO": "Huiramba", "estado_nombre": "Michoacán de Ocampo" }, "geometry": { "type": "Point", "coordinates": [ -101.457061595365715, 19.521542114944285 ] } },
{ "type": "Feature", "properties": { "CVEGEO": "16026", "CVE_ENT": "16", "CVE_MUN": "026", "NOMGEO": "Chinicuila", "estado_nombre": "Michoacán de Ocampo" }, "geometry": { "type": "Point", "coordinates": [ -103.408937870369286, 18.763896373864984 ] } },
{ "type": "Feature", "properties": { "CVEGEO": "16027", "CVE_ENT": "16", "CVE_MUN": "027", "NOMGEO": "Chucándiro", "estado_nombre": "Michoacán de Ocampo" }, "geometry": { "type": "Point", "coordinates": [ -101.362191327469105, 19.896950302411863 ] } },
{ "type": "Feature", "properties": { "CVEGEO": "16028", "CVE_ENT": "16", "CVE_MUN": "028", "NOMGEO": "Churintzio", "estado_nombre": "Michoacán de Ocampo" }, "geometry": { "type": "Point", "coordinates": [ -102.078029700780377, 20.128893059000593 ] } },
{ "type": "Feature", "properties": { "CVEGEO": "16029", "CVE_ENT": "16", "CVE_MUN": "029", "NOMGEO": "Churumuco", "estado_nombre": "Michoacán de Ocampo" }, "geometry": { "type": "Point", "coordinates": [ -101.616231882202896, 18.689243999609065 ] } },
{ "type": "Feature", "properties": { "CVEGEO": "16030", "CVE_ENT": "16", "CVE_MUN": "030", "NOMGEO": "Ecuandureo", "estado_nombre": "Michoacán de Ocampo" }, "geometry": { "type": "Point", "coordinates": [ -102.2434174929639, 20.155557867623628 ] } },
{ "type": "Feature", "properties": { "CVEGEO": "16054", "CVE_ENT": "16", "CVE_MUN": "054", "NOMGEO": "Morelos", "estado_nombre": "Michoacán de Ocampo" }, "geometry": { "type": "Point", "coordinates": [ -101.442995587336213, 19.989831134615454 ] } },
{ "type": "Feature", "properties": { "CVEGEO": "16033", "CVE_ENT": "16", "CVE_MUN": "033", "NOMGEO": "Gabriel Zamora", "estado_nombre": "Michoacán de Ocampo" }, "geometry": { "type": "Point", "coordinates": [ -102.007137331187437, 19.158817011027978 ] } },
{ "type": "Feature", "properties": { "CVEGEO": "16076", "CVE_ENT": "16", "CVE_MUN": "076", "NOMGEO": "Sahuayo", "estado_nombre": "Michoacán de Ocampo" }, "geometry": { "type": "Point", "coordinates": [ -102.766297341263325, 20.055140520150449 ] } },
{ "type": "Feature", "properties": { "CVEGEO": "16075", "CVE_ENT": "16", "CVE_MUN": "075", "NOMGEO": "Los Reyes", "estado_nombre": "Michoacán de Ocampo" }, "geometry": { "type": "Point", "coordinates": [ -102.395339574333661, 19.65284042053025 ] } },
{ "type": "Feature", "properties": { "CVEGEO": "16080", "CVE_ENT": "16", "CVE_MUN": "080", "NOMGEO": "Senguio", "estado_nombre": "Michoacán de Ocampo" }, "geometry": { "type": "Point", "coordinates": [ -100.342331701594048, 19.746176830978722 ] } },
{ "type": "Feature", "properties": { "CVEGEO": "16081", "CVE_ENT": "16", "CVE_MUN": "081", "NOMGEO": "Susupuato", "estado_nombre": "Michoacán de Ocampo" }, "geometry": { "type": "Point", "coordinates": [ -100.406867357062893, 19.191203781665529 ] } },
{ "type": "Feature", "properties": { "CVEGEO": "16082", "CVE_ENT": "16", "CVE_MUN": "082", "NOMGEO": "Tacámbaro", "estado_nombre": "Michoacán de Ocampo" }, "geometry": { "type": "Point", "coordinates": [ -101.452015920865392, 19.254835378815056 ] } },
{ "type": "Feature", "properties": { "CVEGEO": "16099", "CVE_ENT": "16", "CVE_MUN": "099", "NOMGEO": "Tuzantla", "estado_nombre": "Michoacán de Ocampo" }, "geometry": { "type": "Point", "coordinates": [ -100.617947371074493, 19.221801791839759 ] } },
{ "type": "Feature", "properties": { "CVEGEO": "16003", "CVE_ENT": "16", "CVE_MUN": "003", "NOMGEO": "Álvaro Obregón", "estado_nombre": "Michoacán de Ocampo" }, "geometry": { "type": "Point", "coordinates": [ -101.021757875139727, 19.873536884546056 ] } },
{ "type": "Feature", "properties": { "CVEGEO": "16090", "CVE_ENT": "16", "CVE_MUN": "090", "NOMGEO": "Tingambato", "estado_nombre": "Michoacán de Ocampo" }, "geometry": { "type": "Point", "coordinates": [ -101.850652849723232, 19.513887911223446 ] } },
{ "type": "Feature", "properties": { "CVEGEO": "16091", "CVE_ENT": "16", "CVE_MUN": "091", "NOMGEO": "Tingüindín", "estado_nombre": "Michoacán de Ocampo" }, "geometry": { "type": "Point", "coordinates": [ -102.500418321180987, 19.786732886834073 ] } },
{ "type": "Feature", "properties": { "CVEGEO": "16048", "CVE_ENT": "16", "CVE_MUN": "048", "NOMGEO": "Lagunillas", "estado_nombre": "Michoacán de Ocampo" }, "geometry": { "type": "Point", "coordinates": [ -101.41119493741482, 19.577998898204456 ] } },
{ "type": "Feature", "properties": { "CVEGEO": "16001", "CVE_ENT": "16", "CVE_MUN": "001", "NOMGEO": "Acuitzio", "estado_nombre": "Michoacán de Ocampo" }, "geometry": { "type": "Point", "coordinates": [ -101.340002333268615, 19.465830813903477 ] } },
{ "type": "Feature", "properties": { "CVEGEO": "16024", "CVE_ENT": "16", "CVE_MUN": "024", "NOMGEO": "Cherán", "estado_nombre": "Michoacán de Ocampo" }, "geometry": { "type": "Point", "coordinates": [ -101.989738881302372, 19.734618843252619 ] } },
{ "type": "Feature", "properties": { "CVEGEO": "16009", "CVE_ENT": "16", "CVE_MUN": "009", "NOMGEO": "Ario", "estado_nombre": "Michoacán de Ocampo" }, "geometry": { "type": "Point", "coordinates": [ -101.706672132828587, 19.156312301972676 ] } },
{ "type": "Feature", "properties": { "CVEGEO": "16008", "CVE_ENT": "16", "CVE_MUN": "008", "NOMGEO": "Aquila", "estado_nombre": "Michoacán de Ocampo" }, "geometry": { "type": "Point", "coordinates": [ -103.23568349614446, 18.374038232689564 ] } },
{ "type": "Feature", "properties": { "CVEGEO": "16007", "CVE_ENT": "16", "CVE_MUN": "007", "NOMGEO": "Aporo", "estado_nombre": "Michoacán de Ocampo" }, "geometry": { "type": "Point", "coordinates": [ -100.39542631792699, 19.661981822920396 ] } },
{ "type": "Feature", "properties": { "CVEGEO": "16006", "CVE_ENT": "16", "CVE_MUN": "006", "NOMGEO": "Apatzingán", "estado_nombre": "Michoacán de Ocampo" }, "geometry": { "type": "Point", "coordinates": [ -102.423322197437116, 18.938173105958736 ] } },
{ "type": "Feature", "properties": { "CVEGEO": "16005", "CVE_ENT": "16", "CVE_MUN": "005", "NOMGEO": "Angangueo", "estado_nombre": "Michoacán de Ocampo" }, "geometry": { "type": "Point", "coordinates": [ -100.298527069237252, 19.629229135483577 ] } },
{ "type": "Feature", "properties": { "CVEGEO": "16004", "CVE_ENT": "16", "CVE_MUN": "004", "NOMGEO": "Angamacutiro", "estado_nombre": "Michoacán de Ocampo" }, "geometry": { "type": "Point", "coordinates": [ -101.727762434346104, 20.138906123231219 ] } },
{ "type": "Feature", "properties": { "CVEGEO": "16011", "CVE_ENT": "16", "CVE_MUN": "011", "NOMGEO": "Briseñas", "estado_nombre": "Michoacán de Ocampo" }, "geometry": { "type": "Point", "coordinates": [ -102.589795327653221, 20.237543189125805 ] } },
{ "type": "Feature", "properties": { "CVEGEO": "16010", "CVE_ENT": "16", "CVE_MUN": "010", "NOMGEO": "Arteaga", "estado_nombre": "Michoacán de Ocampo" }, "geometry": { "type": "Point", "coordinates": [ -102.270681803467753, 18.364069957465585 ] } },
{ "type": "Feature", "properties": { "CVEGEO": "16110", "CVE_ENT": "16", "CVE_MUN": "110", "NOMGEO": "Zinapécuaro", "estado_nombre": "Michoacán de Ocampo" }, "geometry": { "type": "Point", "coordinates": [ -100.769285989016069, 19.870714470884465 ] } },
{ "type": "Feature", "properties": { "CVEGEO": "16109", "CVE_ENT": "16", "CVE_MUN": "109", "NOMGEO": "Zináparo", "estado_nombre": "Michoacán de Ocampo" }, "geometry": { "type": "Point", "coordinates": [ -102.011546517549888, 20.182484218722589 ] } },
{ "type": "Feature", "properties": { "CVEGEO": "16108", "CVE_ENT": "16", "CVE_MUN": "108", "NOMGEO": "Zamora", "estado_nombre": "Michoacán de Ocampo" }, "geometry": { "type": "Point", "coordinates": [ -102.2640703846712, 20.032981775048938 ] } },
{ "type": "Feature", "properties": { "CVEGEO": "16107", "CVE_ENT": "16", "CVE_MUN": "107", "NOMGEO": "Zacapu", "estado_nombre": "Michoacán de Ocampo" }, "geometry": { "type": "Point", "coordinates": [ -101.827866790087185, 19.82413731685503 ] } },
{ "type": "Feature", "properties": { "CVEGEO": "16106", "CVE_ENT": "16", "CVE_MUN": "106", "NOMGEO": "Yurécuaro", "estado_nombre": "Michoacán de Ocampo" }, "geometry": { "type": "Point", "coordinates": [ -102.219513918454751, 20.299267795359995 ] } },
{ "type": "Feature", "properties": { "CVEGEO": "16013", "CVE_ENT": "16", "CVE_MUN": "013", "NOMGEO": "Carácuaro", "estado_nombre": "Michoacán de Ocampo" }, "geometry": { "type": "Point", "coordinates": [ -101.03631427019414, 18.968827758698197 ] } },
{ "type": "Feature", "properties": { "CVEGEO": "16044", "CVE_ENT": "16", "CVE_MUN": "044", "NOMGEO": "Jiménez", "estado_nombre": "Michoacán de Ocampo" }, "geometry": { "type": "Point", "coordinates": [ -101.704392147988131, 19.926831133906369 ] } },
{ "type": "Feature", "properties": { "CVEGEO": "16043", "CVE_ENT": "16", "CVE_MUN": "043", "NOMGEO": "Jacona", "estado_nombre": "Michoacán de Ocampo" }, "geometry": { "type": "Point", "coordinates": [ -102.316001946487035, 19.934941444397303 ] } },
{ "type": "Feature", "properties": { "CVEGEO": "16077", "CVE_ENT": "16", "CVE_MUN": "077", "NOMGEO": "San Lucas", "estado_nombre": "Michoacán de Ocampo" }, "geometry": { "type": "Point", "coordinates": [ -100.762877822416783, 18.567258936663201 ] } },
{ "type": "Feature", "properties": { "CVEGEO": "16032", "CVE_ENT": "16", "CVE_MUN": "032", "NOMGEO": "Erongarícuaro", "estado_nombre": "Michoacán de Ocampo" }, "geometry": { "type": "Point", "coordinates": [ -101.725213793312591, 19.619788013822291 ] } },
{ "type": "Feature", "properties": { "CVEGEO": "16031", "CVE_ENT": "16", "CVE_MUN": "031", "NOMGEO": "Epitacio Huerta", "estado_nombre": "Michoacán de Ocampo" }, "geometry": { "type": "Point", "coordinates": [ -100.289341632628947, 20.147342177233963 ] } },
{ "type": "Feature", "properties": { "CVEGEO": "16098", "CVE_ENT": "16", "CVE_MUN": "098", "NOMGEO": "Tuxpan", "estado_nombre": "Michoacán de Ocampo" }, "geometry": { "type": "Point", "coordinates": [ -100.487877786234066, 19.568331865784966 ] } },
{ "type": "Feature", "properties": { "CVEGEO": "16097", "CVE_ENT": "16", "CVE_MUN": "097", "NOMGEO": "Turicato", "estado_nombre": "Michoacán de Ocampo" }, "geometry": { "type": "Point", "coordinates": [ -101.422116457713372, 18.932076027638271 ] } },
{ "type": "Feature", "properties": { "CVEGEO": "16096", "CVE_ENT": "16", "CVE_MUN": "096", "NOMGEO": "Tumbiscatío", "estado_nombre": "Michoacán de Ocampo" }, "geometry": { "type": "Point", "coordinates": [ -102.510032058558792, 18.550255004474899 ] } },
{ "type": "Feature", "properties": { "CVEGEO": "16113", "CVE_ENT": "16", "CVE_MUN": "113", "NOMGEO": "José Sixto Verduzco", "estado_nombre": "Michoacán de Ocampo" }, "geometry": { "type": "Point", "coordinates": [ -101.566932373142166, 20.256917256986977 ] } },
{ "type": "Feature", "properties": { "CVEGEO": "16112", "CVE_ENT": "16", "CVE_MUN": "112", "NOMGEO": "Zitácuaro", "estado_nombre": "Michoacán de Ocampo" }, "geometry": { "type": "Point", "coordinates": [ -100.337948855492257, 19.438225307511203 ] } },
{ "type": "Feature", "properties": { "CVEGEO": "17008", "CVE_ENT": "17", "CVE_MUN": "008", "NOMGEO": "Emiliano Zapata", "estado_nombre": "Morelos" }, "geometry": { "type": "Point", "coordinates": [ -99.180897617595093, 18.813725898087466 ] } },
{ "type": "Feature", "properties": { "CVEGEO": "17003", "CVE_ENT": "17", "CVE_MUN": "003", "NOMGEO": "Axochiapan", "estado_nombre": "Morelos" }, "geometry": { "type": "Point", "coordinates": [ -98.75211401157236, 18.525238962188119 ] } },
{ "type": "Feature", "properties": { "CVEGEO": "17036", "CVE_ENT": "17", "CVE_MUN": "036", "NOMGEO": "Hueyapan", "estado_nombre": "Morelos" }, "geometry": { "type": "Point", "coordinates": [ -98.692604139647116, 18.876092477983612 ] } },
{ "type": "Feature", "properties": { "CVEGEO": "17029", "CVE_ENT": "17", "CVE_MUN": "029", "NOMGEO": "Yautepec", "estado_nombre": "Morelos" }, "geometry": { "type": "Point", "coordinates": [ -99.052353351897253, 18.872235344781167 ] } },
{ "type": "Feature", "properties": { "CVEGEO": "17018", "CVE_ENT": "17", "CVE_MUN": "018", "NOMGEO": "Temixco", "estado_nombre": "Morelos" }, "geometry": { "type": "Point", "coordinates": [ -99.272242638267855, 18.842531383168911 ] } },
{ "type": "Feature", "properties": { "CVEGEO": "17014", "CVE_ENT": "17", "CVE_MUN": "014", "NOMGEO": "Mazatepec", "estado_nombre": "Morelos" }, "geometry": { "type": "Point", "coordinates": [ -99.365417334555545, 18.685914154642877 ] } },
{ "type": "Feature", "properties": { "CVEGEO": "17019", "CVE_ENT": "17", "CVE_MUN": "019", "NOMGEO": "Tepalcingo", "estado_nombre": "Morelos" }, "geometry": { "type": "Point", "coordinates": [ -98.894252449084988, 18.574775276335345 ] } },
{ "type": "Feature", "properties": { "CVEGEO": "17006", "CVE_ENT": "17", "CVE_MUN": "006", "NOMGEO": "Cuautla", "estado_nombre": "Morelos" }, "geometry": { "type": "Point", "coordinates": [ -98.96180448824839, 18.82705976318271 ] } },
{ "type": "Feature", "properties": { "CVEGEO": "17001", "CVE_ENT": "17", "CVE_MUN": "001", "NOMGEO": "Amacuzac", "estado_nombre": "Morelos" }, "geometry": { "type": "Point", "coordinates": [ -99.386684961151005, 18.590000500692323 ] } },
{ "type": "Feature", "properties": { "CVEGEO": "17025", "CVE_ENT": "17", "CVE_MUN": "025", "NOMGEO": "Tlaquiltenango", "estado_nombre": "Morelos" }, "geometry": { "type": "Point", "coordinates": [ -99.074729091751536, 18.499132380509632 ] } },
{ "type": "Feature", "properties": { "CVEGEO": "17002", "CVE_ENT": "17", "CVE_MUN": "002", "NOMGEO": "Atlatlahucan", "estado_nombre": "Morelos" }, "geometry": { "type": "Point", "coordinates": [ -98.894501104616722, 18.93504973790219 ] } },
{ "type": "Feature", "properties": { "CVEGEO": "17026", "CVE_ENT": "17", "CVE_MUN": "026", "NOMGEO": "Tlayacapan", "estado_nombre": "Morelos" }, "geometry": { "type": "Point", "coordinates": [ -98.975033074812558, 18.95402745137315 ] } },
{ "type": "Feature", "properties": { "CVEGEO": "17023", "CVE_ENT": "17", "CVE_MUN": "023", "NOMGEO": "Tlalnepantla", "estado_nombre": "Morelos" }, "geometry": { "type": "Point", "coordinates": [ -98.99024026903092, 19.038705572681014 ] } },
{ "type": "Feature", "properties": { "CVEGEO": "17004", "CVE_ENT": "17", "CVE_MUN": "004", "NOMGEO": "Ayala", "estado_nombre": "Morelos" }, "geometry": { "type": "Point", "coordinates": [ -98.97897016446251, 18.716217939691173 ] } },
{ "type": "Feature", "properties": { "CVEGEO": "17010", "CVE_ENT": "17", "CVE_MUN": "010", "NOMGEO": "Jantetelco", "estado_nombre": "Morelos" }, "geometry": { "type": "Point", "coordinates": [ -98.764711224987593, 18.685405414521334 ] } },
{ "type": "Feature", "properties": { "CVEGEO": "17017", "CVE_ENT": "17", "CVE_MUN": "017", "NOMGEO": "Puente de Ixtla", "estado_nombre": "Morelos" }, "geometry": { "type": "Point", "coordinates": [ -99.295761893276335, 18.551013112272429 ] } },
{ "type": "Feature", "properties": { "CVEGEO": "17015", "CVE_ENT": "17", "CVE_MUN": "015", "NOMGEO": "Miacatlán", "estado_nombre": "Morelos" }, "geometry": { "type": "Point", "coordinates": [ -99.369478037224809, 18.825306961091862 ] } },
{ "type": "Feature", "properties": { "CVEGEO": "17022", "CVE_ENT": "17", "CVE_MUN": "022", "NOMGEO": "Tetela del Volcán", "estado_nombre": "Morelos" }, "geometry": { "type": "Point", "coordinates": [ -98.711976282552428, 18.912654741189098 ] } },
{ "type": "Feature", "properties": { "CVEGEO": "17009", "CVE_ENT": "17", "CVE_MUN": "009", "NOMGEO": "Huitzilac", "estado_nombre": "Morelos" }, "geometry": { "type": "Point", "coordinates": [ -99.236627704899206, 19.057591177928984 ] } },
{ "type": "Feature", "properties": { "CVEGEO": "17011", "CVE_ENT": "17", "CVE_MUN": "011", "NOMGEO": "Jiutepec", "estado_nombre": "Morelos" }, "geometry": { "type": "Point", "coordinates": [ -99.16645087205471, 18.885158403025901 ] } },
{ "type": "Feature", "properties": { "CVEGEO": "17012", "CVE_ENT": "17", "CVE_MUN": "012", "NOMGEO": "Jojutla", "estado_nombre": "Morelos" }, "geometry": { "type": "Point", "coordinates": [ -99.22253350384247, 18.584546463332746 ] } },
{ "type": "Feature", "properties": { "CVEGEO": "17024", "CVE_ENT": "17", "CVE_MUN": "024", "NOMGEO": "Tlaltizapán de Zapata", "estado_nombre": "Morelos" }, "geometry": { "type": "Point", "coordinates": [ -99.108245966727637, 18.704952434156073 ] } },
{ "type": "Feature", "properties": { "CVEGEO": "17030", "CVE_ENT": "17", "CVE_MUN": "030", "NOMGEO": "Yecapixtla", "estado_nombre": "Morelos" }, "geometry": { "type": "Point", "coordinates": [ -98.856812347930713, 18.852697552532071 ] } },
{ "type": "Feature", "properties": { "CVEGEO": "17013", "CVE_ENT": "17", "CVE_MUN": "013", "NOMGEO": "Jonacatepec de Leandro Valle", "estado_nombre": "Morelos" }, "geometry": { "type": "Point", "coordinates": [ -98.809414211452349, 18.663757175827751 ] } },
{ "type": "Feature", "properties": { "CVEGEO": "17034", "CVE_ENT": "17", "CVE_MUN": "034", "NOMGEO": "Coatetelco", "estado_nombre": "Morelos" }, "geometry": { "type": "Point", "coordinates": [ -99.311832434210828, 18.734936710407425 ] } },
{ "type": "Feature", "properties": { "CVEGEO": "17020", "CVE_ENT": "17", "CVE_MUN": "020", "NOMGEO": "Tepoztlán", "estado_nombre": "Morelos" }, "geometry": { "type": "Point", "coordinates": [ -99.105260795422254, 18.984397199878501 ] } },
{ "type": "Feature", "properties": { "CVEGEO": "17031", "CVE_ENT": "17", "CVE_MUN": "031", "NOMGEO": "Zacatepec", "estado_nombre": "Morelos" }, "geometry": { "type": "Point", "coordinates": [ -99.202714080795303, 18.655654114608122 ] } },
{ "type": "Feature", "properties": { "CVEGEO": "17021", "CVE_ENT": "17", "CVE_MUN": "021", "NOMGEO": "Tetecala", "estado_nombre": "Morelos" }, "geometry": { "type": "Point", "coordinates": [ -99.412394054876259, 18.692735642101152 ] } },
{ "type": "Feature", "properties": { "CVEGEO": "17027", "CVE_ENT": "17", "CVE_MUN": "027", "NOMGEO": "Totolapan", "estado_nombre": "Morelos" }, "geometry": { "type": "Point", "coordinates": [ -98.918031685806298, 19.000435701964317 ] } },
{ "type": "Feature", "properties": { "CVEGEO": "17016", "CVE_ENT": "17", "CVE_MUN": "016", "NOMGEO": "Ocuituco", "estado_nombre": "Morelos" }, "geometry": { "type": "Point", "coordinates": [ -98.780960850747562, 18.88157206142024 ] } },
{ "type": "Feature", "properties": { "CVEGEO": "17032", "CVE_ENT": "17", "CVE_MUN": "032", "NOMGEO": "Zacualpan de Amilpas", "estado_nombre": "Morelos" }, "geometry": { "type": "Point", "coordinates": [ -98.753798174530985, 18.806876212189206 ] } },
{ "type": "Feature", "properties": { "CVEGEO": "17033", "CVE_ENT": "17", "CVE_MUN": "033", "NOMGEO": "Temoac", "estado_nombre": "Morelos" }, "geometry": { "type": "Point", "coordinates": [ -98.79049403452133, 18.759241415538309 ] } },
{ "type": "Feature", "properties": { "CVEGEO": "17035", "CVE_ENT": "17", "CVE_MUN": "035", "NOMGEO": "Xoxocotla", "estado_nombre": "Morelos" }, "geometry": { "type": "Point", "coordinates": [ -99.246850135351593, 18.683353463532853 ] } },
{ "type": "Feature", "properties": { "CVEGEO": "17007", "CVE_ENT": "17", "CVE_MUN": "007", "NOMGEO": "Cuernavaca", "estado_nombre": "Morelos" }, "geometry": { "type": "Point", "coordinates": [ -99.263026543002212, 18.938878893641597 ] } },
{ "type": "Feature", "properties": { "CVEGEO": "17005", "CVE_ENT": "17", "CVE_MUN": "005", "NOMGEO": "Coatlán del Río", "estado_nombre": "Morelos" }, "geometry": { "type": "Point", "coordinates": [ -99.445777063232399, 18.731830077551297 ] } },
{ "type": "Feature", "properties": { "CVEGEO": "17028", "CVE_ENT": "17", "CVE_MUN": "028", "NOMGEO": "Xochitepec", "estado_nombre": "Morelos" }, "geometry": { "type": "Point", "coordinates": [ -99.2352735452084, 18.761898366444477 ] } },
{ "type": "Feature", "properties": { "CVEGEO": "18009", "CVE_ENT": "18", "CVE_MUN": "009", "NOMGEO": "Del Nayar", "estado_nombre": "Nayarit" }, "geometry": { "type": "Point", "coordinates": [ -104.657108641143068, 22.129070661831804 ] } },
{ "type": "Feature", "properties": { "CVEGEO": "18003", "CVE_ENT": "18", "CVE_MUN": "003", "NOMGEO": "Amatlán de Cañas", "estado_nombre": "Nayarit" }, "geometry": { "type": "Point", "coordinates": [ -104.401450902007113, 20.848471263482388 ] } },
{ "type": "Feature", "properties": { "CVEGEO": "18015", "CVE_ENT": "18", "CVE_MUN": "015", "NOMGEO": "Santiago Ixcuintla", "estado_nombre": "Nayarit" }, "geometry": { "type": "Point", "coordinates": [ -105.322792755793515, 21.854101557833591 ] } },
{ "type": "Feature", "properties": { "CVEGEO": "18014", "CVE_ENT": "18", "CVE_MUN": "014", "NOMGEO": "Santa María del Oro", "estado_nombre": "Nayarit" }, "geometry": { "type": "Point", "coordinates": [ -104.590333033770591, 21.356485166882795 ] } },
{ "type": "Feature", "properties": { "CVEGEO": "18007", "CVE_ENT": "18", "CVE_MUN": "007", "NOMGEO": "Jala", "estado_nombre": "Nayarit" }, "geometry": { "type": "Point", "coordinates": [ -104.39932076423429, 21.184073425994356 ] } },
{ "type": "Feature", "properties": { "CVEGEO": "18005", "CVE_ENT": "18", "CVE_MUN": "005", "NOMGEO": "Huajicori", "estado_nombre": "Nayarit" }, "geometry": { "type": "Point", "coordinates": [ -105.244217579838207, 22.788538994147853 ] } },
{ "type": "Feature", "properties": { "CVEGEO": "18017", "CVE_ENT": "18", "CVE_MUN": "017", "NOMGEO": "Tepic", "estado_nombre": "Nayarit" }, "geometry": { "type": "Point", "coordinates": [ -104.84061352774296, 21.625316333210517 ] } },
{ "type": "Feature", "properties": { "CVEGEO": "18013", "CVE_ENT": "18", "CVE_MUN": "013", "NOMGEO": "San Pedro Lagunillas", "estado_nombre": "Nayarit" }, "geometry": { "type": "Point", "coordinates": [ -104.748797225734066, 21.161074531183967 ] } },
{ "type": "Feature", "properties": { "CVEGEO": "18012", "CVE_ENT": "18", "CVE_MUN": "012", "NOMGEO": "San Blas", "estado_nombre": "Nayarit" }, "geometry": { "type": "Point", "coordinates": [ -105.486939131343618, 21.567344885580802 ] } },
{ "type": "Feature", "properties": { "CVEGEO": "18011", "CVE_ENT": "18", "CVE_MUN": "011", "NOMGEO": "Ruíz", "estado_nombre": "Nayarit" }, "geometry": { "type": "Point", "coordinates": [ -104.962561582029792, 21.991105492399139 ] } },
{ "type": "Feature", "properties": { "CVEGEO": "18010", "CVE_ENT": "18", "CVE_MUN": "010", "NOMGEO": "Rosamorada", "estado_nombre": "Nayarit" }, "geometry": { "type": "Point", "coordinates": [ -105.214540646711853, 22.117708676685623 ] } },
{ "type": "Feature", "properties": { "CVEGEO": "18002", "CVE_ENT": "18", "CVE_MUN": "002", "NOMGEO": "Ahuacatlán", "estado_nombre": "Nayarit" }, "geometry": { "type": "Point", "coordinates": [ -104.576343526827642, 21.041112454951289 ] } },
{ "type": "Feature", "properties": { "CVEGEO": "18001", "CVE_ENT": "18", "CVE_MUN": "001", "NOMGEO": "Acaponeta", "estado_nombre": "Nayarit" }, "geometry": { "type": "Point", "coordinates": [ -105.258957306578068, 22.464837724681921 ] } },
{ "type": "Feature", "properties": { "CVEGEO": "18018", "CVE_ENT": "18", "CVE_MUN": "018", "NOMGEO": "Tuxpan", "estado_nombre": "Nayarit" }, "geometry": { "type": "Point", "coordinates": [ -105.374423352274746, 21.961558492516005 ] } },
{ "type": "Feature", "properties": { "CVEGEO": "18019", "CVE_ENT": "18", "CVE_MUN": "019", "NOMGEO": "La Yesca", "estado_nombre": "Nayarit" }, "geometry": { "type": "Point", "coordinates": [ -104.150892473720816, 21.542815562374837 ] } },
{ "type": "Feature", "properties": { "CVEGEO": "18004", "CVE_ENT": "18", "CVE_MUN": "004", "NOMGEO": "Compostela", "estado_nombre": "Nayarit" }, "geometry": { "type": "Point", "coordinates": [ -105.057136038421817, 21.131783684953842 ] } },
{ "type": "Feature", "properties": { "CVEGEO": "18006", "CVE_ENT": "18", "CVE_MUN": "006", "NOMGEO": "Ixtlán del Río", "estado_nombre": "Nayarit" }, "geometry": { "type": "Point", "coordinates": [ -104.306955923768484, 21.033428178333054 ] } },
{ "type": "Feature", "properties": { "CVEGEO": "18020", "CVE_ENT": "18", "CVE_MUN": "020", "NOMGEO": "Bahía de Banderas", "estado_nombre": "Nayarit" }, "geometry": { "type": "Point", "coordinates": [ -105.268779240688346, 20.847800472940595 ] } },
{ "type": "Feature", "properties": { "CVEGEO": "18008", "CVE_ENT": "18", "CVE_MUN": "008", "NOMGEO": "Xalisco", "estado_nombre": "Nayarit" }, "geometry": { "type": "Point", "coordinates": [ -104.954008177560183, 21.393737406512994 ] } },
{ "type": "Feature", "properties": { "CVEGEO": "18016", "CVE_ENT": "18", "CVE_MUN": "016", "NOMGEO": "Tecuala", "estado_nombre": "Nayarit" }, "geometry": { "type": "Point", "coordinates": [ -105.519652015024732, 22.337076378596343 ] } },
{ "type": "Feature", "properties": { "CVEGEO": "19035", "CVE_ENT": "19", "CVE_MUN": "035", "NOMGEO": "Melchor Ocampo", "estado_nombre": "Nuevo León" }, "geometry": { "type": "Point", "coordinates": [ -99.493515948912702, 26.04893061357923 ] } },
{ "type": "Feature", "properties": { "CVEGEO": "19036", "CVE_ENT": "19", "CVE_MUN": "036", "NOMGEO": "Mier y Noriega", "estado_nombre": "Nuevo León" }, "geometry": { "type": "Point", "coordinates": [ -100.160407969363845, 23.417916554273482 ] } },
{ "type": "Feature", "properties": { "CVEGEO": "19002", "CVE_ENT": "19", "CVE_MUN": "002", "NOMGEO": "Agualeguas", "estado_nombre": "Nuevo León" }, "geometry": { "type": "Point", "coordinates": [ -99.703082779173272, 26.298712064770797 ] } },
{ "type": "Feature", "properties": { "CVEGEO": "19013", "CVE_ENT": "19", "CVE_MUN": "013", "NOMGEO": "China", "estado_nombre": "Nuevo León" }, "geometry": { "type": "Point", "coordinates": [ -98.972409174806089, 25.480158773629789 ] } },
{ "type": "Feature", "properties": { "CVEGEO": "19014", "CVE_ENT": "19", "CVE_MUN": "014", "NOMGEO": "Doctor Arroyo", "estado_nombre": "Nuevo León" }, "geometry": { "type": "Point", "coordinates": [ -100.306266485106832, 23.860108379123385 ] } },
{ "type": "Feature", "properties": { "CVEGEO": "19032", "CVE_ENT": "19", "CVE_MUN": "032", "NOMGEO": "Lampazos de Naranjo", "estado_nombre": "Nuevo León" }, "geometry": { "type": "Point", "coordinates": [ -100.418215928072854, 27.05084140980637 ] } },
{ "type": "Feature", "properties": { "CVEGEO": "19001", "CVE_ENT": "19", "CVE_MUN": "001", "NOMGEO": "Abasolo", "estado_nombre": "Nuevo León" }, "geometry": { "type": "Point", "coordinates": [ -100.405942413744413, 25.940543410029594 ] } },
{ "type": "Feature", "properties": { "CVEGEO": "19031", "CVE_ENT": "19", "CVE_MUN": "031", "NOMGEO": "Juárez", "estado_nombre": "Nuevo León" }, "geometry": { "type": "Point", "coordinates": [ -100.121406206878973, 25.614086821328524 ] } },
{ "type": "Feature", "properties": { "CVEGEO": "19015", "CVE_ENT": "19", "CVE_MUN": "015", "NOMGEO": "Doctor Coss", "estado_nombre": "Nuevo León" }, "geometry": { "type": "Point", "coordinates": [ -99.030873409953912, 25.964091084553463 ] } },
{ "type": "Feature", "properties": { "CVEGEO": "19043", "CVE_ENT": "19", "CVE_MUN": "043", "NOMGEO": "Rayones", "estado_nombre": "Nuevo León" }, "geometry": { "type": "Point", "coordinates": [ -100.127732598546601, 25.065823440687819 ] } },
{ "type": "Feature", "properties": { "CVEGEO": "19048", "CVE_ENT": "19", "CVE_MUN": "048", "NOMGEO": "Santa Catarina", "estado_nombre": "Nuevo León" }, "geometry": { "type": "Point", "coordinates": [ -100.483863372396272, 25.574610308008591 ] } },
{ "type": "Feature", "properties": { "CVEGEO": "19047", "CVE_ENT": "19", "CVE_MUN": "047", "NOMGEO": "Hidalgo", "estado_nombre": "Nuevo León" }, "geometry": { "type": "Point", "coordinates": [ -100.453190116584537, 25.99940226228841 ] } },
{ "type": "Feature", "properties": { "CVEGEO": "19040", "CVE_ENT": "19", "CVE_MUN": "040", "NOMGEO": "Parás", "estado_nombre": "Nuevo León" }, "geometry": { "type": "Point", "coordinates": [ -99.60155405299048, 26.583042449660674 ] } },
{ "type": "Feature", "properties": { "CVEGEO": "19037", "CVE_ENT": "19", "CVE_MUN": "037", "NOMGEO": "Mina", "estado_nombre": "Nuevo León" }, "geometry": { "type": "Point", "coordinates": [ -100.7862766106213, 26.285583557848277 ] } },
{ "type": "Feature", "properties": { "CVEGEO": "19027", "CVE_ENT": "19", "CVE_MUN": "027", "NOMGEO": "Los Herreras", "estado_nombre": "Nuevo León" }, "geometry": { "type": "Point", "coordinates": [ -99.414239829574697, 25.916079011611664 ] } },
{ "type": "Feature", "properties": { "CVEGEO": "19020", "CVE_ENT": "19", "CVE_MUN": "020", "NOMGEO": "General Bravo", "estado_nombre": "Nuevo León" }, "geometry": { "type": "Point", "coordinates": [ -98.848418063055689, 25.803314790763515 ] } },
{ "type": "Feature", "properties": { "CVEGEO": "19005", "CVE_ENT": "19", "CVE_MUN": "005", "NOMGEO": "Anáhuac", "estado_nombre": "Nuevo León" }, "geometry": { "type": "Point", "coordinates": [ -100.025354603038139, 27.342153964600897 ] } },
{ "type": "Feature", "properties": { "CVEGEO": "19019", "CVE_ENT": "19", "CVE_MUN": "019", "NOMGEO": "San Pedro Garza García", "estado_nombre": "Nuevo León" }, "geometry": { "type": "Point", "coordinates": [ -100.374757698380165, 25.644597482940913 ] } },
{ "type": "Feature", "properties": { "CVEGEO": "19041", "CVE_ENT": "19", "CVE_MUN": "041", "NOMGEO": "Pesquería", "estado_nombre": "Nuevo León" }, "geometry": { "type": "Point", "coordinates": [ -99.977134742508895, 25.736768660841193 ] } },
{ "type": "Feature", "properties": { "CVEGEO": "19008", "CVE_ENT": "19", "CVE_MUN": "008", "NOMGEO": "Bustamante", "estado_nombre": "Nuevo León" }, "geometry": { "type": "Point", "coordinates": [ -100.561792489913728, 26.571711107668811 ] } },
{ "type": "Feature", "properties": { "CVEGEO": "19026", "CVE_ENT": "19", "CVE_MUN": "026", "NOMGEO": "Guadalupe", "estado_nombre": "Nuevo León" }, "geometry": { "type": "Point", "coordinates": [ -100.20559884541764, 25.67276048348317 ] } },
{ "type": "Feature", "properties": { "CVEGEO": "19051", "CVE_ENT": "19", "CVE_MUN": "051", "NOMGEO": "Villaldama", "estado_nombre": "Nuevo León" }, "geometry": { "type": "Point", "coordinates": [ -100.348069510631134, 26.469704614011203 ] } },
{ "type": "Feature", "properties": { "CVEGEO": "19007", "CVE_ENT": "19", "CVE_MUN": "007", "NOMGEO": "Aramberri", "estado_nombre": "Nuevo León" }, "geometry": { "type": "Point", "coordinates": [ -99.886508928752306, 24.225117700050887 ] } },
{ "type": "Feature", "properties": { "CVEGEO": "19050", "CVE_ENT": "19", "CVE_MUN": "050", "NOMGEO": "Vallecillo", "estado_nombre": "Nuevo León" }, "geometry": { "type": "Point", "coordinates": [ -99.884762710533181, 26.648106011241961 ] } },
{ "type": "Feature", "properties": { "CVEGEO": "19049", "CVE_ENT": "19", "CVE_MUN": "049", "NOMGEO": "Santiago", "estado_nombre": "Nuevo León" }, "geometry": { "type": "Point", "coordinates": [ -100.237322869193093, 25.38489715939393 ] } },
{ "type": "Feature", "properties": { "CVEGEO": "19034", "CVE_ENT": "19", "CVE_MUN": "034", "NOMGEO": "Marín", "estado_nombre": "Nuevo León" }, "geometry": { "type": "Point", "coordinates": [ -99.96461834687922, 25.874517998981538 ] } },
{ "type": "Feature", "properties": { "CVEGEO": "19045", "CVE_ENT": "19", "CVE_MUN": "045", "NOMGEO": "Salinas Victoria", "estado_nombre": "Nuevo León" }, "geometry": { "type": "Point", "coordinates": [ -100.270385326234404, 26.161052226922187 ] } },
{ "type": "Feature", "properties": { "CVEGEO": "19038", "CVE_ENT": "19", "CVE_MUN": "038", "NOMGEO": "Montemorelos", "estado_nombre": "Nuevo León" }, "geometry": { "type": "Point", "coordinates": [ -99.808380542944022, 25.126305421835976 ] } },
{ "type": "Feature", "properties": { "CVEGEO": "19033", "CVE_ENT": "19", "CVE_MUN": "033", "NOMGEO": "Linares", "estado_nombre": "Nuevo León" }, "geometry": { "type": "Point", "coordinates": [ -99.529219527746847, 24.851770590331828 ] } },
{ "type": "Feature", "properties": { "CVEGEO": "19010", "CVE_ENT": "19", "CVE_MUN": "010", "NOMGEO": "El Carmen", "estado_nombre": "Nuevo León" }, "geometry": { "type": "Point", "coordinates": [ -100.356884550363688, 25.900771141577451 ] } },
{ "type": "Feature", "properties": { "CVEGEO": "19023", "CVE_ENT": "19", "CVE_MUN": "023", "NOMGEO": "General Treviño", "estado_nombre": "Nuevo León" }, "geometry": { "type": "Point", "coordinates": [ -99.44596718967081, 26.212648448900829 ] } },
{ "type": "Feature", "properties": { "CVEGEO": "19009", "CVE_ENT": "19", "CVE_MUN": "009", "NOMGEO": "Cadereyta Jiménez", "estado_nombre": "Nuevo León" }, "geometry": { "type": "Point", "coordinates": [ -99.914185439012456, 25.524590524970179 ] } },
{ "type": "Feature", "properties": { "CVEGEO": "19029", "CVE_ENT": "19", "CVE_MUN": "029", "NOMGEO": "Hualahuises", "estado_nombre": "Nuevo León" }, "geometry": { "type": "Point", "coordinates": [ -99.67809605826119, 24.883790865399341 ] } },
{ "type": "Feature", "properties": { "CVEGEO": "19030", "CVE_ENT": "19", "CVE_MUN": "030", "NOMGEO": "Iturbide", "estado_nombre": "Nuevo León" }, "geometry": { "type": "Point", "coordinates": [ -99.848715638876186, 24.638417685392756 ] } },
{ "type": "Feature", "properties": { "CVEGEO": "19006", "CVE_ENT": "19", "CVE_MUN": "006", "NOMGEO": "Apodaca", "estado_nombre": "Nuevo León" }, "geometry": { "type": "Point", "coordinates": [ -100.187380522849139, 25.792542222091004 ] } },
{ "type": "Feature", "properties": { "CVEGEO": "19028", "CVE_ENT": "19", "CVE_MUN": "028", "NOMGEO": "Higueras", "estado_nombre": "Nuevo León" }, "geometry": { "type": "Point", "coordinates": [ -99.997508013853434, 26.033168118297475 ] } },
{ "type": "Feature", "properties": { "CVEGEO": "19025", "CVE_ENT": "19", "CVE_MUN": "025", "NOMGEO": "General Zuazua", "estado_nombre": "Nuevo León" }, "geometry": { "type": "Point", "coordinates": [ -100.134819722115196, 25.911392190797311 ] } },
{ "type": "Feature", "properties": { "CVEGEO": "19046", "CVE_ENT": "19", "CVE_MUN": "046", "NOMGEO": "San Nicolás de los Garza", "estado_nombre": "Nuevo León" }, "geometry": { "type": "Point", "coordinates": [ -100.270692628646373, 25.736076323948911 ] } },
{ "type": "Feature", "properties": { "CVEGEO": "19021", "CVE_ENT": "19", "CVE_MUN": "021", "NOMGEO": "General Escobedo", "estado_nombre": "Nuevo León" }, "geometry": { "type": "Point", "coordinates": [ -100.355575014694523, 25.821866667981205 ] } },
{ "type": "Feature", "properties": { "CVEGEO": "19003", "CVE_ENT": "19", "CVE_MUN": "003", "NOMGEO": "Los Aldamas", "estado_nombre": "Nuevo León" }, "geometry": { "type": "Point", "coordinates": [ -99.273480150267432, 26.091506056986862 ] } },
{ "type": "Feature", "properties": { "CVEGEO": "19042", "CVE_ENT": "19", "CVE_MUN": "042", "NOMGEO": "Los Ramones", "estado_nombre": "Nuevo León" }, "geometry": { "type": "Point", "coordinates": [ -99.58766697981136, 25.653310125668764 ] } },
{ "type": "Feature", "properties": { "CVEGEO": "19018", "CVE_ENT": "19", "CVE_MUN": "018", "NOMGEO": "García", "estado_nombre": "Nuevo León" }, "geometry": { "type": "Point", "coordinates": [ -100.659776947649121, 25.809010569158858 ] } },
{ "type": "Feature", "properties": { "CVEGEO": "19017", "CVE_ENT": "19", "CVE_MUN": "017", "NOMGEO": "Galeana", "estado_nombre": "Nuevo León" }, "geometry": { "type": "Point", "coordinates": [ -100.392287247489335, 24.760508998153604 ] } },
{ "type": "Feature", "properties": { "CVEGEO": "19016", "CVE_ENT": "19", "CVE_MUN": "016", "NOMGEO": "Doctor González", "estado_nombre": "Nuevo León" }, "geometry": { "type": "Point", "coordinates": [ -99.804979958938603, 25.849252008974894 ] } },
{ "type": "Feature", "properties": { "CVEGEO": "19011", "CVE_ENT": "19", "CVE_MUN": "011", "NOMGEO": "Cerralvo", "estado_nombre": "Nuevo León" }, "geometry": { "type": "Point", "coordinates": [ -99.705373517311742, 26.072317961563034 ] } },
{ "type": "Feature", "properties": { "CVEGEO": "19044", "CVE_ENT": "19", "CVE_MUN": "044", "NOMGEO": "Sabinas Hidalgo", "estado_nombre": "Nuevo León" }, "geometry": { "type": "Point", "coordinates": [ -100.149288250003806, 26.575102311869074 ] } },
{ "type": "Feature", "properties": { "CVEGEO": "19004", "CVE_ENT": "19", "CVE_MUN": "004", "NOMGEO": "Allende", "estado_nombre": "Nuevo León" }, "geometry": { "type": "Point", "coordinates": [ -100.029518341469682, 25.301434116098292 ] } },
{ "type": "Feature", "properties": { "CVEGEO": "19022", "CVE_ENT": "19", "CVE_MUN": "022", "NOMGEO": "General Terán", "estado_nombre": "Nuevo León" }, "geometry": { "type": "Point", "coordinates": [ -99.413016610231395, 25.275873971881165 ] } },
{ "type": "Feature", "properties": { "CVEGEO": "19024", "CVE_ENT": "19", "CVE_MUN": "024", "NOMGEO": "General Zaragoza", "estado_nombre": "Nuevo León" }, "geometry": { "type": "Point", "coordinates": [ -99.740173515817162, 23.901029042557365 ] } },
{ "type": "Feature", "properties": { "CVEGEO": "19039", "CVE_ENT": "19", "CVE_MUN": "039", "NOMGEO": "Monterrey", "estado_nombre": "Nuevo León" }, "geometry": { "type": "Point", "coordinates": [ -100.310951799591081, 25.64464036285429 ] } },
{ "type": "Feature", "properties": { "CVEGEO": "19012", "CVE_ENT": "19", "CVE_MUN": "012", "NOMGEO": "Ciénega de Flores", "estado_nombre": "Nuevo León" }, "geometry": { "type": "Point", "coordinates": [ -100.185435512436172, 25.977458463812717 ] } },
{ "type": "Feature", "properties": { "CVEGEO": "20155", "CVE_ENT": "20", "CVE_MUN": "155", "NOMGEO": "San Ildefonso Sola", "estado_nombre": "Oaxaca" }, "geometry": { "type": "Point", "coordinates": [ -96.956035426695365, 16.591934611539969 ] } },
{ "type": "Feature", "properties": { "CVEGEO": "20481", "CVE_ENT": "20", "CVE_MUN": "481", "NOMGEO": "Santiago Nuyoó", "estado_nombre": "Oaxaca" }, "geometry": { "type": "Point", "coordinates": [ -97.759790169350111, 17.006470809191917 ] } },
{ "type": "Feature", "properties": { "CVEGEO": "20378", "CVE_ENT": "20", "CVE_MUN": "378", "NOMGEO": "Santa Cruz Mixtepec", "estado_nombre": "Oaxaca" }, "geometry": { "type": "Point", "coordinates": [ -96.905339531960209, 16.789997167623394 ] } },
{ "type": "Feature", "properties": { "CVEGEO": "20334", "CVE_ENT": "20", "CVE_MUN": "334", "NOMGEO": "Villa de Tututepec", "estado_nombre": "Oaxaca" }, "geometry": { "type": "Point", "coordinates": [ -97.537394016865917, 16.077556877409709 ] } },
{ "type": "Feature", "properties": { "CVEGEO": "20437", "CVE_ENT": "20", "CVE_MUN": "437", "NOMGEO": "Santa María Tlahuitoltepec", "estado_nombre": "Oaxaca" }, "geometry": { "type": "Point", "coordinates": [ -96.05367628052997, 17.11428485513526 ] } },
{ "type": "Feature", "properties": { "CVEGEO": "20441", "CVE_ENT": "20", "CVE_MUN": "441", "NOMGEO": "Santa María Xadani", "estado_nombre": "Oaxaca" }, "geometry": { "type": "Point", "coordinates": [ -95.026339632226183, 16.363463028787372 ] } },
{ "type": "Feature", "properties": { "CVEGEO": "20446", "CVE_ENT": "20", "CVE_MUN": "446", "NOMGEO": "Santa María Yucuhiti", "estado_nombre": "Oaxaca" }, "geometry": { "type": "Point", "coordinates": [ -97.803278952254757, 17.035115933217085 ] } },
{ "type": "Feature", "properties": { "CVEGEO": "20447", "CVE_ENT": "20", "CVE_MUN": "447", "NOMGEO": "Santa María Zacatepec", "estado_nombre": "Oaxaca" }, "geometry": { "type": "Point", "coordinates": [ -97.973742419717041, 16.778718977382091 ] } },
{ "type": "Feature", "properties": { "CVEGEO": "20469", "CVE_ENT": "20", "CVE_MUN": "469", "NOMGEO": "Santiago Juxtlahuaca", "estado_nombre": "Oaxaca" }, "geometry": { "type": "Point", "coordinates": [ -98.018774633153555, 17.194166839020497 ] } },
{ "type": "Feature", "properties": { "CVEGEO": "20440", "CVE_ENT": "20", "CVE_MUN": "440", "NOMGEO": "Santa María Totolapilla", "estado_nombre": "Oaxaca" }, "geometry": { "type": "Point", "coordinates": [ -95.615265819507187, 16.622925492941206 ] } },
{ "type": "Feature", "properties": { "CVEGEO": "20513", "CVE_ENT": "20", "CVE_MUN": "513", "NOMGEO": "Santo Domingo Petapa", "estado_nombre": "Oaxaca" }, "geometry": { "type": "Point", "coordinates": [ -95.218666647799736, 16.854082731407239 ] } },
{ "type": "Feature", "properties": { "CVEGEO": "20278", "CVE_ENT": "20", "CVE_MUN": "278", "NOMGEO": "San Miguel Soyaltepec", "estado_nombre": "Oaxaca" }, "geometry": { "type": "Point", "coordinates": [ -96.439067657681221, 18.252515095152575 ] } },
{ "type": "Feature", "properties": { "CVEGEO": "20457", "CVE_ENT": "20", "CVE_MUN": "457", "NOMGEO": "Santiago Camotlán", "estado_nombre": "Oaxaca" }, "geometry": { "type": "Point", "coordinates": [ -96.166457744402038, 17.527492025987794 ] } },
{ "type": "Feature", "properties": { "CVEGEO": "20482", "CVE_ENT": "20", "CVE_MUN": "482", "NOMGEO": "Santiago Pinotepa Nacional", "estado_nombre": "Oaxaca" }, "geometry": { "type": "Point", "coordinates": [ -98.121427036468731, 16.292322530414662 ] } },
{ "type": "Feature", "properties": { "CVEGEO": "20329", "CVE_ENT": "20", "CVE_MUN": "329", "NOMGEO": "San Pedro Teozacoalco", "estado_nombre": "Oaxaca" }, "geometry": { "type": "Point", "coordinates": [ -97.274803798173423, 16.995706282459338 ] } },
{ "type": "Feature", "properties": { "CVEGEO": "20330", "CVE_ENT": "20", "CVE_MUN": "330", "NOMGEO": "San Pedro Teutila", "estado_nombre": "Oaxaca" }, "geometry": { "type": "Point", "coordinates": [ -96.62867166338863, 17.990277221881641 ] } },
{ "type": "Feature", "properties": { "CVEGEO": "20170", "CVE_ENT": "20", "CVE_MUN": "170", "NOMGEO": "San José Lachiguiri", "estado_nombre": "Oaxaca" }, "geometry": { "type": "Point", "coordinates": [ -96.334966802826997, 16.401571173660312 ] } },
{ "type": "Feature", "properties": { "CVEGEO": "20230", "CVE_ENT": "20", "CVE_MUN": "230", "NOMGEO": "San Lorenzo Victoria", "estado_nombre": "Oaxaca" }, "geometry": { "type": "Point", "coordinates": [ -98.123833425295658, 17.631899237912251 ] } },
{ "type": "Feature", "properties": { "CVEGEO": "20184", "CVE_ENT": "20", "CVE_MUN": "184", "NOMGEO": "San Juan Bautista Tuxtepec", "estado_nombre": "Oaxaca" }, "geometry": { "type": "Point", "coordinates": [ -96.09253795115734, 18.028558887926508 ] } },
{ "type": "Feature", "properties": { "CVEGEO": "20214", "CVE_ENT": "20", "CVE_MUN": "214", "NOMGEO": "San Juan Quiotepec", "estado_nombre": "Oaxaca" }, "geometry": { "type": "Point", "coordinates": [ -96.626249398636759, 17.662726049244366 ] } },
{ "type": "Feature", "properties": { "CVEGEO": "20220", "CVE_ENT": "20", "CVE_MUN": "220", "NOMGEO": "San Juan Tepeuxila", "estado_nombre": "Oaxaca" }, "geometry": { "type": "Point", "coordinates": [ -96.762485392158908, 17.739664362548176 ] } },
{ "type": "Feature", "properties": { "CVEGEO": "20262", "CVE_ENT": "20", "CVE_MUN": "262", "NOMGEO": "San Miguel Amatlán", "estado_nombre": "Oaxaca" }, "geometry": { "type": "Point", "coordinates": [ -96.456410290134926, 17.200153232046659 ] } },
{ "type": "Feature", "properties": { "CVEGEO": "20266", "CVE_ENT": "20", "CVE_MUN": "266", "NOMGEO": "San Miguel del Puerto", "estado_nombre": "Oaxaca" }, "geometry": { "type": "Point", "coordinates": [ -96.096223366201926, 15.945175705891847 ] } },
{ "type": "Feature", "properties": { "CVEGEO": "20265", "CVE_ENT": "20", "CVE_MUN": "265", "NOMGEO": "San Miguel Chimalapa", "estado_nombre": "Oaxaca" }, "geometry": { "type": "Point", "coordinates": [ -94.409856518580128, 16.652530476942321 ] } },
{ "type": "Feature", "properties": { "CVEGEO": "20318", "CVE_ENT": "20", "CVE_MUN": "318", "NOMGEO": "San Pedro Mixtepec", "estado_nombre": "Oaxaca" }, "geometry": { "type": "Point", "coordinates": [ -97.069646338483082, 15.949573891475222 ] } },
{ "type": "Feature", "properties": { "CVEGEO": "20327", "CVE_ENT": "20", "CVE_MUN": "327", "NOMGEO": "San Pedro Tapanatepec", "estado_nombre": "Oaxaca" }, "geometry": { "type": "Point", "coordinates": [ -94.215295469915915, 16.280799205399752 ] } },
{ "type": "Feature", "properties": { "CVEGEO": "20556", "CVE_ENT": "20", "CVE_MUN": "556", "NOMGEO": "La Trinidad Vista Hermosa", "estado_nombre": "Oaxaca" }, "geometry": { "type": "Point", "coordinates": [ -97.501469177488602, 17.777176827580689 ] } },
{ "type": "Feature", "properties": { "CVEGEO": "20005", "CVE_ENT": "20", "CVE_MUN": "005", "NOMGEO": "Asunción Ixtaltepec", "estado_nombre": "Oaxaca" }, "geometry": { "type": "Point", "coordinates": [ -94.956452433336054, 16.661979443242398 ] } },
{ "type": "Feature", "properties": { "CVEGEO": "20517", "CVE_ENT": "20", "CVE_MUN": "517", "NOMGEO": "Santo Domingo Tepuxtepec", "estado_nombre": "Oaxaca" }, "geometry": { "type": "Point", "coordinates": [ -96.077783908254588, 16.932551354994917 ] } },
{ "type": "Feature", "properties": { "CVEGEO": "20565", "CVE_ENT": "20", "CVE_MUN": "565", "NOMGEO": "Villa de Zaachila", "estado_nombre": "Oaxaca" }, "geometry": { "type": "Point", "coordinates": [ -96.766572719587074, 16.949683470831136 ] } },
{ "type": "Feature", "properties": { "CVEGEO": "20503", "CVE_ENT": "20", "CVE_MUN": "503", "NOMGEO": "Santiago Zoochila", "estado_nombre": "Oaxaca" }, "geometry": { "type": "Point", "coordinates": [ -96.251574555375029, 17.216859103767227 ] } },
{ "type": "Feature", "properties": { "CVEGEO": "20500", "CVE_ENT": "20", "CVE_MUN": "500", "NOMGEO": "Santiago Yosondúa", "estado_nombre": "Oaxaca" }, "geometry": { "type": "Point", "coordinates": [ -97.531138240729916, 16.850476274370788 ] } },
{ "type": "Feature", "properties": { "CVEGEO": "20059", "CVE_ENT": "20", "CVE_MUN": "059", "NOMGEO": "Miahuatlán de Porfirio Díaz", "estado_nombre": "Oaxaca" }, "geometry": { "type": "Point", "coordinates": [ -96.646075234493622, 16.348384251774366 ] } },
{ "type": "Feature", "properties": { "CVEGEO": "20177", "CVE_ENT": "20", "CVE_MUN": "177", "NOMGEO": "San Juan Bautista Cuicatlán", "estado_nombre": "Oaxaca" }, "geometry": { "type": "Point", "coordinates": [ -96.969022114635138, 17.741167870338895 ] } },
{ "type": "Feature", "properties": { "CVEGEO": "20364", "CVE_ENT": "20", "CVE_MUN": "364", "NOMGEO": "Santa Catarina Juquila", "estado_nombre": "Oaxaca" }, "geometry": { "type": "Point", "coordinates": [ -97.296190853976768, 16.177339889977279 ] } },
{ "type": "Feature", "properties": { "CVEGEO": "20057", "CVE_ENT": "20", "CVE_MUN": "057", "NOMGEO": "Matías Romero Avendaño", "estado_nombre": "Oaxaca" }, "geometry": { "type": "Point", "coordinates": [ -94.990969056352043, 17.155603673965935 ] } },
{ "type": "Feature", "properties": { "CVEGEO": "20544", "CVE_ENT": "20", "CVE_MUN": "544", "NOMGEO": "Teococuilco de Marcos Pérez", "estado_nombre": "Oaxaca" }, "geometry": { "type": "Point", "coordinates": [ -96.670695112972908, 17.327756558188867 ] } },
{ "type": "Feature", "properties": { "CVEGEO": "20410", "CVE_ENT": "20", "CVE_MUN": "410", "NOMGEO": "Santa María Ecatepec", "estado_nombre": "Oaxaca" }, "geometry": { "type": "Point", "coordinates": [ -95.865057762374505, 16.233362818251859 ] } },
{ "type": "Feature", "properties": { "CVEGEO": "20435", "CVE_ENT": "20", "CVE_MUN": "435", "NOMGEO": "Santa María Tepantlali", "estado_nombre": "Oaxaca" }, "geometry": { "type": "Point", "coordinates": [ -95.989116806526738, 16.951306712655676 ] } },
{ "type": "Feature", "properties": { "CVEGEO": "20417", "CVE_ENT": "20", "CVE_MUN": "417", "NOMGEO": "Santa María Jacatepec", "estado_nombre": "Oaxaca" }, "geometry": { "type": "Point", "coordinates": [ -96.131575464778436, 17.849852271033782 ] } },
{ "type": "Feature", "properties": { "CVEGEO": "20439", "CVE_ENT": "20", "CVE_MUN": "439", "NOMGEO": "Santa María Tonameca", "estado_nombre": "Oaxaca" }, "geometry": { "type": "Point", "coordinates": [ -96.681849702645067, 15.772671636392705 ] } },
{ "type": "Feature", "properties": { "CVEGEO": "20251", "CVE_ENT": "20", "CVE_MUN": "251", "NOMGEO": "San Mateo Nejápam", "estado_nombre": "Oaxaca" }, "geometry": { "type": "Point", "coordinates": [ -98.421389233165527, 17.646894002343259 ] } },
{ "type": "Feature", "properties": { "CVEGEO": "20467", "CVE_ENT": "20", "CVE_MUN": "467", "NOMGEO": "Santiago Jamiltepec", "estado_nombre": "Oaxaca" }, "geometry": { "type": "Point", "coordinates": [ -97.78525333775265, 16.202025404707378 ] } },
{ "type": "Feature", "properties": { "CVEGEO": "20559", "CVE_ENT": "20", "CVE_MUN": "559", "NOMGEO": "San Juan Bautista Valle Nacional", "estado_nombre": "Oaxaca" }, "geometry": { "type": "Point", "coordinates": [ -96.334766646453232, 17.79731088288392 ] } },
{ "type": "Feature", "properties": { "CVEGEO": "20169", "CVE_ENT": "20", "CVE_MUN": "169", "NOMGEO": "San José Independencia", "estado_nombre": "Oaxaca" }, "geometry": { "type": "Point", "coordinates": [ -96.642489715697309, 18.257629431891786 ] } },
{ "type": "Feature", "properties": { "CVEGEO": "20118", "CVE_ENT": "20", "CVE_MUN": "118", "NOMGEO": "San Bartolomé Quialana", "estado_nombre": "Oaxaca" }, "geometry": { "type": "Point", "coordinates": [ -96.500062109706846, 16.896726685300887 ] } },
{ "type": "Feature", "properties": { "CVEGEO": "20568", "CVE_ENT": "20", "CVE_MUN": "568", "NOMGEO": "Zapotitlán Palmas", "estado_nombre": "Oaxaca" }, "geometry": { "type": "Point", "coordinates": [ -97.83488830760669, 17.88251128180552 ] } },
{ "type": "Feature", "properties": { "CVEGEO": "20460", "CVE_ENT": "20", "CVE_MUN": "460", "NOMGEO": "Santiago Choápam", "estado_nombre": "Oaxaca" }, "geometry": { "type": "Point", "coordinates": [ -95.916074669547484, 17.376431777843234 ] } },
{ "type": "Feature", "properties": { "CVEGEO": "20044", "CVE_ENT": "20", "CVE_MUN": "044", "NOMGEO": "Loma Bonita", "estado_nombre": "Oaxaca" }, "geometry": { "type": "Point", "coordinates": [ -95.891043717990414, 18.000832213887634 ] } },
{ "type": "Feature", "properties": { "CVEGEO": "20507", "CVE_ENT": "20", "CVE_MUN": "507", "NOMGEO": "Santo Domingo Armenta", "estado_nombre": "Oaxaca" }, "geometry": { "type": "Point", "coordinates": [ -98.364650220507968, 16.328827376258552 ] } },
{ "type": "Feature", "properties": { "CVEGEO": "20515", "CVE_ENT": "20", "CVE_MUN": "515", "NOMGEO": "Santo Domingo Tehuantepec", "estado_nombre": "Oaxaca" }, "geometry": { "type": "Point", "coordinates": [ -95.391595581719685, 16.221675763779395 ] } },
{ "type": "Feature", "properties": { "CVEGEO": "20516", "CVE_ENT": "20", "CVE_MUN": "516", "NOMGEO": "Santo Domingo Teojomulco", "estado_nombre": "Oaxaca" }, "geometry": { "type": "Point", "coordinates": [ -97.277226795925287, 16.575725964142702 ] } },
{ "type": "Feature", "properties": { "CVEGEO": "20051", "CVE_ENT": "20", "CVE_MUN": "051", "NOMGEO": "Magdalena Teitipac", "estado_nombre": "Oaxaca" }, "geometry": { "type": "Point", "coordinates": [ -96.557489529125817, 16.890166582573766 ] } },
{ "type": "Feature", "properties": { "CVEGEO": "20041", "CVE_ENT": "20", "CVE_MUN": "041", "NOMGEO": "Huautla de Jiménez", "estado_nombre": "Oaxaca" }, "geometry": { "type": "Point", "coordinates": [ -96.79997821243002, 18.14458495192973 ] } },
{ "type": "Feature", "properties": { "CVEGEO": "20042", "CVE_ENT": "20", "CVE_MUN": "042", "NOMGEO": "Ixtlán de Juárez", "estado_nombre": "Oaxaca" }, "geometry": { "type": "Point", "coordinates": [ -96.33935285330611, 17.494636593957107 ] } },
{ "type": "Feature", "properties": { "CVEGEO": "20071", "CVE_ENT": "20", "CVE_MUN": "071", "NOMGEO": "Pluma Hidalgo", "estado_nombre": "Oaxaca" }, "geometry": { "type": "Point", "coordinates": [ -96.427885998906262, 15.919374356657341 ] } },
{ "type": "Feature", "properties": { "CVEGEO": "20223", "CVE_ENT": "20", "CVE_MUN": "223", "NOMGEO": "San Juan Yatzona", "estado_nombre": "Oaxaca" }, "geometry": { "type": "Point", "coordinates": [ -96.182150043353587, 17.410513299254344 ] } },
{ "type": "Feature", "properties": { "CVEGEO": "20190", "CVE_ENT": "20", "CVE_MUN": "190", "NOMGEO": "San Juan Cotzocón", "estado_nombre": "Oaxaca" }, "geometry": { "type": "Point", "coordinates": [ -95.496775318851462, 17.318345104274414 ] } },
{ "type": "Feature", "properties": { "CVEGEO": "20097", "CVE_ENT": "20", "CVE_MUN": "097", "NOMGEO": "San Andrés Solaga", "estado_nombre": "Oaxaca" }, "geometry": { "type": "Point", "coordinates": [ -96.22329915564481, 17.276772894777146 ] } },
{ "type": "Feature", "properties": { "CVEGEO": "20098", "CVE_ENT": "20", "CVE_MUN": "098", "NOMGEO": "San Andrés Teotilálpam", "estado_nombre": "Oaxaca" }, "geometry": { "type": "Point", "coordinates": [ -96.599520047870726, 17.944759447673849 ] } },
{ "type": "Feature", "properties": { "CVEGEO": "20101", "CVE_ENT": "20", "CVE_MUN": "101", "NOMGEO": "San Andrés Zabache", "estado_nombre": "Oaxaca" }, "geometry": { "type": "Point", "coordinates": [ -96.860628983035426, 16.601052335985319 ] } },
{ "type": "Feature", "properties": { "CVEGEO": "20104", "CVE_ENT": "20", "CVE_MUN": "104", "NOMGEO": "San Antonino el Alto", "estado_nombre": "Oaxaca" }, "geometry": { "type": "Point", "coordinates": [ -97.045038406642178, 16.834056966865802 ] } },
{ "type": "Feature", "properties": { "CVEGEO": "20413", "CVE_ENT": "20", "CVE_MUN": "413", "NOMGEO": "Santa María Huatulco", "estado_nombre": "Oaxaca" }, "geometry": { "type": "Point", "coordinates": [ -96.223200064621423, 15.79610810126281 ] } },
{ "type": "Feature", "properties": { "CVEGEO": "20120", "CVE_ENT": "20", "CVE_MUN": "120", "NOMGEO": "San Bartolomé Zoogocho", "estado_nombre": "Oaxaca" }, "geometry": { "type": "Point", "coordinates": [ -96.243241132338625, 17.24528035654879 ] } },
{ "type": "Feature", "properties": { "CVEGEO": "20121", "CVE_ENT": "20", "CVE_MUN": "121", "NOMGEO": "San Bartolo Soyaltepec", "estado_nombre": "Oaxaca" }, "geometry": { "type": "Point", "coordinates": [ -97.314155773273797, 17.584423841310112 ] } },
{ "type": "Feature", "properties": { "CVEGEO": "20015", "CVE_ENT": "20", "CVE_MUN": "015", "NOMGEO": "Coatecas Altas", "estado_nombre": "Oaxaca" }, "geometry": { "type": "Point", "coordinates": [ -96.635812275588407, 16.514052094710291 ] } },
{ "type": "Feature", "properties": { "CVEGEO": "20125", "CVE_ENT": "20", "CVE_MUN": "125", "NOMGEO": "San Carlos Yautepec", "estado_nombre": "Oaxaca" }, "geometry": { "type": "Point", "coordinates": [ -95.962232891212039, 16.414683241300256 ] } },
{ "type": "Feature", "properties": { "CVEGEO": "20124", "CVE_ENT": "20", "CVE_MUN": "124", "NOMGEO": "Heroica Villa de San Blas Atempa", "estado_nombre": "Oaxaca" }, "geometry": { "type": "Point", "coordinates": [ -95.146176166574904, 16.357893774010854 ] } },
{ "type": "Feature", "properties": { "CVEGEO": "20020", "CVE_ENT": "20", "CVE_MUN": "020", "NOMGEO": "Constancia del Rosario", "estado_nombre": "Oaxaca" }, "geometry": { "type": "Point", "coordinates": [ -98.010493452307372, 17.061460798405619 ] } },
{ "type": "Feature", "properties": { "CVEGEO": "20153", "CVE_ENT": "20", "CVE_MUN": "153", "NOMGEO": "San Gabriel Mixtepec", "estado_nombre": "Oaxaca" }, "geometry": { "type": "Point", "coordinates": [ -97.045259760048395, 16.050624515682262 ] } },
{ "type": "Feature", "properties": { "CVEGEO": "20141", "CVE_ENT": "20", "CVE_MUN": "141", "NOMGEO": "San Francisco del Mar", "estado_nombre": "Oaxaca" }, "geometry": { "type": "Point", "coordinates": [ -94.470417164008751, 16.23271051642838 ] } },
{ "type": "Feature", "properties": { "CVEGEO": "20147", "CVE_ENT": "20", "CVE_MUN": "147", "NOMGEO": "San Francisco Nuxaño", "estado_nombre": "Oaxaca" }, "geometry": { "type": "Point", "coordinates": [ -97.334029442441022, 17.363329788451011 ] } },
{ "type": "Feature", "properties": { "CVEGEO": "20150", "CVE_ENT": "20", "CVE_MUN": "150", "NOMGEO": "San Francisco Telixtlahuaca", "estado_nombre": "Oaxaca" }, "geometry": { "type": "Point", "coordinates": [ -96.928123062972915, 17.372111552293298 ] } },
{ "type": "Feature", "properties": { "CVEGEO": "20164", "CVE_ENT": "20", "CVE_MUN": "164", "NOMGEO": "San Jorge Nuchita", "estado_nombre": "Oaxaca" }, "geometry": { "type": "Point", "coordinates": [ -98.091575752210872, 17.689143373028557 ] } },
{ "type": "Feature", "properties": { "CVEGEO": "20204", "CVE_ENT": "20", "CVE_MUN": "204", "NOMGEO": "San Juan Lajarcia", "estado_nombre": "Oaxaca" }, "geometry": { "type": "Point", "coordinates": [ -95.917908512033819, 16.511417786871569 ] } },
{ "type": "Feature", "properties": { "CVEGEO": "20035", "CVE_ENT": "20", "CVE_MUN": "035", "NOMGEO": "Guelatao de Juárez", "estado_nombre": "Oaxaca" }, "geometry": { "type": "Point", "coordinates": [ -96.499113913701777, 17.314679332830512 ] } },
{ "type": "Feature", "properties": { "CVEGEO": "20202", "CVE_ENT": "20", "CVE_MUN": "202", "NOMGEO": "San Juan Lachao", "estado_nombre": "Oaxaca" }, "geometry": { "type": "Point", "coordinates": [ -97.116968166247972, 16.209286808844993 ] } },
{ "type": "Feature", "properties": { "CVEGEO": "20566", "CVE_ENT": "20", "CVE_MUN": "566", "NOMGEO": "San Mateo Yucutindoo", "estado_nombre": "Oaxaca" }, "geometry": { "type": "Point", "coordinates": [ -97.382165674861099, 16.780478989347511 ] } },
{ "type": "Feature", "properties": { "CVEGEO": "20217", "CVE_ENT": "20", "CVE_MUN": "217", "NOMGEO": "San Juan Tamazola", "estado_nombre": "Oaxaca" }, "geometry": { "type": "Point", "coordinates": [ -97.171022629181664, 17.116405638751747 ] } },
{ "type": "Feature", "properties": { "CVEGEO": "20016", "CVE_ENT": "20", "CVE_MUN": "016", "NOMGEO": "Coicoyán de las Flores", "estado_nombre": "Oaxaca" }, "geometry": { "type": "Point", "coordinates": [ -98.217178627216285, 17.216020786473635 ] } },
{ "type": "Feature", "properties": { "CVEGEO": "20229", "CVE_ENT": "20", "CVE_MUN": "229", "NOMGEO": "San Lorenzo Texmelúcan", "estado_nombre": "Oaxaca" }, "geometry": { "type": "Point", "coordinates": [ -97.186466714631024, 16.526869190104847 ] } },
{ "type": "Feature", "properties": { "CVEGEO": "20232", "CVE_ENT": "20", "CVE_MUN": "232", "NOMGEO": "San Lucas Ojitlán", "estado_nombre": "Oaxaca" }, "geometry": { "type": "Point", "coordinates": [ -96.362521034289273, 18.034235918355808 ] } },
{ "type": "Feature", "properties": { "CVEGEO": "20235", "CVE_ENT": "20", "CVE_MUN": "235", "NOMGEO": "San Luis Amatlán", "estado_nombre": "Oaxaca" }, "geometry": { "type": "Point", "coordinates": [ -96.478930747885542, 16.453265752870198 ] } },
{ "type": "Feature", "properties": { "CVEGEO": "20236", "CVE_ENT": "20", "CVE_MUN": "236", "NOMGEO": "San Marcial Ozolotepec", "estado_nombre": "Oaxaca" }, "geometry": { "type": "Point", "coordinates": [ -96.403994941036316, 16.040577668193322 ] } },
{ "type": "Feature", "properties": { "CVEGEO": "20525", "CVE_ENT": "20", "CVE_MUN": "525", "NOMGEO": "Santo Domingo Zanatepec", "estado_nombre": "Oaxaca" }, "geometry": { "type": "Point", "coordinates": [ -94.332338344693952, 16.464496524480843 ] } },
{ "type": "Feature", "properties": { "CVEGEO": "20526", "CVE_ENT": "20", "CVE_MUN": "526", "NOMGEO": "Santos Reyes Nopala", "estado_nombre": "Oaxaca" }, "geometry": { "type": "Point", "coordinates": [ -97.18831677558893, 16.080746691984142 ] } },
{ "type": "Feature", "properties": { "CVEGEO": "20052", "CVE_ENT": "20", "CVE_MUN": "052", "NOMGEO": "Magdalena Tequisistlán", "estado_nombre": "Oaxaca" }, "geometry": { "type": "Point", "coordinates": [ -95.655311130453001, 16.347771598377353 ] } },
{ "type": "Feature", "properties": { "CVEGEO": "20290", "CVE_ENT": "20", "CVE_MUN": "290", "NOMGEO": "San Nicolás Hidalgo", "estado_nombre": "Oaxaca" }, "geometry": { "type": "Point", "coordinates": [ -98.132616218969886, 17.776296131459649 ] } },
{ "type": "Feature", "properties": { "CVEGEO": "20043", "CVE_ENT": "20", "CVE_MUN": "043", "NOMGEO": "Heroica Ciudad de Juchitán de Zaragoza", "estado_nombre": "Oaxaca" }, "geometry": { "type": "Point", "coordinates": [ -94.931092726761065, 16.381603095005477 ] } },
{ "type": "Feature", "properties": { "CVEGEO": "20079", "CVE_ENT": "20", "CVE_MUN": "079", "NOMGEO": "Salina Cruz", "estado_nombre": "Oaxaca" }, "geometry": { "type": "Point", "coordinates": [ -95.219713724107038, 16.193351611304976 ] } },
{ "type": "Feature", "properties": { "CVEGEO": "20207", "CVE_ENT": "20", "CVE_MUN": "207", "NOMGEO": "San Juan Mazatlán", "estado_nombre": "Oaxaca" }, "geometry": { "type": "Point", "coordinates": [ -95.420771804146355, 17.13202831930672 ] } },
{ "type": "Feature", "properties": { "CVEGEO": "20356", "CVE_ENT": "20", "CVE_MUN": "356", "NOMGEO": "Santa Ana del Valle", "estado_nombre": "Oaxaca" }, "geometry": { "type": "Point", "coordinates": [ -96.465397672939375, 17.01151593232003 ] } },
{ "type": "Feature", "properties": { "CVEGEO": "20340", "CVE_ENT": "20", "CVE_MUN": "340", "NOMGEO": "San Pedro y San Pablo Tequixtepec", "estado_nombre": "Oaxaca" }, "geometry": { "type": "Point", "coordinates": [ -97.706294353671709, 18.088485817442752 ] } },
{ "type": "Feature", "properties": { "CVEGEO": "20218", "CVE_ENT": "20", "CVE_MUN": "218", "NOMGEO": "San Juan Teita", "estado_nombre": "Oaxaca" }, "geometry": { "type": "Point", "coordinates": [ -97.430019701267412, 17.077413901400455 ] } },
{ "type": "Feature", "properties": { "CVEGEO": "20386", "CVE_ENT": "20", "CVE_MUN": "386", "NOMGEO": "Santa Cruz Zenzontepec", "estado_nombre": "Oaxaca" }, "geometry": { "type": "Point", "coordinates": [ -97.484781306487506, 16.469348136366492 ] } },
{ "type": "Feature", "properties": { "CVEGEO": "20179", "CVE_ENT": "20", "CVE_MUN": "179", "NOMGEO": "San Juan Bautista Jayacatlán", "estado_nombre": "Oaxaca" }, "geometry": { "type": "Point", "coordinates": [ -96.807479417833136, 17.439182477225099 ] } },
{ "type": "Feature", "properties": { "CVEGEO": "20524", "CVE_ENT": "20", "CVE_MUN": "524", "NOMGEO": "Santo Domingo Yodohino", "estado_nombre": "Oaxaca" }, "geometry": { "type": "Point", "coordinates": [ -97.700725327683912, 17.634457592462031 ] } },
{ "type": "Feature", "properties": { "CVEGEO": "20264", "CVE_ENT": "20", "CVE_MUN": "264", "NOMGEO": "San Miguel Chicahua", "estado_nombre": "Oaxaca" }, "geometry": { "type": "Point", "coordinates": [ -97.198221045355083, 17.626805453050846 ] } },
{ "type": "Feature", "properties": { "CVEGEO": "20333", "CVE_ENT": "20", "CVE_MUN": "333", "NOMGEO": "San Pedro Totolápam", "estado_nombre": "Oaxaca" }, "geometry": { "type": "Point", "coordinates": [ -96.229213168811597, 16.662841977163723 ] } },
{ "type": "Feature", "properties": { "CVEGEO": "20198", "CVE_ENT": "20", "CVE_MUN": "198", "NOMGEO": "San Juan Guichicovi", "estado_nombre": "Oaxaca" }, "geometry": { "type": "Point", "coordinates": [ -95.112166850596068, 17.054069453197148 ] } },
{ "type": "Feature", "properties": { "CVEGEO": "20365", "CVE_ENT": "20", "CVE_MUN": "365", "NOMGEO": "Santa Catarina Lachatao", "estado_nombre": "Oaxaca" }, "geometry": { "type": "Point", "coordinates": [ -96.498460882056563, 17.180509905059054 ] } },
{ "type": "Feature", "properties": { "CVEGEO": "20002", "CVE_ENT": "20", "CVE_MUN": "002", "NOMGEO": "Acatlán de Pérez Figueroa", "estado_nombre": "Oaxaca" }, "geometry": { "type": "Point", "coordinates": [ -96.539565355584088, 18.452152912802728 ] } },
{ "type": "Feature", "properties": { "CVEGEO": "20006", "CVE_ENT": "20", "CVE_MUN": "006", "NOMGEO": "Asunción Nochixtlán", "estado_nombre": "Oaxaca" }, "geometry": { "type": "Point", "coordinates": [ -97.16778538106972, 17.448018987655299 ] } },
{ "type": "Feature", "properties": { "CVEGEO": "20008", "CVE_ENT": "20", "CVE_MUN": "008", "NOMGEO": "Asunción Tlacolulita", "estado_nombre": "Oaxaca" }, "geometry": { "type": "Point", "coordinates": [ -95.766197042825823, 16.226119696747087 ] } },
{ "type": "Feature", "properties": { "CVEGEO": "20009", "CVE_ENT": "20", "CVE_MUN": "009", "NOMGEO": "Ayotzintepec", "estado_nombre": "Oaxaca" }, "geometry": { "type": "Point", "coordinates": [ -96.166801110989951, 17.714640862591043 ] } },
{ "type": "Feature", "properties": { "CVEGEO": "20010", "CVE_ENT": "20", "CVE_MUN": "010", "NOMGEO": "El Barrio de la Soledad", "estado_nombre": "Oaxaca" }, "geometry": { "type": "Point", "coordinates": [ -95.043036542881055, 16.788276907130474 ] } },
{ "type": "Feature", "properties": { "CVEGEO": "20414", "CVE_ENT": "20", "CVE_MUN": "414", "NOMGEO": "Santa María Huazolotitlán", "estado_nombre": "Oaxaca" }, "geometry": { "type": "Point", "coordinates": [ -97.926392013860109, 16.208619763515891 ] } },
{ "type": "Feature", "properties": { "CVEGEO": "20291", "CVE_ENT": "20", "CVE_MUN": "291", "NOMGEO": "San Pablo Coatlán", "estado_nombre": "Oaxaca" }, "geometry": { "type": "Point", "coordinates": [ -96.790014185771469, 16.170262068496928 ] } },
{ "type": "Feature", "properties": { "CVEGEO": "20298", "CVE_ENT": "20", "CVE_MUN": "298", "NOMGEO": "San Pablo Villa de Mitla", "estado_nombre": "Oaxaca" }, "geometry": { "type": "Point", "coordinates": [ -96.294894286979826, 16.968798152459946 ] } },
{ "type": "Feature", "properties": { "CVEGEO": "20385", "CVE_ENT": "20", "CVE_MUN": "385", "NOMGEO": "Santa Cruz Xoxocotlán", "estado_nombre": "Oaxaca" }, "geometry": { "type": "Point", "coordinates": [ -96.746418354899404, 17.017537197758806 ] } },
{ "type": "Feature", "properties": { "CVEGEO": "20023", "CVE_ENT": "20", "CVE_MUN": "023", "NOMGEO": "Cuilápam de Guerrero", "estado_nombre": "Oaxaca" }, "geometry": { "type": "Point", "coordinates": [ -96.80142689918209, 17.006961022280631 ] } },
{ "type": "Feature", "properties": { "CVEGEO": "20306", "CVE_ENT": "20", "CVE_MUN": "306", "NOMGEO": "San Pedro el Alto", "estado_nombre": "Oaxaca" }, "geometry": { "type": "Point", "coordinates": [ -96.471691017064913, 16.015819924809239 ] } },
{ "type": "Feature", "properties": { "CVEGEO": "20310", "CVE_ENT": "20", "CVE_MUN": "310", "NOMGEO": "San Pedro Ixtlahuaca", "estado_nombre": "Oaxaca" }, "geometry": { "type": "Point", "coordinates": [ -96.822690305514357, 17.051747107995858 ] } },
{ "type": "Feature", "properties": { "CVEGEO": "20309", "CVE_ENT": "20", "CVE_MUN": "309", "NOMGEO": "San Pedro Ixcatlán", "estado_nombre": "Oaxaca" }, "geometry": { "type": "Point", "coordinates": [ -96.551453645601384, 18.159143011400545 ] } },
{ "type": "Feature", "properties": { "CVEGEO": "20324", "CVE_ENT": "20", "CVE_MUN": "324", "NOMGEO": "San Pedro Pochutla", "estado_nombre": "Oaxaca" }, "geometry": { "type": "Point", "coordinates": [ -96.412899635831451, 15.789061783981305 ] } },
{ "type": "Feature", "properties": { "CVEGEO": "20337", "CVE_ENT": "20", "CVE_MUN": "337", "NOMGEO": "San Pedro y San Pablo Ayutla", "estado_nombre": "Oaxaca" }, "geometry": { "type": "Point", "coordinates": [ -96.13498257494247, 17.021742134745431 ] } },
{ "type": "Feature", "properties": { "CVEGEO": "20351", "CVE_ENT": "20", "CVE_MUN": "351", "NOMGEO": "San Simón Almolongas", "estado_nombre": "Oaxaca" }, "geometry": { "type": "Point", "coordinates": [ -96.726520630541728, 16.401902819971593 ] } },
{ "type": "Feature", "properties": { "CVEGEO": "20562", "CVE_ENT": "20", "CVE_MUN": "562", "NOMGEO": "Magdalena Yodocono de Porfirio Díaz", "estado_nombre": "Oaxaca" }, "geometry": { "type": "Point", "coordinates": [ -97.395014417439128, 17.378531668726243 ] } },
{ "type": "Feature", "properties": { "CVEGEO": "20426", "CVE_ENT": "20", "CVE_MUN": "426", "NOMGEO": "Santa María Peñoles", "estado_nombre": "Oaxaca" }, "geometry": { "type": "Point", "coordinates": [ -97.033429847607934, 17.048440864117307 ] } },
{ "type": "Feature", "properties": { "CVEGEO": "20427", "CVE_ENT": "20", "CVE_MUN": "427", "NOMGEO": "Santa María Petapa", "estado_nombre": "Oaxaca" }, "geometry": { "type": "Point", "coordinates": [ -95.071976118933378, 16.884620388734703 ] } },
{ "type": "Feature", "properties": { "CVEGEO": "20021", "CVE_ENT": "20", "CVE_MUN": "021", "NOMGEO": "Cosolapa", "estado_nombre": "Oaxaca" }, "geometry": { "type": "Point", "coordinates": [ -96.661879413668643, 18.579871775150497 ] } },
{ "type": "Feature", "properties": { "CVEGEO": "20175", "CVE_ENT": "20", "CVE_MUN": "175", "NOMGEO": "San Juan Bautista Atatlahuca", "estado_nombre": "Oaxaca" }, "geometry": { "type": "Point", "coordinates": [ -96.768565996762447, 17.588904868603521 ] } },
{ "type": "Feature", "properties": { "CVEGEO": "20466", "CVE_ENT": "20", "CVE_MUN": "466", "NOMGEO": "Santiago Ixtayutla", "estado_nombre": "Oaxaca" }, "geometry": { "type": "Point", "coordinates": [ -97.698324781745029, 16.538183720834184 ] } },
{ "type": "Feature", "properties": { "CVEGEO": "20468", "CVE_ENT": "20", "CVE_MUN": "468", "NOMGEO": "Santiago Jocotepec", "estado_nombre": "Oaxaca" }, "geometry": { "type": "Point", "coordinates": [ -95.982593582467871, 17.655738240895154 ] } },
{ "type": "Feature", "properties": { "CVEGEO": "20470", "CVE_ENT": "20", "CVE_MUN": "470", "NOMGEO": "Santiago Lachiguiri", "estado_nombre": "Oaxaca" }, "geometry": { "type": "Point", "coordinates": [ -95.526117724037064, 16.77369130629053 ] } },
{ "type": "Feature", "properties": { "CVEGEO": "20479", "CVE_ENT": "20", "CVE_MUN": "479", "NOMGEO": "Santiago Nejapilla", "estado_nombre": "Oaxaca" }, "geometry": { "type": "Point", "coordinates": [ -97.386951770561424, 17.428355322879689 ] } },
{ "type": "Feature", "properties": { "CVEGEO": "20498", "CVE_ENT": "20", "CVE_MUN": "498", "NOMGEO": "Santiago Yaveo", "estado_nombre": "Oaxaca" }, "geometry": { "type": "Point", "coordinates": [ -95.490630544464722, 17.499268552305455 ] } },
{ "type": "Feature", "properties": { "CVEGEO": "20133", "CVE_ENT": "20", "CVE_MUN": "133", "NOMGEO": "San Esteban Atatlahuca", "estado_nombre": "Oaxaca" }, "geometry": { "type": "Point", "coordinates": [ -97.691982401114842, 17.07693455199734 ] } },
{ "type": "Feature", "properties": { "CVEGEO": "20134", "CVE_ENT": "20", "CVE_MUN": "134", "NOMGEO": "San Felipe Jalapa de Díaz", "estado_nombre": "Oaxaca" }, "geometry": { "type": "Point", "coordinates": [ -96.535101144033675, 18.069645467286918 ] } },
{ "type": "Feature", "properties": { "CVEGEO": "20138", "CVE_ENT": "20", "CVE_MUN": "138", "NOMGEO": "San Francisco Cajonos", "estado_nombre": "Oaxaca" }, "geometry": { "type": "Point", "coordinates": [ -96.26464618584572, 17.180861703205327 ] } },
{ "type": "Feature", "properties": { "CVEGEO": "20149", "CVE_ENT": "20", "CVE_MUN": "149", "NOMGEO": "San Francisco Sola", "estado_nombre": "Oaxaca" }, "geometry": { "type": "Point", "coordinates": [ -96.905848911884306, 16.514160636262222 ] } },
{ "type": "Feature", "properties": { "CVEGEO": "20161", "CVE_ENT": "20", "CVE_MUN": "161", "NOMGEO": "San Jerónimo Sosola", "estado_nombre": "Oaxaca" }, "geometry": { "type": "Point", "coordinates": [ -97.035778819106952, 17.390546535990456 ] } },
{ "type": "Feature", "properties": { "CVEGEO": "20159", "CVE_ENT": "20", "CVE_MUN": "159", "NOMGEO": "San Jerónimo Coatlán", "estado_nombre": "Oaxaca" }, "geometry": { "type": "Point", "coordinates": [ -96.969643429087611, 16.204447915141369 ] } },
{ "type": "Feature", "properties": { "CVEGEO": "20047", "CVE_ENT": "20", "CVE_MUN": "047", "NOMGEO": "Santa Magdalena Jicotlán", "estado_nombre": "Oaxaca" }, "geometry": { "type": "Point", "coordinates": [ -97.481789885033308, 17.806606881974574 ] } },
{ "type": "Feature", "properties": { "CVEGEO": "20094", "CVE_ENT": "20", "CVE_MUN": "094", "NOMGEO": "San Andrés Nuxiño", "estado_nombre": "Oaxaca" }, "geometry": { "type": "Point", "coordinates": [ -97.063160039649375, 17.233960718947205 ] } },
{ "type": "Feature", "properties": { "CVEGEO": "20031", "CVE_ENT": "20", "CVE_MUN": "031", "NOMGEO": "Tamazulápam del Espíritu Santo", "estado_nombre": "Oaxaca" }, "geometry": { "type": "Point", "coordinates": [ -96.022158867439146, 17.037264135078232 ] } },
{ "type": "Feature", "properties": { "CVEGEO": "20279", "CVE_ENT": "20", "CVE_MUN": "279", "NOMGEO": "San Miguel Suchixtepec", "estado_nombre": "Oaxaca" }, "geometry": { "type": "Point", "coordinates": [ -96.458427399322034, 16.080168422973333 ] } },
{ "type": "Feature", "properties": { "CVEGEO": "20401", "CVE_ENT": "20", "CVE_MUN": "401", "NOMGEO": "Santa María Colotepec", "estado_nombre": "Oaxaca" }, "geometry": { "type": "Point", "coordinates": [ -96.92218416029597, 15.861920438017522 ] } },
{ "type": "Feature", "properties": { "CVEGEO": "20367", "CVE_ENT": "20", "CVE_MUN": "367", "NOMGEO": "Santa Catarina Mechoacán", "estado_nombre": "Oaxaca" }, "geometry": { "type": "Point", "coordinates": [ -97.839131590165522, 16.339710548088298 ] } },
{ "type": "Feature", "properties": { "CVEGEO": "20359", "CVE_ENT": "20", "CVE_MUN": "359", "NOMGEO": "Santa Ana Yareni", "estado_nombre": "Oaxaca" }, "geometry": { "type": "Point", "coordinates": [ -96.622145557288263, 17.396221828111575 ] } },
{ "type": "Feature", "properties": { "CVEGEO": "20511", "CVE_ENT": "20", "CVE_MUN": "511", "NOMGEO": "Santo Domingo Nuxaá", "estado_nombre": "Oaxaca" }, "geometry": { "type": "Point", "coordinates": [ -97.066753421194534, 17.173795609697894 ] } },
{ "type": "Feature", "properties": { "CVEGEO": "20096", "CVE_ENT": "20", "CVE_MUN": "096", "NOMGEO": "San Andrés Sinaxtla", "estado_nombre": "Oaxaca" }, "geometry": { "type": "Point", "coordinates": [ -97.29610821713419, 17.484686538655051 ] } },
{ "type": "Feature", "properties": { "CVEGEO": "20504", "CVE_ENT": "20", "CVE_MUN": "504", "NOMGEO": "Nuevo Zoquiápam", "estado_nombre": "Oaxaca" }, "geometry": { "type": "Point", "coordinates": [ -96.646581143777453, 17.261074534498857 ] } },
{ "type": "Feature", "properties": { "CVEGEO": "20537", "CVE_ENT": "20", "CVE_MUN": "537", "NOMGEO": "Silacayoápam", "estado_nombre": "Oaxaca" }, "geometry": { "type": "Point", "coordinates": [ -98.143922720897095, 17.560746322912017 ] } },
{ "type": "Feature", "properties": { "CVEGEO": "20543", "CVE_ENT": "20", "CVE_MUN": "543", "NOMGEO": "Tataltepec de Valdés", "estado_nombre": "Oaxaca" }, "geometry": { "type": "Point", "coordinates": [ -97.53494226582572, 16.309652207270609 ] } },
{ "type": "Feature", "properties": { "CVEGEO": "20548", "CVE_ENT": "20", "CVE_MUN": "548", "NOMGEO": "Tepelmeme Villa de Morelos", "estado_nombre": "Oaxaca" }, "geometry": { "type": "Point", "coordinates": [ -97.301088487626174, 18.006883446392948 ] } },
{ "type": "Feature", "properties": { "CVEGEO": "20076", "CVE_ENT": "20", "CVE_MUN": "076", "NOMGEO": "La Reforma", "estado_nombre": "Oaxaca" }, "geometry": { "type": "Point", "coordinates": [ -97.863370778359382, 16.647648656692247 ] } },
{ "type": "Feature", "properties": { "CVEGEO": "20463", "CVE_ENT": "20", "CVE_MUN": "463", "NOMGEO": "Santiago Huauclilla", "estado_nombre": "Oaxaca" }, "geometry": { "type": "Point", "coordinates": [ -97.046974811913316, 17.48625585839882 ] } },
{ "type": "Feature", "properties": { "CVEGEO": "20436", "CVE_ENT": "20", "CVE_MUN": "436", "NOMGEO": "Santa María Texcatitlán", "estado_nombre": "Oaxaca" }, "geometry": { "type": "Point", "coordinates": [ -97.050494200519637, 17.722369487379197 ] } },
{ "type": "Feature", "properties": { "CVEGEO": "20523", "CVE_ENT": "20", "CVE_MUN": "523", "NOMGEO": "Santo Domingo Yanhuitlán", "estado_nombre": "Oaxaca" }, "geometry": { "type": "Point", "coordinates": [ -97.348220093898121, 17.532967828295799 ] } },
{ "type": "Feature", "properties": { "CVEGEO": "20054", "CVE_ENT": "20", "CVE_MUN": "054", "NOMGEO": "Magdalena Zahuatlán", "estado_nombre": "Oaxaca" }, "geometry": { "type": "Point", "coordinates": [ -97.224914529594614, 17.390439103188534 ] } },
{ "type": "Feature", "properties": { "CVEGEO": "20168", "CVE_ENT": "20", "CVE_MUN": "168", "NOMGEO": "San José Estancia Grande", "estado_nombre": "Oaxaca" }, "geometry": { "type": "Point", "coordinates": [ -98.25632333135772, 16.377839881833335 ] } },
{ "type": "Feature", "properties": { "CVEGEO": "20185", "CVE_ENT": "20", "CVE_MUN": "185", "NOMGEO": "San Juan Cacahuatepec", "estado_nombre": "Oaxaca" }, "geometry": { "type": "Point", "coordinates": [ -98.163421973786058, 16.641719803953894 ] } },
{ "type": "Feature", "properties": { "CVEGEO": "20246", "CVE_ENT": "20", "CVE_MUN": "246", "NOMGEO": "San Mateo Cajonos", "estado_nombre": "Oaxaca" }, "geometry": { "type": "Point", "coordinates": [ -96.196967206694566, 17.152973808277466 ] } },
{ "type": "Feature", "properties": { "CVEGEO": "20277", "CVE_ENT": "20", "CVE_MUN": "277", "NOMGEO": "Villa Sola de Vega", "estado_nombre": "Oaxaca" }, "geometry": { "type": "Point", "coordinates": [ -97.058179605517822, 16.513211221412138 ] } },
{ "type": "Feature", "properties": { "CVEGEO": "20542", "CVE_ENT": "20", "CVE_MUN": "542", "NOMGEO": "Taniche", "estado_nombre": "Oaxaca" }, "geometry": { "type": "Point", "coordinates": [ -96.769306106390445, 16.571306403867325 ] } },
{ "type": "Feature", "properties": { "CVEGEO": "20357", "CVE_ENT": "20", "CVE_MUN": "357", "NOMGEO": "Santa Ana Tavela", "estado_nombre": "Oaxaca" }, "geometry": { "type": "Point", "coordinates": [ -95.883805578074785, 16.604252548765597 ] } },
{ "type": "Feature", "properties": { "CVEGEO": "20489", "CVE_ENT": "20", "CVE_MUN": "489", "NOMGEO": "Santiago Tetepec", "estado_nombre": "Oaxaca" }, "geometry": { "type": "Point", "coordinates": [ -97.677433370946915, 16.341691495712585 ] } },
{ "type": "Feature", "properties": { "CVEGEO": "20490", "CVE_ENT": "20", "CVE_MUN": "490", "NOMGEO": "Santiago Texcalcingo", "estado_nombre": "Oaxaca" }, "geometry": { "type": "Point", "coordinates": [ -96.978748144651647, 18.215126211817079 ] } },
{ "type": "Feature", "properties": { "CVEGEO": "20502", "CVE_ENT": "20", "CVE_MUN": "502", "NOMGEO": "Santiago Zacatepec", "estado_nombre": "Oaxaca" }, "geometry": { "type": "Point", "coordinates": [ -95.884930279174668, 17.194245581557087 ] } },
{ "type": "Feature", "properties": { "CVEGEO": "20163", "CVE_ENT": "20", "CVE_MUN": "163", "NOMGEO": "San Jerónimo Tecóatl", "estado_nombre": "Oaxaca" }, "geometry": { "type": "Point", "coordinates": [ -96.929032450594505, 18.153798160109041 ] } },
{ "type": "Feature", "properties": { "CVEGEO": "20166", "CVE_ENT": "20", "CVE_MUN": "166", "NOMGEO": "San José Chiltepec", "estado_nombre": "Oaxaca" }, "geometry": { "type": "Point", "coordinates": [ -96.123650659865902, 17.914682192701939 ] } },
{ "type": "Feature", "properties": { "CVEGEO": "20237", "CVE_ENT": "20", "CVE_MUN": "237", "NOMGEO": "San Marcos Arteaga", "estado_nombre": "Oaxaca" }, "geometry": { "type": "Point", "coordinates": [ -97.903798002359636, 17.737506392243247 ] } },
{ "type": "Feature", "properties": { "CVEGEO": "20506", "CVE_ENT": "20", "CVE_MUN": "506", "NOMGEO": "Santo Domingo Albarradas", "estado_nombre": "Oaxaca" }, "geometry": { "type": "Point", "coordinates": [ -96.210356465610005, 17.071216548177457 ] } },
{ "type": "Feature", "properties": { "CVEGEO": "20508", "CVE_ENT": "20", "CVE_MUN": "508", "NOMGEO": "Santo Domingo Chihuitán", "estado_nombre": "Oaxaca" }, "geometry": { "type": "Point", "coordinates": [ -95.173693730341739, 16.629979466522062 ] } },
{ "type": "Feature", "properties": { "CVEGEO": "20205", "CVE_ENT": "20", "CVE_MUN": "205", "NOMGEO": "San Juan Lalana", "estado_nombre": "Oaxaca" }, "geometry": { "type": "Point", "coordinates": [ -95.791306540650737, 17.493295795621989 ] } },
{ "type": "Feature", "properties": { "CVEGEO": "20271", "CVE_ENT": "20", "CVE_MUN": "271", "NOMGEO": "San Miguel Mixtepec", "estado_nombre": "Oaxaca" }, "geometry": { "type": "Point", "coordinates": [ -96.947864124867806, 16.757550632766012 ] } },
{ "type": "Feature", "properties": { "CVEGEO": "20545", "CVE_ENT": "20", "CVE_MUN": "545", "NOMGEO": "Teotitlán de Flores Magón", "estado_nombre": "Oaxaca" }, "geometry": { "type": "Point", "coordinates": [ -97.112214097723239, 18.107377357570325 ] } },
{ "type": "Feature", "properties": { "CVEGEO": "20546", "CVE_ENT": "20", "CVE_MUN": "546", "NOMGEO": "Teotitlán del Valle", "estado_nombre": "Oaxaca" }, "geometry": { "type": "Point", "coordinates": [ -96.517293694261767, 17.055672090304007 ] } },
{ "type": "Feature", "properties": { "CVEGEO": "20547", "CVE_ENT": "20", "CVE_MUN": "547", "NOMGEO": "Teotongo", "estado_nombre": "Oaxaca" }, "geometry": { "type": "Point", "coordinates": [ -97.538505859675269, 17.748641870384667 ] } },
{ "type": "Feature", "properties": { "CVEGEO": "20186", "CVE_ENT": "20", "CVE_MUN": "186", "NOMGEO": "San Juan Cieneguilla", "estado_nombre": "Oaxaca" }, "geometry": { "type": "Point", "coordinates": [ -98.270718457870103, 17.865406266599788 ] } },
{ "type": "Feature", "properties": { "CVEGEO": "20227", "CVE_ENT": "20", "CVE_MUN": "227", "NOMGEO": "San Lorenzo Cacaotepec", "estado_nombre": "Oaxaca" }, "geometry": { "type": "Point", "coordinates": [ -96.803562029205239, 17.129044060212212 ] } },
{ "type": "Feature", "properties": { "CVEGEO": "20261", "CVE_ENT": "20", "CVE_MUN": "261", "NOMGEO": "San Miguel Amatitlán", "estado_nombre": "Oaxaca" }, "geometry": { "type": "Point", "coordinates": [ -98.019441319733758, 17.886721247509886 ] } },
{ "type": "Feature", "properties": { "CVEGEO": "20552", "CVE_ENT": "20", "CVE_MUN": "552", "NOMGEO": "Tlacotepec Plumas", "estado_nombre": "Oaxaca" }, "geometry": { "type": "Point", "coordinates": [ -97.475541426475786, 17.872012994045352 ] } },
{ "type": "Feature", "properties": { "CVEGEO": "20550", "CVE_ENT": "20", "CVE_MUN": "550", "NOMGEO": "San Jerónimo Tlacochahuaya", "estado_nombre": "Oaxaca" }, "geometry": { "type": "Point", "coordinates": [ -96.54870250462433, 17.007718055227709 ] } },
{ "type": "Feature", "properties": { "CVEGEO": "20253", "CVE_ENT": "20", "CVE_MUN": "253", "NOMGEO": "San Mateo Piñas", "estado_nombre": "Oaxaca" }, "geometry": { "type": "Point", "coordinates": [ -96.338785106698893, 15.971728838783784 ] } },
{ "type": "Feature", "properties": { "CVEGEO": "20254", "CVE_ENT": "20", "CVE_MUN": "254", "NOMGEO": "San Mateo Río Hondo", "estado_nombre": "Oaxaca" }, "geometry": { "type": "Point", "coordinates": [ -96.525226962079856, 16.121311125668505 ] } },
{ "type": "Feature", "properties": { "CVEGEO": "20272", "CVE_ENT": "20", "CVE_MUN": "272", "NOMGEO": "San Miguel Panixtlahuaca", "estado_nombre": "Oaxaca" }, "geometry": { "type": "Point", "coordinates": [ -97.400494584068824, 16.238656255494519 ] } },
{ "type": "Feature", "properties": { "CVEGEO": "20273", "CVE_ENT": "20", "CVE_MUN": "273", "NOMGEO": "San Miguel Peras", "estado_nombre": "Oaxaca" }, "geometry": { "type": "Point", "coordinates": [ -97.012075127752738, 16.928567580755093 ] } },
{ "type": "Feature", "properties": { "CVEGEO": "20275", "CVE_ENT": "20", "CVE_MUN": "275", "NOMGEO": "San Miguel Quetzaltepec", "estado_nombre": "Oaxaca" }, "geometry": { "type": "Point", "coordinates": [ -95.780221373553303, 16.975671496734094 ] } },
{ "type": "Feature", "properties": { "CVEGEO": "20551", "CVE_ENT": "20", "CVE_MUN": "551", "NOMGEO": "Tlacolula de Matamoros", "estado_nombre": "Oaxaca" }, "geometry": { "type": "Point", "coordinates": [ -96.359346741270144, 16.87358397313119 ] } },
{ "type": "Feature", "properties": { "CVEGEO": "20553", "CVE_ENT": "20", "CVE_MUN": "553", "NOMGEO": "Tlalixtac de Cabrera", "estado_nombre": "Oaxaca" }, "geometry": { "type": "Point", "coordinates": [ -96.616385623888206, 17.094132532910645 ] } },
{ "type": "Feature", "properties": { "CVEGEO": "20493", "CVE_ENT": "20", "CVE_MUN": "493", "NOMGEO": "Santiago Tillo", "estado_nombre": "Oaxaca" }, "geometry": { "type": "Point", "coordinates": [ -97.314875721331404, 17.467701068399496 ] } },
{ "type": "Feature", "properties": { "CVEGEO": "20554", "CVE_ENT": "20", "CVE_MUN": "554", "NOMGEO": "Totontepec Villa de Morelos", "estado_nombre": "Oaxaca" }, "geometry": { "type": "Point", "coordinates": [ -96.021126678133996, 17.245024015966404 ] } },
{ "type": "Feature", "properties": { "CVEGEO": "20555", "CVE_ENT": "20", "CVE_MUN": "555", "NOMGEO": "Trinidad Zaachila", "estado_nombre": "Oaxaca" }, "geometry": { "type": "Point", "coordinates": [ -96.792361459732646, 16.929514313402869 ] } },
{ "type": "Feature", "properties": { "CVEGEO": "20018", "CVE_ENT": "20", "CVE_MUN": "018", "NOMGEO": "Concepción Buenavista", "estado_nombre": "Oaxaca" }, "geometry": { "type": "Point", "coordinates": [ -97.44280341274154, 17.990301533843699 ] } },
{ "type": "Feature", "properties": { "CVEGEO": "20036", "CVE_ENT": "20", "CVE_MUN": "036", "NOMGEO": "Guevea de Humboldt", "estado_nombre": "Oaxaca" }, "geometry": { "type": "Point", "coordinates": [ -95.389393423821119, 16.838768844077041 ] } },
{ "type": "Feature", "properties": { "CVEGEO": "20338", "CVE_ENT": "20", "CVE_MUN": "338", "NOMGEO": "Villa de Etla", "estado_nombre": "Oaxaca" }, "geometry": { "type": "Point", "coordinates": [ -96.793175287602338, 17.195155681946432 ] } },
{ "type": "Feature", "properties": { "CVEGEO": "20344", "CVE_ENT": "20", "CVE_MUN": "344", "NOMGEO": "San Sebastián Coatlán", "estado_nombre": "Oaxaca" }, "geometry": { "type": "Point", "coordinates": [ -96.87125377665518, 16.088509579208235 ] } },
{ "type": "Feature", "properties": { "CVEGEO": "20366", "CVE_ENT": "20", "CVE_MUN": "366", "NOMGEO": "Santa Catarina Loxicha", "estado_nombre": "Oaxaca" }, "geometry": { "type": "Point", "coordinates": [ -96.718773704676337, 16.07095582461206 ] } },
{ "type": "Feature", "properties": { "CVEGEO": "20377", "CVE_ENT": "20", "CVE_MUN": "377", "NOMGEO": "Santa Cruz Itundujia", "estado_nombre": "Oaxaca" }, "geometry": { "type": "Point", "coordinates": [ -97.681359525458603, 16.728212885428665 ] } },
{ "type": "Feature", "properties": { "CVEGEO": "20451", "CVE_ENT": "20", "CVE_MUN": "451", "NOMGEO": "Santiago Apoala", "estado_nombre": "Oaxaca" }, "geometry": { "type": "Point", "coordinates": [ -97.136192870987841, 17.649687149829173 ] } },
{ "type": "Feature", "properties": { "CVEGEO": "20404", "CVE_ENT": "20", "CVE_MUN": "404", "NOMGEO": "Santa María Chachoápam", "estado_nombre": "Oaxaca" }, "geometry": { "type": "Point", "coordinates": [ -97.260648976515014, 17.565763648560708 ] } },
{ "type": "Feature", "properties": { "CVEGEO": "20407", "CVE_ENT": "20", "CVE_MUN": "407", "NOMGEO": "Santa María Chimalapa", "estado_nombre": "Oaxaca" }, "geometry": { "type": "Point", "coordinates": [ -94.388596356078807, 16.946917277011167 ] } },
{ "type": "Feature", "properties": { "CVEGEO": "20558", "CVE_ENT": "20", "CVE_MUN": "558", "NOMGEO": "Valerio Trujano", "estado_nombre": "Oaxaca" }, "geometry": { "type": "Point", "coordinates": [ -96.988234733818672, 17.765045996423442 ] } },
{ "type": "Feature", "properties": { "CVEGEO": "20561", "CVE_ENT": "20", "CVE_MUN": "561", "NOMGEO": "Yaxe", "estado_nombre": "Oaxaca" }, "geometry": { "type": "Point", "coordinates": [ -96.447995051198049, 16.708647459030043 ] } },
{ "type": "Feature", "properties": { "CVEGEO": "20056", "CVE_ENT": "20", "CVE_MUN": "056", "NOMGEO": "Mártires de Tacubaya", "estado_nombre": "Oaxaca" }, "geometry": { "type": "Point", "coordinates": [ -98.236803866355189, 16.542123400278239 ] } },
{ "type": "Feature", "properties": { "CVEGEO": "20563", "CVE_ENT": "20", "CVE_MUN": "563", "NOMGEO": "Yogana", "estado_nombre": "Oaxaca" }, "geometry": { "type": "Point", "coordinates": [ -96.797819034064204, 16.442354831455205 ] } },
{ "type": "Feature", "properties": { "CVEGEO": "20497", "CVE_ENT": "20", "CVE_MUN": "497", "NOMGEO": "Santiago Yaitepec", "estado_nombre": "Oaxaca" }, "geometry": { "type": "Point", "coordinates": [ -97.23788970079417, 16.208563726488876 ] } },
{ "type": "Feature", "properties": { "CVEGEO": "20549", "CVE_ENT": "20", "CVE_MUN": "549", "NOMGEO": "Heroica Villa Tezoatlán de Segura y Luna, Cuna de la Independencia de Oaxaca", "estado_nombre": "Oaxaca" }, "geometry": { "type": "Point", "coordinates": [ -97.858496214135741, 17.582239015689982 ] } },
{ "type": "Feature", "properties": { "CVEGEO": "20564", "CVE_ENT": "20", "CVE_MUN": "564", "NOMGEO": "Yutanduchi de Guerrero", "estado_nombre": "Oaxaca" }, "geometry": { "type": "Point", "coordinates": [ -97.296440174002896, 17.077314987837667 ] } },
{ "type": "Feature", "properties": { "CVEGEO": "20099", "CVE_ENT": "20", "CVE_MUN": "099", "NOMGEO": "San Andrés Tepetlapa", "estado_nombre": "Oaxaca" }, "geometry": { "type": "Point", "coordinates": [ -98.386429194758961, 17.659365270304278 ] } },
{ "type": "Feature", "properties": { "CVEGEO": "20491", "CVE_ENT": "20", "CVE_MUN": "491", "NOMGEO": "Santiago Textitlán", "estado_nombre": "Oaxaca" }, "geometry": { "type": "Point", "coordinates": [ -97.309146203131334, 16.721133949231518 ] } },
{ "type": "Feature", "properties": { "CVEGEO": "20379", "CVE_ENT": "20", "CVE_MUN": "379", "NOMGEO": "Santa Cruz Nundaco", "estado_nombre": "Oaxaca" }, "geometry": { "type": "Point", "coordinates": [ -97.718316368635115, 17.154895739136332 ] } },
{ "type": "Feature", "properties": { "CVEGEO": "20494", "CVE_ENT": "20", "CVE_MUN": "494", "NOMGEO": "Santiago Tlazoyaltepec", "estado_nombre": "Oaxaca" }, "geometry": { "type": "Point", "coordinates": [ -96.971258944593998, 17.027130750098078 ] } },
{ "type": "Feature", "properties": { "CVEGEO": "20499", "CVE_ENT": "20", "CVE_MUN": "499", "NOMGEO": "Santiago Yolomécatl", "estado_nombre": "Oaxaca" }, "geometry": { "type": "Point", "coordinates": [ -97.574435925548073, 17.469821620273905 ] } },
{ "type": "Feature", "properties": { "CVEGEO": "20058", "CVE_ENT": "20", "CVE_MUN": "058", "NOMGEO": "Mazatlán Villa de Flores", "estado_nombre": "Oaxaca" }, "geometry": { "type": "Point", "coordinates": [ -96.910948172439006, 18.029364858588206 ] } },
{ "type": "Feature", "properties": { "CVEGEO": "20569", "CVE_ENT": "20", "CVE_MUN": "569", "NOMGEO": "Santa Inés de Zaragoza", "estado_nombre": "Oaxaca" }, "geometry": { "type": "Point", "coordinates": [ -97.141398766850969, 17.274888949678111 ] } },
{ "type": "Feature", "properties": { "CVEGEO": "20570", "CVE_ENT": "20", "CVE_MUN": "570", "NOMGEO": "Zimatlán de Álvarez", "estado_nombre": "Oaxaca" }, "geometry": { "type": "Point", "coordinates": [ -97.034693618753849, 16.780245149816224 ] } },
{ "type": "Feature", "properties": { "CVEGEO": "20567", "CVE_ENT": "20", "CVE_MUN": "567", "NOMGEO": "Zapotitlán Lagunas", "estado_nombre": "Oaxaca" }, "geometry": { "type": "Point", "coordinates": [ -98.396961454480333, 17.776172141297639 ] } },
{ "type": "Feature", "properties": { "CVEGEO": "20423", "CVE_ENT": "20", "CVE_MUN": "423", "NOMGEO": "Santa María Nduayaco", "estado_nombre": "Oaxaca" }, "geometry": { "type": "Point", "coordinates": [ -97.50136250424805, 17.407712799141628 ] } },
{ "type": "Feature", "properties": { "CVEGEO": "20528", "CVE_ENT": "20", "CVE_MUN": "528", "NOMGEO": "Santos Reyes Tepejillo", "estado_nombre": "Oaxaca" }, "geometry": { "type": "Point", "coordinates": [ -97.950256386893443, 17.422833314038023 ] } },
{ "type": "Feature", "properties": { "CVEGEO": "20112", "CVE_ENT": "20", "CVE_MUN": "112", "NOMGEO": "San Baltazar Chichicápam", "estado_nombre": "Oaxaca" }, "geometry": { "type": "Point", "coordinates": [ -96.507367662691038, 16.766334154709281 ] } },
{ "type": "Feature", "properties": { "CVEGEO": "20510", "CVE_ENT": "20", "CVE_MUN": "510", "NOMGEO": "Santo Domingo Ixcatlán", "estado_nombre": "Oaxaca" }, "geometry": { "type": "Point", "coordinates": [ -97.523947530261097, 16.909085564995429 ] } },
{ "type": "Feature", "properties": { "CVEGEO": "20129", "CVE_ENT": "20", "CVE_MUN": "129", "NOMGEO": "San Cristóbal Suchixtlahuaca", "estado_nombre": "Oaxaca" }, "geometry": { "type": "Point", "coordinates": [ -97.383618776014401, 17.725421082960295 ] } },
{ "type": "Feature", "properties": { "CVEGEO": "20371", "CVE_ENT": "20", "CVE_MUN": "371", "NOMGEO": "Santa Catarina Ticuá", "estado_nombre": "Oaxaca" }, "geometry": { "type": "Point", "coordinates": [ -97.534352227720689, 17.06184943912638 ] } },
{ "type": "Feature", "properties": { "CVEGEO": "20424", "CVE_ENT": "20", "CVE_MUN": "424", "NOMGEO": "Santa María Ozolotepec", "estado_nombre": "Oaxaca" }, "geometry": { "type": "Point", "coordinates": [ -96.349269919010041, 16.099121203080447 ] } },
{ "type": "Feature", "properties": { "CVEGEO": "20406", "CVE_ENT": "20", "CVE_MUN": "406", "NOMGEO": "Santa María Chilchotla", "estado_nombre": "Oaxaca" }, "geometry": { "type": "Point", "coordinates": [ -96.746202422396777, 18.293069326812748 ] } },
{ "type": "Feature", "properties": { "CVEGEO": "20422", "CVE_ENT": "20", "CVE_MUN": "422", "NOMGEO": "Santa María Nativitas", "estado_nombre": "Oaxaca" }, "geometry": { "type": "Point", "coordinates": [ -97.332412998288277, 17.6462867095055 ] } },
{ "type": "Feature", "properties": { "CVEGEO": "20450", "CVE_ENT": "20", "CVE_MUN": "450", "NOMGEO": "Santiago Amoltepec", "estado_nombre": "Oaxaca" }, "geometry": { "type": "Point", "coordinates": [ -97.520844685501388, 16.631558228682003 ] } },
{ "type": "Feature", "properties": { "CVEGEO": "20075", "CVE_ENT": "20", "CVE_MUN": "075", "NOMGEO": "Reforma de Pineda", "estado_nombre": "Oaxaca" }, "geometry": { "type": "Point", "coordinates": [ -94.445809488615993, 16.392525932211175 ] } },
{ "type": "Feature", "properties": { "CVEGEO": "20501", "CVE_ENT": "20", "CVE_MUN": "501", "NOMGEO": "Santiago Yucuyachi", "estado_nombre": "Oaxaca" }, "geometry": { "type": "Point", "coordinates": [ -98.220598864020459, 17.614359218135739 ] } },
{ "type": "Feature", "properties": { "CVEGEO": "20505", "CVE_ENT": "20", "CVE_MUN": "505", "NOMGEO": "Santo Domingo Ingenio", "estado_nombre": "Oaxaca" }, "geometry": { "type": "Point", "coordinates": [ -94.731556594037812, 16.579605310713649 ] } },
{ "type": "Feature", "properties": { "CVEGEO": "20459", "CVE_ENT": "20", "CVE_MUN": "459", "NOMGEO": "Villa de Santiago Chazumba", "estado_nombre": "Oaxaca" }, "geometry": { "type": "Point", "coordinates": [ -97.719387240800955, 18.199855591263816 ] } },
{ "type": "Feature", "properties": { "CVEGEO": "20477", "CVE_ENT": "20", "CVE_MUN": "477", "NOMGEO": "Santiago Minas", "estado_nombre": "Oaxaca" }, "geometry": { "type": "Point", "coordinates": [ -97.266346659432031, 16.439544294891743 ] } },
{ "type": "Feature", "properties": { "CVEGEO": "20484", "CVE_ENT": "20", "CVE_MUN": "484", "NOMGEO": "Santiago Tamazola", "estado_nombre": "Oaxaca" }, "geometry": { "type": "Point", "coordinates": [ -98.234703960491359, 17.734067932778391 ] } },
{ "type": "Feature", "properties": { "CVEGEO": "20485", "CVE_ENT": "20", "CVE_MUN": "485", "NOMGEO": "Santiago Tapextla", "estado_nombre": "Oaxaca" }, "geometry": { "type": "Point", "coordinates": [ -98.466049698867977, 16.332968449998553 ] } },
{ "type": "Feature", "properties": { "CVEGEO": "20492", "CVE_ENT": "20", "CVE_MUN": "492", "NOMGEO": "Santiago Tilantongo", "estado_nombre": "Oaxaca" }, "geometry": { "type": "Point", "coordinates": [ -97.353431536766479, 17.21022279920625 ] } },
{ "type": "Feature", "properties": { "CVEGEO": "20495", "CVE_ENT": "20", "CVE_MUN": "495", "NOMGEO": "Santiago Xanica", "estado_nombre": "Oaxaca" }, "geometry": { "type": "Point", "coordinates": [ -96.218609890876635, 16.004525419831765 ] } },
{ "type": "Feature", "properties": { "CVEGEO": "20514", "CVE_ENT": "20", "CVE_MUN": "514", "NOMGEO": "Santo Domingo Roayaga", "estado_nombre": "Oaxaca" }, "geometry": { "type": "Point", "coordinates": [ -96.070906660437984, 17.33222177231686 ] } },
{ "type": "Feature", "properties": { "CVEGEO": "20534", "CVE_ENT": "20", "CVE_MUN": "534", "NOMGEO": "San Vicente Coatlán", "estado_nombre": "Oaxaca" }, "geometry": { "type": "Point", "coordinates": [ -96.833517186597462, 16.372773694673068 ] } },
{ "type": "Feature", "properties": { "CVEGEO": "20117", "CVE_ENT": "20", "CVE_MUN": "117", "NOMGEO": "San Bartolomé Loxicha", "estado_nombre": "Oaxaca" }, "geometry": { "type": "Point", "coordinates": [ -96.754815916376202, 15.943845981909762 ] } },
{ "type": "Feature", "properties": { "CVEGEO": "20512", "CVE_ENT": "20", "CVE_MUN": "512", "NOMGEO": "Santo Domingo Ozolotepec", "estado_nombre": "Oaxaca" }, "geometry": { "type": "Point", "coordinates": [ -96.314414381078834, 16.175973961284161 ] } },
{ "type": "Feature", "properties": { "CVEGEO": "20518", "CVE_ENT": "20", "CVE_MUN": "518", "NOMGEO": "Santo Domingo Tlatayápam", "estado_nombre": "Oaxaca" }, "geometry": { "type": "Point", "coordinates": [ -97.340516010456682, 17.401798037332551 ] } },
{ "type": "Feature", "properties": { "CVEGEO": "20206", "CVE_ENT": "20", "CVE_MUN": "206", "NOMGEO": "San Juan de los Cués", "estado_nombre": "Oaxaca" }, "geometry": { "type": "Point", "coordinates": [ -97.039239045833142, 18.044336986789993 ] } },
{ "type": "Feature", "properties": { "CVEGEO": "20521", "CVE_ENT": "20", "CVE_MUN": "521", "NOMGEO": "Santo Domingo Tonaltepec", "estado_nombre": "Oaxaca" }, "geometry": { "type": "Point", "coordinates": [ -97.353388342911117, 17.607266181709004 ] } },
{ "type": "Feature", "properties": { "CVEGEO": "20001", "CVE_ENT": "20", "CVE_MUN": "001", "NOMGEO": "Abejones", "estado_nombre": "Oaxaca" }, "geometry": { "type": "Point", "coordinates": [ -96.633838026253102, 17.490150748340778 ] } },
{ "type": "Feature", "properties": { "CVEGEO": "20256", "CVE_ENT": "20", "CVE_MUN": "256", "NOMGEO": "San Mateo Tlapiltepec", "estado_nombre": "Oaxaca" }, "geometry": { "type": "Point", "coordinates": [ -97.429514018466847, 17.805051652160202 ] } },
{ "type": "Feature", "properties": { "CVEGEO": "20003", "CVE_ENT": "20", "CVE_MUN": "003", "NOMGEO": "Asunción Cacalotepec", "estado_nombre": "Oaxaca" }, "geometry": { "type": "Point", "coordinates": [ -95.926910372809246, 17.033830221393661 ] } },
{ "type": "Feature", "properties": { "CVEGEO": "20263", "CVE_ENT": "20", "CVE_MUN": "263", "NOMGEO": "San Miguel Coatlán", "estado_nombre": "Oaxaca" }, "geometry": { "type": "Point", "coordinates": [ -96.680140427738237, 16.166625515212974 ] } },
{ "type": "Feature", "properties": { "CVEGEO": "20004", "CVE_ENT": "20", "CVE_MUN": "004", "NOMGEO": "Asunción Cuyotepeji", "estado_nombre": "Oaxaca" }, "geometry": { "type": "Point", "coordinates": [ -97.652708608143158, 17.929495645098733 ] } },
{ "type": "Feature", "properties": { "CVEGEO": "20007", "CVE_ENT": "20", "CVE_MUN": "007", "NOMGEO": "Asunción Ocotlán", "estado_nombre": "Oaxaca" }, "geometry": { "type": "Point", "coordinates": [ -96.725757148083133, 16.762890138204639 ] } },
{ "type": "Feature", "properties": { "CVEGEO": "20267", "CVE_ENT": "20", "CVE_MUN": "267", "NOMGEO": "San Miguel del Río", "estado_nombre": "Oaxaca" }, "geometry": { "type": "Point", "coordinates": [ -96.574387278767361, 17.327472514063839 ] } },
{ "type": "Feature", "properties": { "CVEGEO": "20011", "CVE_ENT": "20", "CVE_MUN": "011", "NOMGEO": "Calihualá", "estado_nombre": "Oaxaca" }, "geometry": { "type": "Point", "coordinates": [ -98.253855386919156, 17.545734284317227 ] } },
{ "type": "Feature", "properties": { "CVEGEO": "20027", "CVE_ENT": "20", "CVE_MUN": "027", "NOMGEO": "Chiquihuitlán de Benito Juárez", "estado_nombre": "Oaxaca" }, "geometry": { "type": "Point", "coordinates": [ -96.748742229286023, 17.992470121319879 ] } },
{ "type": "Feature", "properties": { "CVEGEO": "20030", "CVE_ENT": "20", "CVE_MUN": "030", "NOMGEO": "El Espinal", "estado_nombre": "Oaxaca" }, "geometry": { "type": "Point", "coordinates": [ -95.039535956468271, 16.467171594359943 ] } },
{ "type": "Feature", "properties": { "CVEGEO": "20519", "CVE_ENT": "20", "CVE_MUN": "519", "NOMGEO": "Santo Domingo Tomaltepec", "estado_nombre": "Oaxaca" }, "geometry": { "type": "Point", "coordinates": [ -96.590893326233001, 17.072020254571665 ] } },
{ "type": "Feature", "properties": { "CVEGEO": "20034", "CVE_ENT": "20", "CVE_MUN": "034", "NOMGEO": "Guadalupe de Ramírez", "estado_nombre": "Oaxaca" }, "geometry": { "type": "Point", "coordinates": [ -98.164297327952667, 17.754449830213513 ] } },
{ "type": "Feature", "properties": { "CVEGEO": "20013", "CVE_ENT": "20", "CVE_MUN": "013", "NOMGEO": "Ciénega de Zimatlán", "estado_nombre": "Oaxaca" }, "geometry": { "type": "Point", "coordinates": [ -96.766370662183874, 16.893784222186806 ] } },
{ "type": "Feature", "properties": { "CVEGEO": "20017", "CVE_ENT": "20", "CVE_MUN": "017", "NOMGEO": "La Compañía", "estado_nombre": "Oaxaca" }, "geometry": { "type": "Point", "coordinates": [ -96.851457378379919, 16.57979996482976 ] } },
{ "type": "Feature", "properties": { "CVEGEO": "20049", "CVE_ENT": "20", "CVE_MUN": "049", "NOMGEO": "Magdalena Ocotlán", "estado_nombre": "Oaxaca" }, "geometry": { "type": "Point", "coordinates": [ -96.714972957819271, 16.708593932555218 ] } },
{ "type": "Feature", "properties": { "CVEGEO": "20520", "CVE_ENT": "20", "CVE_MUN": "520", "NOMGEO": "Santo Domingo Tonalá", "estado_nombre": "Oaxaca" }, "geometry": { "type": "Point", "coordinates": [ -97.985962787973179, 17.681347479032301 ] } },
{ "type": "Feature", "properties": { "CVEGEO": "20019", "CVE_ENT": "20", "CVE_MUN": "019", "NOMGEO": "Concepción Pápalo", "estado_nombre": "Oaxaca" }, "geometry": { "type": "Point", "coordinates": [ -96.853921000996635, 17.867690285122858 ] } },
{ "type": "Feature", "properties": { "CVEGEO": "20022", "CVE_ENT": "20", "CVE_MUN": "022", "NOMGEO": "Cosoltepec", "estado_nombre": "Oaxaca" }, "geometry": { "type": "Point", "coordinates": [ -97.801673772508664, 18.138036752051661 ] } },
{ "type": "Feature", "properties": { "CVEGEO": "20024", "CVE_ENT": "20", "CVE_MUN": "024", "NOMGEO": "Cuyamecalco Villa de Zaragoza", "estado_nombre": "Oaxaca" }, "geometry": { "type": "Point", "coordinates": [ -96.857308299311413, 17.966129960048857 ] } },
{ "type": "Feature", "properties": { "CVEGEO": "20025", "CVE_ENT": "20", "CVE_MUN": "025", "NOMGEO": "Chahuites", "estado_nombre": "Oaxaca" }, "geometry": { "type": "Point", "coordinates": [ -94.204645215309242, 16.273895538275948 ] } },
{ "type": "Feature", "properties": { "CVEGEO": "20026", "CVE_ENT": "20", "CVE_MUN": "026", "NOMGEO": "Chalcatongo de Hidalgo", "estado_nombre": "Oaxaca" }, "geometry": { "type": "Point", "coordinates": [ -97.562327936616782, 16.986833300903207 ] } },
{ "type": "Feature", "properties": { "CVEGEO": "20029", "CVE_ENT": "20", "CVE_MUN": "029", "NOMGEO": "Eloxochitlán de Flores Magón", "estado_nombre": "Oaxaca" }, "geometry": { "type": "Point", "coordinates": [ -96.869273448980579, 18.194647149916868 ] } },
{ "type": "Feature", "properties": { "CVEGEO": "20032", "CVE_ENT": "20", "CVE_MUN": "032", "NOMGEO": "Fresnillo de Trujano", "estado_nombre": "Oaxaca" }, "geometry": { "type": "Point", "coordinates": [ -98.129168548061685, 17.929880210662567 ] } },
{ "type": "Feature", "properties": { "CVEGEO": "20033", "CVE_ENT": "20", "CVE_MUN": "033", "NOMGEO": "Guadalupe Etla", "estado_nombre": "Oaxaca" }, "geometry": { "type": "Point", "coordinates": [ -96.802079092370178, 17.177164766669275 ] } },
{ "type": "Feature", "properties": { "CVEGEO": "20050", "CVE_ENT": "20", "CVE_MUN": "050", "NOMGEO": "Magdalena Peñasco", "estado_nombre": "Oaxaca" }, "geometry": { "type": "Point", "coordinates": [ -97.553884072371233, 17.240458621367885 ] } },
{ "type": "Feature", "properties": { "CVEGEO": "20536", "CVE_ENT": "20", "CVE_MUN": "536", "NOMGEO": "San Vicente Nuñú", "estado_nombre": "Oaxaca" }, "geometry": { "type": "Point", "coordinates": [ -97.435599941701085, 17.430346781942109 ] } },
{ "type": "Feature", "properties": { "CVEGEO": "20037", "CVE_ENT": "20", "CVE_MUN": "037", "NOMGEO": "Mesones Hidalgo", "estado_nombre": "Oaxaca" }, "geometry": { "type": "Point", "coordinates": [ -98.009923633519278, 16.922330998118646 ] } },
{ "type": "Feature", "properties": { "CVEGEO": "20040", "CVE_ENT": "20", "CVE_MUN": "040", "NOMGEO": "Huautepec", "estado_nombre": "Oaxaca" }, "geometry": { "type": "Point", "coordinates": [ -96.783929351479031, 18.072662128267243 ] } },
{ "type": "Feature", "properties": { "CVEGEO": "20045", "CVE_ENT": "20", "CVE_MUN": "045", "NOMGEO": "Magdalena Apasco", "estado_nombre": "Oaxaca" }, "geometry": { "type": "Point", "coordinates": [ -96.815235841403734, 17.247153155279637 ] } },
{ "type": "Feature", "properties": { "CVEGEO": "20053", "CVE_ENT": "20", "CVE_MUN": "053", "NOMGEO": "Magdalena Tlacotepec", "estado_nombre": "Oaxaca" }, "geometry": { "type": "Point", "coordinates": [ -95.252671068653299, 16.510837882273893 ] } },
{ "type": "Feature", "properties": { "CVEGEO": "20046", "CVE_ENT": "20", "CVE_MUN": "046", "NOMGEO": "Magdalena Jaltepec", "estado_nombre": "Oaxaca" }, "geometry": { "type": "Point", "coordinates": [ -97.242062014390342, 17.261156133852829 ] } },
{ "type": "Feature", "properties": { "CVEGEO": "20172", "CVE_ENT": "20", "CVE_MUN": "172", "NOMGEO": "San Juan Achiutla", "estado_nombre": "Oaxaca" }, "geometry": { "type": "Point", "coordinates": [ -97.500551633104095, 17.350008407672615 ] } },
{ "type": "Feature", "properties": { "CVEGEO": "20048", "CVE_ENT": "20", "CVE_MUN": "048", "NOMGEO": "Magdalena Mixtepec", "estado_nombre": "Oaxaca" }, "geometry": { "type": "Point", "coordinates": [ -96.908752279157738, 16.896344828048257 ] } },
{ "type": "Feature", "properties": { "CVEGEO": "20522", "CVE_ENT": "20", "CVE_MUN": "522", "NOMGEO": "Santo Domingo Xagacía", "estado_nombre": "Oaxaca" }, "geometry": { "type": "Point", "coordinates": [ -96.291345892074688, 17.125222049082254 ] } },
{ "type": "Feature", "properties": { "CVEGEO": "20456", "CVE_ENT": "20", "CVE_MUN": "456", "NOMGEO": "Santiago Cacaloxtepec", "estado_nombre": "Oaxaca" }, "geometry": { "type": "Point", "coordinates": [ -97.734446802067069, 17.731101865423899 ] } },
{ "type": "Feature", "properties": { "CVEGEO": "20060", "CVE_ENT": "20", "CVE_MUN": "060", "NOMGEO": "Mixistlán de la Reforma", "estado_nombre": "Oaxaca" }, "geometry": { "type": "Point", "coordinates": [ -96.104050781651353, 17.165387063289554 ] } },
{ "type": "Feature", "properties": { "CVEGEO": "20061", "CVE_ENT": "20", "CVE_MUN": "061", "NOMGEO": "Monjas", "estado_nombre": "Oaxaca" }, "geometry": { "type": "Point", "coordinates": [ -96.630976340117172, 16.373159692621968 ] } },
{ "type": "Feature", "properties": { "CVEGEO": "20062", "CVE_ENT": "20", "CVE_MUN": "062", "NOMGEO": "Natividad", "estado_nombre": "Oaxaca" }, "geometry": { "type": "Point", "coordinates": [ -96.426251161895593, 17.301733694151533 ] } },
{ "type": "Feature", "properties": { "CVEGEO": "20063", "CVE_ENT": "20", "CVE_MUN": "063", "NOMGEO": "Nazareno Etla", "estado_nombre": "Oaxaca" }, "geometry": { "type": "Point", "coordinates": [ -96.829351493716374, 17.18117953041158 ] } },
{ "type": "Feature", "properties": { "CVEGEO": "20065", "CVE_ENT": "20", "CVE_MUN": "065", "NOMGEO": "Ixpantepec Nieves", "estado_nombre": "Oaxaca" }, "geometry": { "type": "Point", "coordinates": [ -98.014355778108595, 17.504159955766067 ] } },
{ "type": "Feature", "properties": { "CVEGEO": "20069", "CVE_ENT": "20", "CVE_MUN": "069", "NOMGEO": "La Pe", "estado_nombre": "Oaxaca" }, "geometry": { "type": "Point", "coordinates": [ -96.793885577997088, 16.623503153622945 ] } },
{ "type": "Feature", "properties": { "CVEGEO": "20070", "CVE_ENT": "20", "CVE_MUN": "070", "NOMGEO": "Pinotepa de Don Luis", "estado_nombre": "Oaxaca" }, "geometry": { "type": "Point", "coordinates": [ -97.966069793327421, 16.403680187677757 ] } },
{ "type": "Feature", "properties": { "CVEGEO": "20072", "CVE_ENT": "20", "CVE_MUN": "072", "NOMGEO": "San José del Progreso", "estado_nombre": "Oaxaca" }, "geometry": { "type": "Point", "coordinates": [ -96.665069047773358, 16.672081583647596 ] } },
{ "type": "Feature", "properties": { "CVEGEO": "20074", "CVE_ENT": "20", "CVE_MUN": "074", "NOMGEO": "Santa Catarina Quioquitani", "estado_nombre": "Oaxaca" }, "geometry": { "type": "Point", "coordinates": [ -96.270255171817794, 16.309181464123498 ] } },
{ "type": "Feature", "properties": { "CVEGEO": "20078", "CVE_ENT": "20", "CVE_MUN": "078", "NOMGEO": "Rojas de Cuauhtémoc", "estado_nombre": "Oaxaca" }, "geometry": { "type": "Point", "coordinates": [ -96.636150812727209, 17.002410961252238 ] } },
{ "type": "Feature", "properties": { "CVEGEO": "20077", "CVE_ENT": "20", "CVE_MUN": "077", "NOMGEO": "Reyes Etla", "estado_nombre": "Oaxaca" }, "geometry": { "type": "Point", "coordinates": [ -96.819067481764137, 17.209941850850807 ] } },
{ "type": "Feature", "properties": { "CVEGEO": "20081", "CVE_ENT": "20", "CVE_MUN": "081", "NOMGEO": "San Agustín Atenango", "estado_nombre": "Oaxaca" }, "geometry": { "type": "Point", "coordinates": [ -97.993413978438255, 17.589171203829483 ] } },
{ "type": "Feature", "properties": { "CVEGEO": "20092", "CVE_ENT": "20", "CVE_MUN": "092", "NOMGEO": "San Andrés Ixtlahuaca", "estado_nombre": "Oaxaca" }, "geometry": { "type": "Point", "coordinates": [ -96.864915555672511, 17.058776416278288 ] } },
{ "type": "Feature", "properties": { "CVEGEO": "20080", "CVE_ENT": "20", "CVE_MUN": "080", "NOMGEO": "San Agustín Amatengo", "estado_nombre": "Oaxaca" }, "geometry": { "type": "Point", "coordinates": [ -96.813796986209681, 16.513787947156096 ] } },
{ "type": "Feature", "properties": { "CVEGEO": "20084", "CVE_ENT": "20", "CVE_MUN": "084", "NOMGEO": "San Agustín Etla", "estado_nombre": "Oaxaca" }, "geometry": { "type": "Point", "coordinates": [ -96.718260702334007, 17.201260675094353 ] } },
{ "type": "Feature", "properties": { "CVEGEO": "20082", "CVE_ENT": "20", "CVE_MUN": "082", "NOMGEO": "San Agustín Chayuco", "estado_nombre": "Oaxaca" }, "geometry": { "type": "Point", "coordinates": [ -97.804676825285412, 16.449706482186322 ] } },
{ "type": "Feature", "properties": { "CVEGEO": "20086", "CVE_ENT": "20", "CVE_MUN": "086", "NOMGEO": "San Agustín Tlacotepec", "estado_nombre": "Oaxaca" }, "geometry": { "type": "Point", "coordinates": [ -97.515740864014845, 17.198269439401436 ] } },
{ "type": "Feature", "properties": { "CVEGEO": "20083", "CVE_ENT": "20", "CVE_MUN": "083", "NOMGEO": "San Agustín de las Juntas", "estado_nombre": "Oaxaca" }, "geometry": { "type": "Point", "coordinates": [ -96.685593329277808, 16.99197137063042 ] } },
{ "type": "Feature", "properties": { "CVEGEO": "20087", "CVE_ENT": "20", "CVE_MUN": "087", "NOMGEO": "San Agustín Yatareni", "estado_nombre": "Oaxaca" }, "geometry": { "type": "Point", "coordinates": [ -96.67946036529321, 17.080695828296271 ] } },
{ "type": "Feature", "properties": { "CVEGEO": "20089", "CVE_ENT": "20", "CVE_MUN": "089", "NOMGEO": "San Andrés Dinicuiti", "estado_nombre": "Oaxaca" }, "geometry": { "type": "Point", "coordinates": [ -97.688741492699492, 17.698530246995613 ] } },
{ "type": "Feature", "properties": { "CVEGEO": "20090", "CVE_ENT": "20", "CVE_MUN": "090", "NOMGEO": "San Andrés Huaxpaltepec", "estado_nombre": "Oaxaca" }, "geometry": { "type": "Point", "coordinates": [ -97.917508221131527, 16.344783203274414 ] } },
{ "type": "Feature", "properties": { "CVEGEO": "20091", "CVE_ENT": "20", "CVE_MUN": "091", "NOMGEO": "San Andrés Huayápam", "estado_nombre": "Oaxaca" }, "geometry": { "type": "Point", "coordinates": [ -96.667292512688931, 17.127462282625991 ] } },
{ "type": "Feature", "properties": { "CVEGEO": "20095", "CVE_ENT": "20", "CVE_MUN": "095", "NOMGEO": "San Andrés Paxtlán", "estado_nombre": "Oaxaca" }, "geometry": { "type": "Point", "coordinates": [ -96.524953988080512, 16.211693180824415 ] } },
{ "type": "Feature", "properties": { "CVEGEO": "20100", "CVE_ENT": "20", "CVE_MUN": "100", "NOMGEO": "San Andrés Yaá", "estado_nombre": "Oaxaca" }, "geometry": { "type": "Point", "coordinates": [ -96.132388105387761, 17.290312358069002 ] } },
{ "type": "Feature", "properties": { "CVEGEO": "20199", "CVE_ENT": "20", "CVE_MUN": "199", "NOMGEO": "San Juan Ihualtepec", "estado_nombre": "Oaxaca" }, "geometry": { "type": "Point", "coordinates": [ -98.290250031515043, 17.764349055591843 ] } },
{ "type": "Feature", "properties": { "CVEGEO": "20102", "CVE_ENT": "20", "CVE_MUN": "102", "NOMGEO": "San Andrés Zautla", "estado_nombre": "Oaxaca" }, "geometry": { "type": "Point", "coordinates": [ -96.902975962775244, 17.18420109655635 ] } },
{ "type": "Feature", "properties": { "CVEGEO": "20233", "CVE_ENT": "20", "CVE_MUN": "233", "NOMGEO": "San Lucas Quiaviní", "estado_nombre": "Oaxaca" }, "geometry": { "type": "Point", "coordinates": [ -96.453502385991371, 16.879297116268251 ] } },
{ "type": "Feature", "properties": { "CVEGEO": "20103", "CVE_ENT": "20", "CVE_MUN": "103", "NOMGEO": "San Antonino Castillo Velasco", "estado_nombre": "Oaxaca" }, "geometry": { "type": "Point", "coordinates": [ -96.692540334683059, 16.813937182441268 ] } },
{ "type": "Feature", "properties": { "CVEGEO": "20105", "CVE_ENT": "20", "CVE_MUN": "105", "NOMGEO": "San Antonino Monte Verde", "estado_nombre": "Oaxaca" }, "geometry": { "type": "Point", "coordinates": [ -97.743968918441311, 17.518481883459618 ] } },
{ "type": "Feature", "properties": { "CVEGEO": "20107", "CVE_ENT": "20", "CVE_MUN": "107", "NOMGEO": "San Antonio de la Cal", "estado_nombre": "Oaxaca" }, "geometry": { "type": "Point", "coordinates": [ -96.691818491911036, 17.024112217397366 ] } },
{ "type": "Feature", "properties": { "CVEGEO": "20108", "CVE_ENT": "20", "CVE_MUN": "108", "NOMGEO": "San Antonio Huitepec", "estado_nombre": "Oaxaca" }, "geometry": { "type": "Point", "coordinates": [ -97.142964034943603, 16.920592842102124 ] } },
{ "type": "Feature", "properties": { "CVEGEO": "20109", "CVE_ENT": "20", "CVE_MUN": "109", "NOMGEO": "San Antonio Nanahuatípam", "estado_nombre": "Oaxaca" }, "geometry": { "type": "Point", "coordinates": [ -97.164511871465677, 18.146151210219291 ] } },
{ "type": "Feature", "properties": { "CVEGEO": "20110", "CVE_ENT": "20", "CVE_MUN": "110", "NOMGEO": "San Antonio Sinicahua", "estado_nombre": "Oaxaca" }, "geometry": { "type": "Point", "coordinates": [ -97.573658553249984, 17.153158904406574 ] } },
{ "type": "Feature", "properties": { "CVEGEO": "20111", "CVE_ENT": "20", "CVE_MUN": "111", "NOMGEO": "San Antonio Tepetlapa", "estado_nombre": "Oaxaca" }, "geometry": { "type": "Point", "coordinates": [ -98.047829276497964, 16.540698911664691 ] } },
{ "type": "Feature", "properties": { "CVEGEO": "20527", "CVE_ENT": "20", "CVE_MUN": "527", "NOMGEO": "Santos Reyes Pápalo", "estado_nombre": "Oaxaca" }, "geometry": { "type": "Point", "coordinates": [ -96.875263603987705, 17.793679300840388 ] } },
{ "type": "Feature", "properties": { "CVEGEO": "20116", "CVE_ENT": "20", "CVE_MUN": "116", "NOMGEO": "San Bartolomé Ayautla", "estado_nombre": "Oaxaca" }, "geometry": { "type": "Point", "coordinates": [ -96.675522011065397, 18.050078598343777 ] } },
{ "type": "Feature", "properties": { "CVEGEO": "20114", "CVE_ENT": "20", "CVE_MUN": "114", "NOMGEO": "San Baltazar Yatzachi el Bajo", "estado_nombre": "Oaxaca" }, "geometry": { "type": "Point", "coordinates": [ -96.210609967445592, 17.22041007269722 ] } },
{ "type": "Feature", "properties": { "CVEGEO": "20115", "CVE_ENT": "20", "CVE_MUN": "115", "NOMGEO": "San Bartolo Coyotepec", "estado_nombre": "Oaxaca" }, "geometry": { "type": "Point", "coordinates": [ -96.695615069544544, 16.941142314132968 ] } },
{ "type": "Feature", "properties": { "CVEGEO": "20119", "CVE_ENT": "20", "CVE_MUN": "119", "NOMGEO": "San Bartolomé Yucuañe", "estado_nombre": "Oaxaca" }, "geometry": { "type": "Point", "coordinates": [ -97.452582183275609, 17.223981184877708 ] } },
{ "type": "Feature", "properties": { "CVEGEO": "20014", "CVE_ENT": "20", "CVE_MUN": "014", "NOMGEO": "Ciudad Ixtepec", "estado_nombre": "Oaxaca" }, "geometry": { "type": "Point", "coordinates": [ -95.089334844874884, 16.623388173716314 ] } },
{ "type": "Feature", "properties": { "CVEGEO": "20123", "CVE_ENT": "20", "CVE_MUN": "123", "NOMGEO": "San Bernardo Mixtepec", "estado_nombre": "Oaxaca" }, "geometry": { "type": "Point", "coordinates": [ -96.917181070123902, 16.844417180629545 ] } },
{ "type": "Feature", "properties": { "CVEGEO": "20122", "CVE_ENT": "20", "CVE_MUN": "122", "NOMGEO": "San Bartolo Yautepec", "estado_nombre": "Oaxaca" }, "geometry": { "type": "Point", "coordinates": [ -95.928032047388925, 16.425504482823982 ] } },
{ "type": "Feature", "properties": { "CVEGEO": "20126", "CVE_ENT": "20", "CVE_MUN": "126", "NOMGEO": "San Cristóbal Amatlán", "estado_nombre": "Oaxaca" }, "geometry": { "type": "Point", "coordinates": [ -96.383007822408729, 16.307318851023133 ] } },
{ "type": "Feature", "properties": { "CVEGEO": "20127", "CVE_ENT": "20", "CVE_MUN": "127", "NOMGEO": "San Cristóbal Amoltepec", "estado_nombre": "Oaxaca" }, "geometry": { "type": "Point", "coordinates": [ -97.58108204848422, 17.2823781564542 ] } },
{ "type": "Feature", "properties": { "CVEGEO": "20128", "CVE_ENT": "20", "CVE_MUN": "128", "NOMGEO": "San Cristóbal Lachirioag", "estado_nombre": "Oaxaca" }, "geometry": { "type": "Point", "coordinates": [ -96.174949510275312, 17.35143803971161 ] } },
{ "type": "Feature", "properties": { "CVEGEO": "20529", "CVE_ENT": "20", "CVE_MUN": "529", "NOMGEO": "Santos Reyes Yucuná", "estado_nombre": "Oaxaca" }, "geometry": { "type": "Point", "coordinates": [ -98.005905647219848, 17.772414753935735 ] } },
{ "type": "Feature", "properties": { "CVEGEO": "20131", "CVE_ENT": "20", "CVE_MUN": "131", "NOMGEO": "San Dionisio Ocotepec", "estado_nombre": "Oaxaca" }, "geometry": { "type": "Point", "coordinates": [ -96.302064532623234, 16.780918178540819 ] } },
{ "type": "Feature", "properties": { "CVEGEO": "20130", "CVE_ENT": "20", "CVE_MUN": "130", "NOMGEO": "San Dionisio del Mar", "estado_nombre": "Oaxaca" }, "geometry": { "type": "Point", "coordinates": [ -94.740483080181363, 16.337565951157387 ] } },
{ "type": "Feature", "properties": { "CVEGEO": "20152", "CVE_ENT": "20", "CVE_MUN": "152", "NOMGEO": "San Francisco Tlapancingo", "estado_nombre": "Oaxaca" }, "geometry": { "type": "Point", "coordinates": [ -98.263328507643891, 17.476367420180623 ] } },
{ "type": "Feature", "properties": { "CVEGEO": "20132", "CVE_ENT": "20", "CVE_MUN": "132", "NOMGEO": "San Dionisio Ocotlán", "estado_nombre": "Oaxaca" }, "geometry": { "type": "Point", "coordinates": [ -96.664175708275323, 16.749907443901581 ] } },
{ "type": "Feature", "properties": { "CVEGEO": "20135", "CVE_ENT": "20", "CVE_MUN": "135", "NOMGEO": "San Felipe Tejalápam", "estado_nombre": "Oaxaca" }, "geometry": { "type": "Point", "coordinates": [ -96.885234801239292, 17.092897877004209 ] } },
{ "type": "Feature", "properties": { "CVEGEO": "20136", "CVE_ENT": "20", "CVE_MUN": "136", "NOMGEO": "San Felipe Usila", "estado_nombre": "Oaxaca" }, "geometry": { "type": "Point", "coordinates": [ -96.507095939960706, 17.820290603012488 ] } },
{ "type": "Feature", "properties": { "CVEGEO": "20137", "CVE_ENT": "20", "CVE_MUN": "137", "NOMGEO": "San Francisco Cahuacuá", "estado_nombre": "Oaxaca" }, "geometry": { "type": "Point", "coordinates": [ -97.36767706940806, 16.858084257561575 ] } },
{ "type": "Feature", "properties": { "CVEGEO": "20139", "CVE_ENT": "20", "CVE_MUN": "139", "NOMGEO": "San Francisco Chapulapa", "estado_nombre": "Oaxaca" }, "geometry": { "type": "Point", "coordinates": [ -96.745202332782128, 17.905571059474646 ] } },
{ "type": "Feature", "properties": { "CVEGEO": "20142", "CVE_ENT": "20", "CVE_MUN": "142", "NOMGEO": "San Francisco Huehuetlán", "estado_nombre": "Oaxaca" }, "geometry": { "type": "Point", "coordinates": [ -96.9361841590908, 18.195236092058252 ] } },
{ "type": "Feature", "properties": { "CVEGEO": "20140", "CVE_ENT": "20", "CVE_MUN": "140", "NOMGEO": "San Francisco Chindúa", "estado_nombre": "Oaxaca" }, "geometry": { "type": "Point", "coordinates": [ -97.314358086677373, 17.4170104104115 ] } },
{ "type": "Feature", "properties": { "CVEGEO": "20160", "CVE_ENT": "20", "CVE_MUN": "160", "NOMGEO": "San Jerónimo Silacayoapilla", "estado_nombre": "Oaxaca" }, "geometry": { "type": "Point", "coordinates": [ -97.86887174894612, 17.806727933420984 ] } },
{ "type": "Feature", "properties": { "CVEGEO": "20143", "CVE_ENT": "20", "CVE_MUN": "143", "NOMGEO": "San Francisco Ixhuatán", "estado_nombre": "Oaxaca" }, "geometry": { "type": "Point", "coordinates": [ -94.513076223537041, 16.352691972800294 ] } },
{ "type": "Feature", "properties": { "CVEGEO": "20144", "CVE_ENT": "20", "CVE_MUN": "144", "NOMGEO": "San Francisco Jaltepetongo", "estado_nombre": "Oaxaca" }, "geometry": { "type": "Point", "coordinates": [ -97.275076969748469, 17.346492851935093 ] } },
{ "type": "Feature", "properties": { "CVEGEO": "20145", "CVE_ENT": "20", "CVE_MUN": "145", "NOMGEO": "San Francisco Lachigoló", "estado_nombre": "Oaxaca" }, "geometry": { "type": "Point", "coordinates": [ -96.595815238714891, 17.026345656480625 ] } },
{ "type": "Feature", "properties": { "CVEGEO": "20531", "CVE_ENT": "20", "CVE_MUN": "531", "NOMGEO": "Santo Tomás Mazaltepec", "estado_nombre": "Oaxaca" }, "geometry": { "type": "Point", "coordinates": [ -96.911933980601958, 17.146868595943829 ] } },
{ "type": "Feature", "properties": { "CVEGEO": "20146", "CVE_ENT": "20", "CVE_MUN": "146", "NOMGEO": "San Francisco Logueche", "estado_nombre": "Oaxaca" }, "geometry": { "type": "Point", "coordinates": [ -96.38012773009909, 16.373425105471725 ] } },
{ "type": "Feature", "properties": { "CVEGEO": "20148", "CVE_ENT": "20", "CVE_MUN": "148", "NOMGEO": "San Francisco Ozolotepec", "estado_nombre": "Oaxaca" }, "geometry": { "type": "Point", "coordinates": [ -96.201949705972424, 16.093357987285366 ] } },
{ "type": "Feature", "properties": { "CVEGEO": "20151", "CVE_ENT": "20", "CVE_MUN": "151", "NOMGEO": "San Francisco Teopan", "estado_nombre": "Oaxaca" }, "geometry": { "type": "Point", "coordinates": [ -97.543531692494838, 17.89041314108243 ] } },
{ "type": "Feature", "properties": { "CVEGEO": "20157", "CVE_ENT": "20", "CVE_MUN": "157", "NOMGEO": "San Jacinto Amilpas", "estado_nombre": "Oaxaca" }, "geometry": { "type": "Point", "coordinates": [ -96.757431251194731, 17.095368394008126 ] } },
{ "type": "Feature", "properties": { "CVEGEO": "20248", "CVE_ENT": "20", "CVE_MUN": "248", "NOMGEO": "San Mateo del Mar", "estado_nombre": "Oaxaca" }, "geometry": { "type": "Point", "coordinates": [ -95.045607622741002, 16.209297955193691 ] } },
{ "type": "Feature", "properties": { "CVEGEO": "20158", "CVE_ENT": "20", "CVE_MUN": "158", "NOMGEO": "San Jacinto Tlacotepec", "estado_nombre": "Oaxaca" }, "geometry": { "type": "Point", "coordinates": [ -97.365958336926212, 16.503273117022271 ] } },
{ "type": "Feature", "properties": { "CVEGEO": "20162", "CVE_ENT": "20", "CVE_MUN": "162", "NOMGEO": "San Jerónimo Taviche", "estado_nombre": "Oaxaca" }, "geometry": { "type": "Point", "coordinates": [ -96.571392962777523, 16.704054667390505 ] } },
{ "type": "Feature", "properties": { "CVEGEO": "20176", "CVE_ENT": "20", "CVE_MUN": "176", "NOMGEO": "San Juan Bautista Coixtlahuaca", "estado_nombre": "Oaxaca" }, "geometry": { "type": "Point", "coordinates": [ -97.262411742801163, 17.720610100426217 ] } },
{ "type": "Feature", "properties": { "CVEGEO": "20165", "CVE_ENT": "20", "CVE_MUN": "165", "NOMGEO": "San José Ayuquila", "estado_nombre": "Oaxaca" }, "geometry": { "type": "Point", "coordinates": [ -97.972177973316448, 17.954419803624202 ] } },
{ "type": "Feature", "properties": { "CVEGEO": "20167", "CVE_ENT": "20", "CVE_MUN": "167", "NOMGEO": "San José del Peñasco", "estado_nombre": "Oaxaca" }, "geometry": { "type": "Point", "coordinates": [ -96.493290441908172, 16.28058258824074 ] } },
{ "type": "Feature", "properties": { "CVEGEO": "20530", "CVE_ENT": "20", "CVE_MUN": "530", "NOMGEO": "Santo Tomás Jalieza", "estado_nombre": "Oaxaca" }, "geometry": { "type": "Point", "coordinates": [ -96.637690474314837, 16.866573657833325 ] } },
{ "type": "Feature", "properties": { "CVEGEO": "20187", "CVE_ENT": "20", "CVE_MUN": "187", "NOMGEO": "San Juan Coatzóspam", "estado_nombre": "Oaxaca" }, "geometry": { "type": "Point", "coordinates": [ -96.7286653673697, 18.058339193814788 ] } },
{ "type": "Feature", "properties": { "CVEGEO": "20171", "CVE_ENT": "20", "CVE_MUN": "171", "NOMGEO": "San José Tenango", "estado_nombre": "Oaxaca" }, "geometry": { "type": "Point", "coordinates": [ -96.668043769514043, 18.160845472930401 ] } },
{ "type": "Feature", "properties": { "CVEGEO": "20188", "CVE_ENT": "20", "CVE_MUN": "188", "NOMGEO": "San Juan Colorado", "estado_nombre": "Oaxaca" }, "geometry": { "type": "Point", "coordinates": [ -97.910670398157393, 16.495151652382695 ] } },
{ "type": "Feature", "properties": { "CVEGEO": "20173", "CVE_ENT": "20", "CVE_MUN": "173", "NOMGEO": "San Juan Atepec", "estado_nombre": "Oaxaca" }, "geometry": { "type": "Point", "coordinates": [ -96.48836861230204, 17.464113122694449 ] } },
{ "type": "Feature", "properties": { "CVEGEO": "20174", "CVE_ENT": "20", "CVE_MUN": "174", "NOMGEO": "Ánimas Trujano", "estado_nombre": "Oaxaca" }, "geometry": { "type": "Point", "coordinates": [ -96.716203370477231, 16.987318729859638 ] } },
{ "type": "Feature", "properties": { "CVEGEO": "20191", "CVE_ENT": "20", "CVE_MUN": "191", "NOMGEO": "San Juan Chicomezúchil", "estado_nombre": "Oaxaca" }, "geometry": { "type": "Point", "coordinates": [ -96.50733955241239, 17.279222198849208 ] } },
{ "type": "Feature", "properties": { "CVEGEO": "20196", "CVE_ENT": "20", "CVE_MUN": "196", "NOMGEO": "San Juan Evangelista Analco", "estado_nombre": "Oaxaca" }, "geometry": { "type": "Point", "coordinates": [ -96.539322703970811, 17.400907268181836 ] } },
{ "type": "Feature", "properties": { "CVEGEO": "20178", "CVE_ENT": "20", "CVE_MUN": "178", "NOMGEO": "San Juan Bautista Guelache", "estado_nombre": "Oaxaca" }, "geometry": { "type": "Point", "coordinates": [ -96.759154532072458, 17.237988730404012 ] } },
{ "type": "Feature", "properties": { "CVEGEO": "20197", "CVE_ENT": "20", "CVE_MUN": "197", "NOMGEO": "San Juan Guelavía", "estado_nombre": "Oaxaca" }, "geometry": { "type": "Point", "coordinates": [ -96.541525225065044, 16.95390696826118 ] } },
{ "type": "Feature", "properties": { "CVEGEO": "20180", "CVE_ENT": "20", "CVE_MUN": "180", "NOMGEO": "San Juan Bautista Lo de Soto", "estado_nombre": "Oaxaca" }, "geometry": { "type": "Point", "coordinates": [ -98.343793075895746, 16.514874144636156 ] } },
{ "type": "Feature", "properties": { "CVEGEO": "20215", "CVE_ENT": "20", "CVE_MUN": "215", "NOMGEO": "San Juan Sayultepec", "estado_nombre": "Oaxaca" }, "geometry": { "type": "Point", "coordinates": [ -97.291788527008393, 17.448298257205483 ] } },
{ "type": "Feature", "properties": { "CVEGEO": "20181", "CVE_ENT": "20", "CVE_MUN": "181", "NOMGEO": "San Juan Bautista Suchitepec", "estado_nombre": "Oaxaca" }, "geometry": { "type": "Point", "coordinates": [ -97.643278378079401, 18.000007771710056 ] } },
{ "type": "Feature", "properties": { "CVEGEO": "20480", "CVE_ENT": "20", "CVE_MUN": "480", "NOMGEO": "Santiago Nundiche", "estado_nombre": "Oaxaca" }, "geometry": { "type": "Point", "coordinates": [ -97.701295197093131, 17.3350667431781 ] } },
{ "type": "Feature", "properties": { "CVEGEO": "20182", "CVE_ENT": "20", "CVE_MUN": "182", "NOMGEO": "San Juan Bautista Tlacoatzintepec", "estado_nombre": "Oaxaca" }, "geometry": { "type": "Point", "coordinates": [ -96.592416281242393, 17.873008081631198 ] } },
{ "type": "Feature", "properties": { "CVEGEO": "20183", "CVE_ENT": "20", "CVE_MUN": "183", "NOMGEO": "San Juan Bautista Tlachichilco", "estado_nombre": "Oaxaca" }, "geometry": { "type": "Point", "coordinates": [ -98.322223372998735, 17.590711482745803 ] } },
{ "type": "Feature", "properties": { "CVEGEO": "20189", "CVE_ENT": "20", "CVE_MUN": "189", "NOMGEO": "San Juan Comaltepec", "estado_nombre": "Oaxaca" }, "geometry": { "type": "Point", "coordinates": [ -95.956555578920458, 17.32899011169717 ] } },
{ "type": "Feature", "properties": { "CVEGEO": "20192", "CVE_ENT": "20", "CVE_MUN": "192", "NOMGEO": "San Juan Chilateca", "estado_nombre": "Oaxaca" }, "geometry": { "type": "Point", "coordinates": [ -96.67165499504506, 16.828258639349421 ] } },
{ "type": "Feature", "properties": { "CVEGEO": "20193", "CVE_ENT": "20", "CVE_MUN": "193", "NOMGEO": "San Juan del Estado", "estado_nombre": "Oaxaca" }, "geometry": { "type": "Point", "coordinates": [ -96.779247234169446, 17.329444803690624 ] } },
{ "type": "Feature", "properties": { "CVEGEO": "20194", "CVE_ENT": "20", "CVE_MUN": "194", "NOMGEO": "San Juan del Río", "estado_nombre": "Oaxaca" }, "geometry": { "type": "Point", "coordinates": [ -96.161348635691809, 16.891776832050116 ] } },
{ "type": "Feature", "properties": { "CVEGEO": "20195", "CVE_ENT": "20", "CVE_MUN": "195", "NOMGEO": "San Juan Diuxi", "estado_nombre": "Oaxaca" }, "geometry": { "type": "Point", "coordinates": [ -97.389652362648718, 17.277782465067475 ] } },
{ "type": "Feature", "properties": { "CVEGEO": "20210", "CVE_ENT": "20", "CVE_MUN": "210", "NOMGEO": "San Juan Ñumí", "estado_nombre": "Oaxaca" }, "geometry": { "type": "Point", "coordinates": [ -97.754889921207479, 17.426141129000168 ] } },
{ "type": "Feature", "properties": { "CVEGEO": "20200", "CVE_ENT": "20", "CVE_MUN": "200", "NOMGEO": "San Juan Juquila Mixes", "estado_nombre": "Oaxaca" }, "geometry": { "type": "Point", "coordinates": [ -95.891036066340661, 16.874659747217187 ] } },
{ "type": "Feature", "properties": { "CVEGEO": "20201", "CVE_ENT": "20", "CVE_MUN": "201", "NOMGEO": "San Juan Juquila Vijanos", "estado_nombre": "Oaxaca" }, "geometry": { "type": "Point", "coordinates": [ -96.301727247107749, 17.32401184948943 ] } },
{ "type": "Feature", "properties": { "CVEGEO": "20203", "CVE_ENT": "20", "CVE_MUN": "203", "NOMGEO": "San Juan Lachigalla", "estado_nombre": "Oaxaca" }, "geometry": { "type": "Point", "coordinates": [ -96.545776979761101, 16.568430898666662 ] } },
{ "type": "Feature", "properties": { "CVEGEO": "20208", "CVE_ENT": "20", "CVE_MUN": "208", "NOMGEO": "San Juan Mixtepec", "estado_nombre": "Oaxaca" }, "geometry": { "type": "Point", "coordinates": [ -97.855881835063002, 17.33769528173967 ] } },
{ "type": "Feature", "properties": { "CVEGEO": "20209", "CVE_ENT": "20", "CVE_MUN": "209", "NOMGEO": "San Juan Mixtepec", "estado_nombre": "Oaxaca" }, "geometry": { "type": "Point", "coordinates": [ -96.313178112396926, 16.246687655253659 ] } },
{ "type": "Feature", "properties": { "CVEGEO": "20284", "CVE_ENT": "20", "CVE_MUN": "284", "NOMGEO": "San Miguel Tilquiápam", "estado_nombre": "Oaxaca" }, "geometry": { "type": "Point", "coordinates": [ -96.564360753996738, 16.775634553678692 ] } },
{ "type": "Feature", "properties": { "CVEGEO": "20219", "CVE_ENT": "20", "CVE_MUN": "219", "NOMGEO": "San Juan Teitipac", "estado_nombre": "Oaxaca" }, "geometry": { "type": "Point", "coordinates": [ -96.597739934317318, 16.894537645639179 ] } },
{ "type": "Feature", "properties": { "CVEGEO": "20216", "CVE_ENT": "20", "CVE_MUN": "216", "NOMGEO": "San Juan Tabaá", "estado_nombre": "Oaxaca" }, "geometry": { "type": "Point", "coordinates": [ -96.218509170023651, 17.31861364600023 ] } },
{ "type": "Feature", "properties": { "CVEGEO": "20221", "CVE_ENT": "20", "CVE_MUN": "221", "NOMGEO": "San Juan Teposcolula", "estado_nombre": "Oaxaca" }, "geometry": { "type": "Point", "coordinates": [ -97.415757834884459, 17.58725835941857 ] } },
{ "type": "Feature", "properties": { "CVEGEO": "20222", "CVE_ENT": "20", "CVE_MUN": "222", "NOMGEO": "San Juan Yaeé", "estado_nombre": "Oaxaca" }, "geometry": { "type": "Point", "coordinates": [ -96.279952939276356, 17.441987675779341 ] } },
{ "type": "Feature", "properties": { "CVEGEO": "20541", "CVE_ENT": "20", "CVE_MUN": "541", "NOMGEO": "Tanetze de Zaragoza", "estado_nombre": "Oaxaca" }, "geometry": { "type": "Point", "coordinates": [ -96.294009595367584, 17.384141330611961 ] } },
{ "type": "Feature", "properties": { "CVEGEO": "20224", "CVE_ENT": "20", "CVE_MUN": "224", "NOMGEO": "San Juan Yucuita", "estado_nombre": "Oaxaca" }, "geometry": { "type": "Point", "coordinates": [ -97.268982858404044, 17.523430230520997 ] } },
{ "type": "Feature", "properties": { "CVEGEO": "20225", "CVE_ENT": "20", "CVE_MUN": "225", "NOMGEO": "San Lorenzo", "estado_nombre": "Oaxaca" }, "geometry": { "type": "Point", "coordinates": [ -97.877859030169589, 16.411231221873749 ] } },
{ "type": "Feature", "properties": { "CVEGEO": "20226", "CVE_ENT": "20", "CVE_MUN": "226", "NOMGEO": "San Lorenzo Albarradas", "estado_nombre": "Oaxaca" }, "geometry": { "type": "Point", "coordinates": [ -96.238484280188558, 16.891021890304557 ] } },
{ "type": "Feature", "properties": { "CVEGEO": "20228", "CVE_ENT": "20", "CVE_MUN": "228", "NOMGEO": "San Lorenzo Cuaunecuiltitla", "estado_nombre": "Oaxaca" }, "geometry": { "type": "Point", "coordinates": [ -96.917276795196955, 18.216348504747177 ] } },
{ "type": "Feature", "properties": { "CVEGEO": "20231", "CVE_ENT": "20", "CVE_MUN": "231", "NOMGEO": "San Lucas Camotlán", "estado_nombre": "Oaxaca" }, "geometry": { "type": "Point", "coordinates": [ -95.689770487965831, 16.937810581272409 ] } },
{ "type": "Feature", "properties": { "CVEGEO": "20239", "CVE_ENT": "20", "CVE_MUN": "239", "NOMGEO": "San Martín Huamelúlpam", "estado_nombre": "Oaxaca" }, "geometry": { "type": "Point", "coordinates": [ -97.608956256788062, 17.396295736759928 ] } },
{ "type": "Feature", "properties": { "CVEGEO": "20234", "CVE_ENT": "20", "CVE_MUN": "234", "NOMGEO": "San Lucas Zoquiápam", "estado_nombre": "Oaxaca" }, "geometry": { "type": "Point", "coordinates": [ -96.91589166397263, 18.112344087722764 ] } },
{ "type": "Feature", "properties": { "CVEGEO": "20240", "CVE_ENT": "20", "CVE_MUN": "240", "NOMGEO": "San Martín Itunyoso", "estado_nombre": "Oaxaca" }, "geometry": { "type": "Point", "coordinates": [ -97.85578038342436, 17.217358514387922 ] } },
{ "type": "Feature", "properties": { "CVEGEO": "20241", "CVE_ENT": "20", "CVE_MUN": "241", "NOMGEO": "San Martín Lachilá", "estado_nombre": "Oaxaca" }, "geometry": { "type": "Point", "coordinates": [ -96.854182037877138, 16.616378814469964 ] } },
{ "type": "Feature", "properties": { "CVEGEO": "20242", "CVE_ENT": "20", "CVE_MUN": "242", "NOMGEO": "San Martín Peras", "estado_nombre": "Oaxaca" }, "geometry": { "type": "Point", "coordinates": [ -98.245033811899589, 17.361692741717167 ] } },
{ "type": "Feature", "properties": { "CVEGEO": "20243", "CVE_ENT": "20", "CVE_MUN": "243", "NOMGEO": "San Martín Tilcajete", "estado_nombre": "Oaxaca" }, "geometry": { "type": "Point", "coordinates": [ -96.691921709884511, 16.875747106053215 ] } },
{ "type": "Feature", "properties": { "CVEGEO": "20244", "CVE_ENT": "20", "CVE_MUN": "244", "NOMGEO": "San Martín Toxpalan", "estado_nombre": "Oaxaca" }, "geometry": { "type": "Point", "coordinates": [ -97.030903821259344, 18.107397002971847 ] } },
{ "type": "Feature", "properties": { "CVEGEO": "20249", "CVE_ENT": "20", "CVE_MUN": "249", "NOMGEO": "San Mateo Yoloxochitlán", "estado_nombre": "Oaxaca" }, "geometry": { "type": "Point", "coordinates": [ -96.868953197777429, 18.141184926029318 ] } },
{ "type": "Feature", "properties": { "CVEGEO": "20245", "CVE_ENT": "20", "CVE_MUN": "245", "NOMGEO": "San Martín Zacatepec", "estado_nombre": "Oaxaca" }, "geometry": { "type": "Point", "coordinates": [ -98.070953122097748, 17.816546979809843 ] } },
{ "type": "Feature", "properties": { "CVEGEO": "20269", "CVE_ENT": "20", "CVE_MUN": "269", "NOMGEO": "San Miguel el Grande", "estado_nombre": "Oaxaca" }, "geometry": { "type": "Point", "coordinates": [ -97.615871662779, 17.078551218403806 ] } },
{ "type": "Feature", "properties": { "CVEGEO": "20247", "CVE_ENT": "20", "CVE_MUN": "247", "NOMGEO": "Capulálpam de Méndez", "estado_nombre": "Oaxaca" }, "geometry": { "type": "Point", "coordinates": [ -96.420882095388833, 17.318046087641449 ] } },
{ "type": "Feature", "properties": { "CVEGEO": "20250", "CVE_ENT": "20", "CVE_MUN": "250", "NOMGEO": "San Mateo Etlatongo", "estado_nombre": "Oaxaca" }, "geometry": { "type": "Point", "coordinates": [ -97.26290991670659, 17.422588381788842 ] } },
{ "type": "Feature", "properties": { "CVEGEO": "20255", "CVE_ENT": "20", "CVE_MUN": "255", "NOMGEO": "San Mateo Sindihui", "estado_nombre": "Oaxaca" }, "geometry": { "type": "Point", "coordinates": [ -97.371107636417136, 17.003952174729623 ] } },
{ "type": "Feature", "properties": { "CVEGEO": "20252", "CVE_ENT": "20", "CVE_MUN": "252", "NOMGEO": "San Mateo Peñasco", "estado_nombre": "Oaxaca" }, "geometry": { "type": "Point", "coordinates": [ -97.494783004056899, 17.144992363884615 ] } },
{ "type": "Feature", "properties": { "CVEGEO": "20257", "CVE_ENT": "20", "CVE_MUN": "257", "NOMGEO": "San Melchor Betaza", "estado_nombre": "Oaxaca" }, "geometry": { "type": "Point", "coordinates": [ -96.150762382423125, 17.245891224600527 ] } },
{ "type": "Feature", "properties": { "CVEGEO": "20258", "CVE_ENT": "20", "CVE_MUN": "258", "NOMGEO": "San Miguel Achiutla", "estado_nombre": "Oaxaca" }, "geometry": { "type": "Point", "coordinates": [ -97.473524319822076, 17.30661487925428 ] } },
{ "type": "Feature", "properties": { "CVEGEO": "20259", "CVE_ENT": "20", "CVE_MUN": "259", "NOMGEO": "San Miguel Ahuehuetitlán", "estado_nombre": "Oaxaca" }, "geometry": { "type": "Point", "coordinates": [ -98.332128385533821, 17.682890319548314 ] } },
{ "type": "Feature", "properties": { "CVEGEO": "20260", "CVE_ENT": "20", "CVE_MUN": "260", "NOMGEO": "San Miguel Aloápam", "estado_nombre": "Oaxaca" }, "geometry": { "type": "Point", "coordinates": [ -96.70427136494007, 17.433898605883581 ] } },
{ "type": "Feature", "properties": { "CVEGEO": "20268", "CVE_ENT": "20", "CVE_MUN": "268", "NOMGEO": "San Miguel Ejutla", "estado_nombre": "Oaxaca" }, "geometry": { "type": "Point", "coordinates": [ -96.736605825509983, 16.596190525038047 ] } },
{ "type": "Feature", "properties": { "CVEGEO": "20276", "CVE_ENT": "20", "CVE_MUN": "276", "NOMGEO": "San Miguel Santa Flor", "estado_nombre": "Oaxaca" }, "geometry": { "type": "Point", "coordinates": [ -96.797681459609507, 17.919870643449052 ] } },
{ "type": "Feature", "properties": { "CVEGEO": "20281", "CVE_ENT": "20", "CVE_MUN": "281", "NOMGEO": "San Miguel Tecomatlán", "estado_nombre": "Oaxaca" }, "geometry": { "type": "Point", "coordinates": [ -97.291051644113367, 17.378864005602892 ] } },
{ "type": "Feature", "properties": { "CVEGEO": "20274", "CVE_ENT": "20", "CVE_MUN": "274", "NOMGEO": "San Miguel Piedras", "estado_nombre": "Oaxaca" }, "geometry": { "type": "Point", "coordinates": [ -97.216358243694401, 16.981057638659465 ] } },
{ "type": "Feature", "properties": { "CVEGEO": "20532", "CVE_ENT": "20", "CVE_MUN": "532", "NOMGEO": "Santo Tomás Ocotepec", "estado_nombre": "Oaxaca" }, "geometry": { "type": "Point", "coordinates": [ -97.782168262922326, 17.114422653242066 ] } },
{ "type": "Feature", "properties": { "CVEGEO": "20280", "CVE_ENT": "20", "CVE_MUN": "280", "NOMGEO": "Villa Talea de Castro", "estado_nombre": "Oaxaca" }, "geometry": { "type": "Point", "coordinates": [ -96.231837248451725, 17.367393236105372 ] } },
{ "type": "Feature", "properties": { "CVEGEO": "20533", "CVE_ENT": "20", "CVE_MUN": "533", "NOMGEO": "Santo Tomás Tamazulapan", "estado_nombre": "Oaxaca" }, "geometry": { "type": "Point", "coordinates": [ -96.580440016209735, 16.241830830542124 ] } },
{ "type": "Feature", "properties": { "CVEGEO": "20368", "CVE_ENT": "20", "CVE_MUN": "368", "NOMGEO": "Santa Catarina Minas", "estado_nombre": "Oaxaca" }, "geometry": { "type": "Point", "coordinates": [ -96.612688770308083, 16.791470086478473 ] } },
{ "type": "Feature", "properties": { "CVEGEO": "20282", "CVE_ENT": "20", "CVE_MUN": "282", "NOMGEO": "San Miguel Tenango", "estado_nombre": "Oaxaca" }, "geometry": { "type": "Point", "coordinates": [ -95.547822303714298, 16.23193368621434 ] } },
{ "type": "Feature", "properties": { "CVEGEO": "20283", "CVE_ENT": "20", "CVE_MUN": "283", "NOMGEO": "San Miguel Tequixtepec", "estado_nombre": "Oaxaca" }, "geometry": { "type": "Point", "coordinates": [ -97.314880458609565, 17.824187969518757 ] } },
{ "type": "Feature", "properties": { "CVEGEO": "20535", "CVE_ENT": "20", "CVE_MUN": "535", "NOMGEO": "San Vicente Lachixío", "estado_nombre": "Oaxaca" }, "geometry": { "type": "Point", "coordinates": [ -97.038222575840635, 16.652424877602261 ] } },
{ "type": "Feature", "properties": { "CVEGEO": "20286", "CVE_ENT": "20", "CVE_MUN": "286", "NOMGEO": "San Miguel Tlacotepec", "estado_nombre": "Oaxaca" }, "geometry": { "type": "Point", "coordinates": [ -98.010700234470121, 17.442257711256087 ] } },
{ "type": "Feature", "properties": { "CVEGEO": "20285", "CVE_ENT": "20", "CVE_MUN": "285", "NOMGEO": "San Miguel Tlacamama", "estado_nombre": "Oaxaca" }, "geometry": { "type": "Point", "coordinates": [ -98.108274528386843, 16.440461694003588 ] } },
{ "type": "Feature", "properties": { "CVEGEO": "20288", "CVE_ENT": "20", "CVE_MUN": "288", "NOMGEO": "San Miguel Yotao", "estado_nombre": "Oaxaca" }, "geometry": { "type": "Point", "coordinates": [ -96.353407349325053, 17.348113734605384 ] } },
{ "type": "Feature", "properties": { "CVEGEO": "20289", "CVE_ENT": "20", "CVE_MUN": "289", "NOMGEO": "San Nicolás", "estado_nombre": "Oaxaca" }, "geometry": { "type": "Point", "coordinates": [ -96.744655997159967, 16.430956087531403 ] } },
{ "type": "Feature", "properties": { "CVEGEO": "20292", "CVE_ENT": "20", "CVE_MUN": "292", "NOMGEO": "San Pablo Cuatro Venados", "estado_nombre": "Oaxaca" }, "geometry": { "type": "Point", "coordinates": [ -96.890230660536375, 16.982048047115065 ] } },
{ "type": "Feature", "properties": { "CVEGEO": "20380", "CVE_ENT": "20", "CVE_MUN": "380", "NOMGEO": "Santa Cruz Papalutla", "estado_nombre": "Oaxaca" }, "geometry": { "type": "Point", "coordinates": [ -96.58383042076666, 16.952505298181197 ] } },
{ "type": "Feature", "properties": { "CVEGEO": "20294", "CVE_ENT": "20", "CVE_MUN": "294", "NOMGEO": "San Pablo Huitzo", "estado_nombre": "Oaxaca" }, "geometry": { "type": "Point", "coordinates": [ -96.873596127696217, 17.309749021134095 ] } },
{ "type": "Feature", "properties": { "CVEGEO": "20295", "CVE_ENT": "20", "CVE_MUN": "295", "NOMGEO": "San Pablo Huixtepec", "estado_nombre": "Oaxaca" }, "geometry": { "type": "Point", "coordinates": [ -96.806604887163473, 16.818010433498195 ] } },
{ "type": "Feature", "properties": { "CVEGEO": "20538", "CVE_ENT": "20", "CVE_MUN": "538", "NOMGEO": "Sitio de Xitlapehua", "estado_nombre": "Oaxaca" }, "geometry": { "type": "Point", "coordinates": [ -96.538792769396991, 16.360243336134861 ] } },
{ "type": "Feature", "properties": { "CVEGEO": "20296", "CVE_ENT": "20", "CVE_MUN": "296", "NOMGEO": "San Pablo Macuiltianguis", "estado_nombre": "Oaxaca" }, "geometry": { "type": "Point", "coordinates": [ -96.521619089440307, 17.521707448656421 ] } },
{ "type": "Feature", "properties": { "CVEGEO": "20297", "CVE_ENT": "20", "CVE_MUN": "297", "NOMGEO": "San Pablo Tijaltepec", "estado_nombre": "Oaxaca" }, "geometry": { "type": "Point", "coordinates": [ -97.471285120721959, 17.007543677470192 ] } },
{ "type": "Feature", "properties": { "CVEGEO": "20304", "CVE_ENT": "20", "CVE_MUN": "304", "NOMGEO": "San Pedro Coxcaltepec Cántaros", "estado_nombre": "Oaxaca" }, "geometry": { "type": "Point", "coordinates": [ -97.109827081359242, 17.521170738600226 ] } },
{ "type": "Feature", "properties": { "CVEGEO": "20299", "CVE_ENT": "20", "CVE_MUN": "299", "NOMGEO": "San Pablo Yaganiza", "estado_nombre": "Oaxaca" }, "geometry": { "type": "Point", "coordinates": [ -96.217160932787948, 17.125087656956417 ] } },
{ "type": "Feature", "properties": { "CVEGEO": "20300", "CVE_ENT": "20", "CVE_MUN": "300", "NOMGEO": "San Pedro Amuzgos", "estado_nombre": "Oaxaca" }, "geometry": { "type": "Point", "coordinates": [ -98.083670477467663, 16.677489226013936 ] } },
{ "type": "Feature", "properties": { "CVEGEO": "20308", "CVE_ENT": "20", "CVE_MUN": "308", "NOMGEO": "San Pedro Huilotepec", "estado_nombre": "Oaxaca" }, "geometry": { "type": "Point", "coordinates": [ -95.147522474041708, 16.242859504611207 ] } },
{ "type": "Feature", "properties": { "CVEGEO": "20301", "CVE_ENT": "20", "CVE_MUN": "301", "NOMGEO": "San Pedro Apóstol", "estado_nombre": "Oaxaca" }, "geometry": { "type": "Point", "coordinates": [ -96.734031261022949, 16.741265037023215 ] } },
{ "type": "Feature", "properties": { "CVEGEO": "20311", "CVE_ENT": "20", "CVE_MUN": "311", "NOMGEO": "San Pedro Jaltepetongo", "estado_nombre": "Oaxaca" }, "geometry": { "type": "Point", "coordinates": [ -97.026578651433269, 17.686762938739413 ] } },
{ "type": "Feature", "properties": { "CVEGEO": "20302", "CVE_ENT": "20", "CVE_MUN": "302", "NOMGEO": "San Pedro Atoyac", "estado_nombre": "Oaxaca" }, "geometry": { "type": "Point", "coordinates": [ -97.969463125646769, 16.518807768878521 ] } },
{ "type": "Feature", "properties": { "CVEGEO": "20303", "CVE_ENT": "20", "CVE_MUN": "303", "NOMGEO": "San Pedro Cajonos", "estado_nombre": "Oaxaca" }, "geometry": { "type": "Point", "coordinates": [ -96.262057489507797, 17.163443976304176 ] } },
{ "type": "Feature", "properties": { "CVEGEO": "20305", "CVE_ENT": "20", "CVE_MUN": "305", "NOMGEO": "San Pedro Comitancillo", "estado_nombre": "Oaxaca" }, "geometry": { "type": "Point", "coordinates": [ -95.166544585609444, 16.463622432540166 ] } },
{ "type": "Feature", "properties": { "CVEGEO": "20321", "CVE_ENT": "20", "CVE_MUN": "321", "NOMGEO": "San Pedro Nopala", "estado_nombre": "Oaxaca" }, "geometry": { "type": "Point", "coordinates": [ -97.576863374318435, 17.81050124453775 ] } },
{ "type": "Feature", "properties": { "CVEGEO": "20332", "CVE_ENT": "20", "CVE_MUN": "332", "NOMGEO": "San Pedro Topiltepec", "estado_nombre": "Oaxaca" }, "geometry": { "type": "Point", "coordinates": [ -97.357435502345822, 17.455245769835848 ] } },
{ "type": "Feature", "properties": { "CVEGEO": "20307", "CVE_ENT": "20", "CVE_MUN": "307", "NOMGEO": "San Pedro Huamelula", "estado_nombre": "Oaxaca" }, "geometry": { "type": "Point", "coordinates": [ -95.782364295502177, 15.974164328533789 ] } },
{ "type": "Feature", "properties": { "CVEGEO": "20312", "CVE_ENT": "20", "CVE_MUN": "312", "NOMGEO": "San Pedro Jicayán", "estado_nombre": "Oaxaca" }, "geometry": { "type": "Point", "coordinates": [ -98.042102602916302, 16.469501427332869 ] } },
{ "type": "Feature", "properties": { "CVEGEO": "20313", "CVE_ENT": "20", "CVE_MUN": "313", "NOMGEO": "San Pedro Jocotipac", "estado_nombre": "Oaxaca" }, "geometry": { "type": "Point", "coordinates": [ -97.071496820911179, 17.759253317345632 ] } },
{ "type": "Feature", "properties": { "CVEGEO": "20314", "CVE_ENT": "20", "CVE_MUN": "314", "NOMGEO": "San Pedro Juchatengo", "estado_nombre": "Oaxaca" }, "geometry": { "type": "Point", "coordinates": [ -97.109070746636206, 16.319164207048956 ] } },
{ "type": "Feature", "properties": { "CVEGEO": "20331", "CVE_ENT": "20", "CVE_MUN": "331", "NOMGEO": "San Pedro Tidaá", "estado_nombre": "Oaxaca" }, "geometry": { "type": "Point", "coordinates": [ -97.391304166367192, 17.337348815166504 ] } },
{ "type": "Feature", "properties": { "CVEGEO": "20315", "CVE_ENT": "20", "CVE_MUN": "315", "NOMGEO": "San Pedro Mártir", "estado_nombre": "Oaxaca" }, "geometry": { "type": "Point", "coordinates": [ -96.704252996806119, 16.748309813713099 ] } },
{ "type": "Feature", "properties": { "CVEGEO": "20316", "CVE_ENT": "20", "CVE_MUN": "316", "NOMGEO": "San Pedro Mártir Quiechapa", "estado_nombre": "Oaxaca" }, "geometry": { "type": "Point", "coordinates": [ -96.253591663923487, 16.442158364569298 ] } },
{ "type": "Feature", "properties": { "CVEGEO": "20317", "CVE_ENT": "20", "CVE_MUN": "317", "NOMGEO": "San Pedro Mártir Yucuxaco", "estado_nombre": "Oaxaca" }, "geometry": { "type": "Point", "coordinates": [ -97.643809896871744, 17.450089513924294 ] } },
{ "type": "Feature", "properties": { "CVEGEO": "20360", "CVE_ENT": "20", "CVE_MUN": "360", "NOMGEO": "Santa Ana Zegache", "estado_nombre": "Oaxaca" }, "geometry": { "type": "Point", "coordinates": [ -96.73192964629348, 16.836400557532397 ] } },
{ "type": "Feature", "properties": { "CVEGEO": "20319", "CVE_ENT": "20", "CVE_MUN": "319", "NOMGEO": "San Pedro Mixtepec", "estado_nombre": "Oaxaca" }, "geometry": { "type": "Point", "coordinates": [ -96.209578277588804, 16.218785214377309 ] } },
{ "type": "Feature", "properties": { "CVEGEO": "20320", "CVE_ENT": "20", "CVE_MUN": "320", "NOMGEO": "San Pedro Molinos", "estado_nombre": "Oaxaca" }, "geometry": { "type": "Point", "coordinates": [ -97.551836202276604, 17.103916416593712 ] } },
{ "type": "Feature", "properties": { "CVEGEO": "20322", "CVE_ENT": "20", "CVE_MUN": "322", "NOMGEO": "San Pedro Ocopetatillo", "estado_nombre": "Oaxaca" }, "geometry": { "type": "Point", "coordinates": [ -96.911286777352828, 18.183364343971824 ] } },
{ "type": "Feature", "properties": { "CVEGEO": "20323", "CVE_ENT": "20", "CVE_MUN": "323", "NOMGEO": "San Pedro Ocotepec", "estado_nombre": "Oaxaca" }, "geometry": { "type": "Point", "coordinates": [ -95.840787623674686, 16.971773354274621 ] } },
{ "type": "Feature", "properties": { "CVEGEO": "20325", "CVE_ENT": "20", "CVE_MUN": "325", "NOMGEO": "San Pedro Quiatoni", "estado_nombre": "Oaxaca" }, "geometry": { "type": "Point", "coordinates": [ -96.034447822138404, 16.767267613172056 ] } },
{ "type": "Feature", "properties": { "CVEGEO": "20326", "CVE_ENT": "20", "CVE_MUN": "326", "NOMGEO": "San Pedro Sochiápam", "estado_nombre": "Oaxaca" }, "geometry": { "type": "Point", "coordinates": [ -96.640899914758435, 17.81952031440774 ] } },
{ "type": "Feature", "properties": { "CVEGEO": "20328", "CVE_ENT": "20", "CVE_MUN": "328", "NOMGEO": "San Pedro Taviche", "estado_nombre": "Oaxaca" }, "geometry": { "type": "Point", "coordinates": [ -96.53396769651394, 16.643909559007305 ] } },
{ "type": "Feature", "properties": { "CVEGEO": "20335", "CVE_ENT": "20", "CVE_MUN": "335", "NOMGEO": "San Pedro Yaneri", "estado_nombre": "Oaxaca" }, "geometry": { "type": "Point", "coordinates": [ -96.380671977708076, 17.423127810131273 ] } },
{ "type": "Feature", "properties": { "CVEGEO": "20336", "CVE_ENT": "20", "CVE_MUN": "336", "NOMGEO": "San Pedro Yólox", "estado_nombre": "Oaxaca" }, "geometry": { "type": "Point", "coordinates": [ -96.479469980788053, 17.633386299765981 ] } },
{ "type": "Feature", "properties": { "CVEGEO": "20339", "CVE_ENT": "20", "CVE_MUN": "339", "NOMGEO": "San Pedro y San Pablo Teposcolula", "estado_nombre": "Oaxaca" }, "geometry": { "type": "Point", "coordinates": [ -97.506411982136342, 17.507874455766224 ] } },
{ "type": "Feature", "properties": { "CVEGEO": "20341", "CVE_ENT": "20", "CVE_MUN": "341", "NOMGEO": "San Pedro Yucunama", "estado_nombre": "Oaxaca" }, "geometry": { "type": "Point", "coordinates": [ -97.480851880478554, 17.577226151780973 ] } },
{ "type": "Feature", "properties": { "CVEGEO": "20342", "CVE_ENT": "20", "CVE_MUN": "342", "NOMGEO": "San Raymundo Jalpan", "estado_nombre": "Oaxaca" }, "geometry": { "type": "Point", "coordinates": [ -96.754745308665889, 16.982002976623239 ] } },
{ "type": "Feature", "properties": { "CVEGEO": "20343", "CVE_ENT": "20", "CVE_MUN": "343", "NOMGEO": "San Sebastián Abasolo", "estado_nombre": "Oaxaca" }, "geometry": { "type": "Point", "coordinates": [ -96.603316043102808, 16.984682755300941 ] } },
{ "type": "Feature", "properties": { "CVEGEO": "20345", "CVE_ENT": "20", "CVE_MUN": "345", "NOMGEO": "San Sebastián Ixcapa", "estado_nombre": "Oaxaca" }, "geometry": { "type": "Point", "coordinates": [ -98.149543199749971, 16.525934028907209 ] } },
{ "type": "Feature", "properties": { "CVEGEO": "20346", "CVE_ENT": "20", "CVE_MUN": "346", "NOMGEO": "San Sebastián Nicananduta", "estado_nombre": "Oaxaca" }, "geometry": { "type": "Point", "coordinates": [ -97.674386032837745, 17.519956620952833 ] } },
{ "type": "Feature", "properties": { "CVEGEO": "20347", "CVE_ENT": "20", "CVE_MUN": "347", "NOMGEO": "San Sebastián Río Hondo", "estado_nombre": "Oaxaca" }, "geometry": { "type": "Point", "coordinates": [ -96.423382332912823, 16.205081580310029 ] } },
{ "type": "Feature", "properties": { "CVEGEO": "20539", "CVE_ENT": "20", "CVE_MUN": "539", "NOMGEO": "Soledad Etla", "estado_nombre": "Oaxaca" }, "geometry": { "type": "Point", "coordinates": [ -96.826300704302383, 17.160667710841548 ] } },
{ "type": "Feature", "properties": { "CVEGEO": "20211", "CVE_ENT": "20", "CVE_MUN": "211", "NOMGEO": "San Juan Ozolotepec", "estado_nombre": "Oaxaca" }, "geometry": { "type": "Point", "coordinates": [ -96.208804044616528, 16.106856112423298 ] } },
{ "type": "Feature", "properties": { "CVEGEO": "20212", "CVE_ENT": "20", "CVE_MUN": "212", "NOMGEO": "San Juan Petlapa", "estado_nombre": "Oaxaca" }, "geometry": { "type": "Point", "coordinates": [ -96.047726475583403, 17.489927158076906 ] } },
{ "type": "Feature", "properties": { "CVEGEO": "20213", "CVE_ENT": "20", "CVE_MUN": "213", "NOMGEO": "San Juan Quiahije", "estado_nombre": "Oaxaca" }, "geometry": { "type": "Point", "coordinates": [ -97.354833585069116, 16.342085054399355 ] } },
{ "type": "Feature", "properties": { "CVEGEO": "20348", "CVE_ENT": "20", "CVE_MUN": "348", "NOMGEO": "San Sebastián Tecomaxtlahuaca", "estado_nombre": "Oaxaca" }, "geometry": { "type": "Point", "coordinates": [ -98.093636079755456, 17.345235599385457 ] } },
{ "type": "Feature", "properties": { "CVEGEO": "20349", "CVE_ENT": "20", "CVE_MUN": "349", "NOMGEO": "San Sebastián Teitipac", "estado_nombre": "Oaxaca" }, "geometry": { "type": "Point", "coordinates": [ -96.633424333416485, 16.951772614734573 ] } },
{ "type": "Feature", "properties": { "CVEGEO": "20540", "CVE_ENT": "20", "CVE_MUN": "540", "NOMGEO": "Villa de Tamazulápam del Progreso", "estado_nombre": "Oaxaca" }, "geometry": { "type": "Point", "coordinates": [ -97.580230216250783, 17.690295657982933 ] } },
{ "type": "Feature", "properties": { "CVEGEO": "20350", "CVE_ENT": "20", "CVE_MUN": "350", "NOMGEO": "San Sebastián Tutla", "estado_nombre": "Oaxaca" }, "geometry": { "type": "Point", "coordinates": [ -96.67970733858057, 17.04530464300996 ] } },
{ "type": "Feature", "properties": { "CVEGEO": "20352", "CVE_ENT": "20", "CVE_MUN": "352", "NOMGEO": "San Simón Zahuatlán", "estado_nombre": "Oaxaca" }, "geometry": { "type": "Point", "coordinates": [ -97.998142214323181, 17.835364076840076 ] } },
{ "type": "Feature", "properties": { "CVEGEO": "20353", "CVE_ENT": "20", "CVE_MUN": "353", "NOMGEO": "Santa Ana", "estado_nombre": "Oaxaca" }, "geometry": { "type": "Point", "coordinates": [ -96.73028499664639, 16.334269796159518 ] } },
{ "type": "Feature", "properties": { "CVEGEO": "20354", "CVE_ENT": "20", "CVE_MUN": "354", "NOMGEO": "Santa Ana Ateixtlahuaca", "estado_nombre": "Oaxaca" }, "geometry": { "type": "Point", "coordinates": [ -96.888472201705056, 18.224745470323104 ] } },
{ "type": "Feature", "properties": { "CVEGEO": "20355", "CVE_ENT": "20", "CVE_MUN": "355", "NOMGEO": "Santa Ana Cuauhtémoc", "estado_nombre": "Oaxaca" }, "geometry": { "type": "Point", "coordinates": [ -96.801156060257867, 17.98977607852143 ] } },
{ "type": "Feature", "properties": { "CVEGEO": "20358", "CVE_ENT": "20", "CVE_MUN": "358", "NOMGEO": "Santa Ana Tlapacoyan", "estado_nombre": "Oaxaca" }, "geometry": { "type": "Point", "coordinates": [ -96.861559664203924, 16.743083919357744 ] } },
{ "type": "Feature", "properties": { "CVEGEO": "20362", "CVE_ENT": "20", "CVE_MUN": "362", "NOMGEO": "Santa Catarina Cuixtla", "estado_nombre": "Oaxaca" }, "geometry": { "type": "Point", "coordinates": [ -96.648214012420098, 16.294916085192281 ] } },
{ "type": "Feature", "properties": { "CVEGEO": "20361", "CVE_ENT": "20", "CVE_MUN": "361", "NOMGEO": "Santa Catalina Quierí", "estado_nombre": "Oaxaca" }, "geometry": { "type": "Point", "coordinates": [ -96.241745661371979, 16.32960773051834 ] } },
{ "type": "Feature", "properties": { "CVEGEO": "20363", "CVE_ENT": "20", "CVE_MUN": "363", "NOMGEO": "Santa Catarina Ixtepeji", "estado_nombre": "Oaxaca" }, "geometry": { "type": "Point", "coordinates": [ -96.577085660936945, 17.213799049932732 ] } },
{ "type": "Feature", "properties": { "CVEGEO": "20373", "CVE_ENT": "20", "CVE_MUN": "373", "NOMGEO": "Santa Catarina Zapoquila", "estado_nombre": "Oaxaca" }, "geometry": { "type": "Point", "coordinates": [ -97.556632623510467, 18.020750193197809 ] } },
{ "type": "Feature", "properties": { "CVEGEO": "20369", "CVE_ENT": "20", "CVE_MUN": "369", "NOMGEO": "Santa Catarina Quiané", "estado_nombre": "Oaxaca" }, "geometry": { "type": "Point", "coordinates": [ -96.732077520077354, 16.883350159572874 ] } },
{ "type": "Feature", "properties": { "CVEGEO": "20370", "CVE_ENT": "20", "CVE_MUN": "370", "NOMGEO": "Santa Catarina Tayata", "estado_nombre": "Oaxaca" }, "geometry": { "type": "Point", "coordinates": [ -97.551418425720016, 17.334691004581636 ] } },
{ "type": "Feature", "properties": { "CVEGEO": "20381", "CVE_ENT": "20", "CVE_MUN": "381", "NOMGEO": "Santa Cruz Tacache de Mina", "estado_nombre": "Oaxaca" }, "geometry": { "type": "Point", "coordinates": [ -98.164376469084544, 17.821436917096538 ] } },
{ "type": "Feature", "properties": { "CVEGEO": "20372", "CVE_ENT": "20", "CVE_MUN": "372", "NOMGEO": "Santa Catarina Yosonotú", "estado_nombre": "Oaxaca" }, "geometry": { "type": "Point", "coordinates": [ -97.672652952012243, 17.007823718799067 ] } },
{ "type": "Feature", "properties": { "CVEGEO": "20374", "CVE_ENT": "20", "CVE_MUN": "374", "NOMGEO": "Santa Cruz Acatepec", "estado_nombre": "Oaxaca" }, "geometry": { "type": "Point", "coordinates": [ -96.883047203655693, 18.157501729418442 ] } },
{ "type": "Feature", "properties": { "CVEGEO": "20293", "CVE_ENT": "20", "CVE_MUN": "293", "NOMGEO": "San Pablo Etla", "estado_nombre": "Oaxaca" }, "geometry": { "type": "Point", "coordinates": [ -96.733745652012473, 17.16366075825691 ] } },
{ "type": "Feature", "properties": { "CVEGEO": "20382", "CVE_ENT": "20", "CVE_MUN": "382", "NOMGEO": "Santa Cruz Tacahua", "estado_nombre": "Oaxaca" }, "geometry": { "type": "Point", "coordinates": [ -97.462357597040437, 16.918131045478681 ] } },
{ "type": "Feature", "properties": { "CVEGEO": "20375", "CVE_ENT": "20", "CVE_MUN": "375", "NOMGEO": "Santa Cruz Amilpas", "estado_nombre": "Oaxaca" }, "geometry": { "type": "Point", "coordinates": [ -96.685093851989564, 17.048593583058558 ] } },
{ "type": "Feature", "properties": { "CVEGEO": "20376", "CVE_ENT": "20", "CVE_MUN": "376", "NOMGEO": "Santa Cruz de Bravo", "estado_nombre": "Oaxaca" }, "geometry": { "type": "Point", "coordinates": [ -98.215335128551601, 17.570550970477324 ] } },
{ "type": "Feature", "properties": { "CVEGEO": "20383", "CVE_ENT": "20", "CVE_MUN": "383", "NOMGEO": "Santa Cruz Tayata", "estado_nombre": "Oaxaca" }, "geometry": { "type": "Point", "coordinates": [ -97.567948162129284, 17.376702939101087 ] } },
{ "type": "Feature", "properties": { "CVEGEO": "20408", "CVE_ENT": "20", "CVE_MUN": "408", "NOMGEO": "Santa María del Rosario", "estado_nombre": "Oaxaca" }, "geometry": { "type": "Point", "coordinates": [ -97.605120861014569, 17.343685996012727 ] } },
{ "type": "Feature", "properties": { "CVEGEO": "20384", "CVE_ENT": "20", "CVE_MUN": "384", "NOMGEO": "Santa Cruz Xitla", "estado_nombre": "Oaxaca" }, "geometry": { "type": "Point", "coordinates": [ -96.678139859479984, 16.337309824211804 ] } },
{ "type": "Feature", "properties": { "CVEGEO": "20387", "CVE_ENT": "20", "CVE_MUN": "387", "NOMGEO": "Santa Gertrudis", "estado_nombre": "Oaxaca" }, "geometry": { "type": "Point", "coordinates": [ -96.793181637382048, 16.78171817514761 ] } },
{ "type": "Feature", "properties": { "CVEGEO": "20411", "CVE_ENT": "20", "CVE_MUN": "411", "NOMGEO": "Santa María Guelacé", "estado_nombre": "Oaxaca" }, "geometry": { "type": "Point", "coordinates": [ -96.612777784910648, 16.99283537000175 ] } },
{ "type": "Feature", "properties": { "CVEGEO": "20388", "CVE_ENT": "20", "CVE_MUN": "388", "NOMGEO": "Santa Inés del Monte", "estado_nombre": "Oaxaca" }, "geometry": { "type": "Point", "coordinates": [ -96.854632532859398, 16.921743623902763 ] } },
{ "type": "Feature", "properties": { "CVEGEO": "20106", "CVE_ENT": "20", "CVE_MUN": "106", "NOMGEO": "San Antonio Acutla", "estado_nombre": "Oaxaca" }, "geometry": { "type": "Point", "coordinates": [ -97.495596931998207, 17.742888856463988 ] } },
{ "type": "Feature", "properties": { "CVEGEO": "20055", "CVE_ENT": "20", "CVE_MUN": "055", "NOMGEO": "Mariscala de Juárez", "estado_nombre": "Oaxaca" }, "geometry": { "type": "Point", "coordinates": [ -98.123654008939681, 17.82752527664659 ] } },
{ "type": "Feature", "properties": { "CVEGEO": "20390", "CVE_ENT": "20", "CVE_MUN": "390", "NOMGEO": "Santa Lucía del Camino", "estado_nombre": "Oaxaca" }, "geometry": { "type": "Point", "coordinates": [ -96.691111526603819, 17.06497527619473 ] } },
{ "type": "Feature", "properties": { "CVEGEO": "20391", "CVE_ENT": "20", "CVE_MUN": "391", "NOMGEO": "Santa Lucía Miahuatlán", "estado_nombre": "Oaxaca" }, "geometry": { "type": "Point", "coordinates": [ -96.620659782071442, 16.18082227835713 ] } },
{ "type": "Feature", "properties": { "CVEGEO": "20418", "CVE_ENT": "20", "CVE_MUN": "418", "NOMGEO": "Santa María Jalapa del Marqués", "estado_nombre": "Oaxaca" }, "geometry": { "type": "Point", "coordinates": [ -95.474234184653042, 16.515815249563101 ] } },
{ "type": "Feature", "properties": { "CVEGEO": "20392", "CVE_ENT": "20", "CVE_MUN": "392", "NOMGEO": "Santa Lucía Monteverde", "estado_nombre": "Oaxaca" }, "geometry": { "type": "Point", "coordinates": [ -97.732145295361363, 16.943195111834335 ] } },
{ "type": "Feature", "properties": { "CVEGEO": "20393", "CVE_ENT": "20", "CVE_MUN": "393", "NOMGEO": "Santa Lucía Ocotlán", "estado_nombre": "Oaxaca" }, "geometry": { "type": "Point", "coordinates": [ -96.668662242946326, 16.724680737847581 ] } },
{ "type": "Feature", "properties": { "CVEGEO": "20394", "CVE_ENT": "20", "CVE_MUN": "394", "NOMGEO": "Santa María Alotepec", "estado_nombre": "Oaxaca" }, "geometry": { "type": "Point", "coordinates": [ -95.846517530123293, 17.079177572204244 ] } },
{ "type": "Feature", "properties": { "CVEGEO": "20395", "CVE_ENT": "20", "CVE_MUN": "395", "NOMGEO": "Santa María Apazco", "estado_nombre": "Oaxaca" }, "geometry": { "type": "Point", "coordinates": [ -97.080205852468239, 17.624709232772702 ] } },
{ "type": "Feature", "properties": { "CVEGEO": "20396", "CVE_ENT": "20", "CVE_MUN": "396", "NOMGEO": "Santa María la Asunción", "estado_nombre": "Oaxaca" }, "geometry": { "type": "Point", "coordinates": [ -96.817262932283782, 18.103352975861643 ] } },
{ "type": "Feature", "properties": { "CVEGEO": "20397", "CVE_ENT": "20", "CVE_MUN": "397", "NOMGEO": "Heroica Ciudad de Tlaxiaco", "estado_nombre": "Oaxaca" }, "geometry": { "type": "Point", "coordinates": [ -97.69139228746883, 17.231388695628276 ] } },
{ "type": "Feature", "properties": { "CVEGEO": "20398", "CVE_ENT": "20", "CVE_MUN": "398", "NOMGEO": "Ayoquezco de Aldama", "estado_nombre": "Oaxaca" }, "geometry": { "type": "Point", "coordinates": [ -96.892083886305301, 16.677458410745711 ] } },
{ "type": "Feature", "properties": { "CVEGEO": "20399", "CVE_ENT": "20", "CVE_MUN": "399", "NOMGEO": "Santa María Atzompa", "estado_nombre": "Oaxaca" }, "geometry": { "type": "Point", "coordinates": [ -96.786446606183674, 17.088202930721494 ] } },
{ "type": "Feature", "properties": { "CVEGEO": "20400", "CVE_ENT": "20", "CVE_MUN": "400", "NOMGEO": "Santa María Camotlán", "estado_nombre": "Oaxaca" }, "geometry": { "type": "Point", "coordinates": [ -97.649954741424139, 17.869619083676266 ] } },
{ "type": "Feature", "properties": { "CVEGEO": "20402", "CVE_ENT": "20", "CVE_MUN": "402", "NOMGEO": "Santa María Cortijo", "estado_nombre": "Oaxaca" }, "geometry": { "type": "Point", "coordinates": [ -98.312705552715812, 16.428926716170196 ] } },
{ "type": "Feature", "properties": { "CVEGEO": "20154", "CVE_ENT": "20", "CVE_MUN": "154", "NOMGEO": "San Ildefonso Amatlán", "estado_nombre": "Oaxaca" }, "geometry": { "type": "Point", "coordinates": [ -96.453743306451713, 16.289389275063762 ] } },
{ "type": "Feature", "properties": { "CVEGEO": "20156", "CVE_ENT": "20", "CVE_MUN": "156", "NOMGEO": "San Ildefonso Villa Alta", "estado_nombre": "Oaxaca" }, "geometry": { "type": "Point", "coordinates": [ -96.137002081289737, 17.373845996329639 ] } },
{ "type": "Feature", "properties": { "CVEGEO": "20403", "CVE_ENT": "20", "CVE_MUN": "403", "NOMGEO": "Santa María Coyotepec", "estado_nombre": "Oaxaca" }, "geometry": { "type": "Point", "coordinates": [ -96.710202231010271, 16.970622637239913 ] } },
{ "type": "Feature", "properties": { "CVEGEO": "20419", "CVE_ENT": "20", "CVE_MUN": "419", "NOMGEO": "Santa María Jaltianguis", "estado_nombre": "Oaxaca" }, "geometry": { "type": "Point", "coordinates": [ -96.541734756956856, 17.362737777235527 ] } },
{ "type": "Feature", "properties": { "CVEGEO": "20405", "CVE_ENT": "20", "CVE_MUN": "405", "NOMGEO": "Villa de Chilapa de Díaz", "estado_nombre": "Oaxaca" }, "geometry": { "type": "Point", "coordinates": [ -97.638013198323421, 17.593836034315832 ] } },
{ "type": "Feature", "properties": { "CVEGEO": "20409", "CVE_ENT": "20", "CVE_MUN": "409", "NOMGEO": "Santa María del Tule", "estado_nombre": "Oaxaca" }, "geometry": { "type": "Point", "coordinates": [ -96.634297521185147, 17.029240806152163 ] } },
{ "type": "Feature", "properties": { "CVEGEO": "20412", "CVE_ENT": "20", "CVE_MUN": "412", "NOMGEO": "Santa María Guienagati", "estado_nombre": "Oaxaca" }, "geometry": { "type": "Point", "coordinates": [ -95.351948170135316, 16.736669689047037 ] } },
{ "type": "Feature", "properties": { "CVEGEO": "20415", "CVE_ENT": "20", "CVE_MUN": "415", "NOMGEO": "Santa María Ipalapa", "estado_nombre": "Oaxaca" }, "geometry": { "type": "Point", "coordinates": [ -97.998322261970841, 16.614883908695326 ] } },
{ "type": "Feature", "properties": { "CVEGEO": "20287", "CVE_ENT": "20", "CVE_MUN": "287", "NOMGEO": "San Miguel Tulancingo", "estado_nombre": "Oaxaca" }, "geometry": { "type": "Point", "coordinates": [ -97.446009836436914, 17.753686173653499 ] } },
{ "type": "Feature", "properties": { "CVEGEO": "20416", "CVE_ENT": "20", "CVE_MUN": "416", "NOMGEO": "Santa María Ixcatlán", "estado_nombre": "Oaxaca" }, "geometry": { "type": "Point", "coordinates": [ -97.158415179836538, 17.850416214652299 ] } },
{ "type": "Feature", "properties": { "CVEGEO": "20420", "CVE_ENT": "20", "CVE_MUN": "420", "NOMGEO": "Santa María Lachixío", "estado_nombre": "Oaxaca" }, "geometry": { "type": "Point", "coordinates": [ -97.040928454065437, 16.737570956759491 ] } },
{ "type": "Feature", "properties": { "CVEGEO": "20421", "CVE_ENT": "20", "CVE_MUN": "421", "NOMGEO": "Santa María Mixtequilla", "estado_nombre": "Oaxaca" }, "geometry": { "type": "Point", "coordinates": [ -95.275468455785415, 16.424693880859579 ] } },
{ "type": "Feature", "properties": { "CVEGEO": "20425", "CVE_ENT": "20", "CVE_MUN": "425", "NOMGEO": "Santa María Pápalo", "estado_nombre": "Oaxaca" }, "geometry": { "type": "Point", "coordinates": [ -96.78377964033379, 17.807293735139901 ] } },
{ "type": "Feature", "properties": { "CVEGEO": "20428", "CVE_ENT": "20", "CVE_MUN": "428", "NOMGEO": "Santa María Quiegolani", "estado_nombre": "Oaxaca" }, "geometry": { "type": "Point", "coordinates": [ -96.051903556458015, 16.304548236936668 ] } },
{ "type": "Feature", "properties": { "CVEGEO": "20432", "CVE_ENT": "20", "CVE_MUN": "432", "NOMGEO": "Santa María Temaxcalapa", "estado_nombre": "Oaxaca" }, "geometry": { "type": "Point", "coordinates": [ -96.158098886143179, 17.378996800919175 ] } },
{ "type": "Feature", "properties": { "CVEGEO": "20429", "CVE_ENT": "20", "CVE_MUN": "429", "NOMGEO": "Santa María Sola", "estado_nombre": "Oaxaca" }, "geometry": { "type": "Point", "coordinates": [ -97.029924814932087, 16.560934263778197 ] } },
{ "type": "Feature", "properties": { "CVEGEO": "20430", "CVE_ENT": "20", "CVE_MUN": "430", "NOMGEO": "Santa María Tataltepec", "estado_nombre": "Oaxaca" }, "geometry": { "type": "Point", "coordinates": [ -97.395263739833482, 17.137520069588138 ] } },
{ "type": "Feature", "properties": { "CVEGEO": "20431", "CVE_ENT": "20", "CVE_MUN": "431", "NOMGEO": "Santa María Tecomavaca", "estado_nombre": "Oaxaca" }, "geometry": { "type": "Point", "coordinates": [ -97.098957282255, 17.953561517707826 ] } },
{ "type": "Feature", "properties": { "CVEGEO": "20270", "CVE_ENT": "20", "CVE_MUN": "270", "NOMGEO": "San Miguel Huautla", "estado_nombre": "Oaxaca" }, "geometry": { "type": "Point", "coordinates": [ -97.146180991080655, 17.754439275201623 ] } },
{ "type": "Feature", "properties": { "CVEGEO": "20433", "CVE_ENT": "20", "CVE_MUN": "433", "NOMGEO": "Santa María Temaxcaltepec", "estado_nombre": "Oaxaca" }, "geometry": { "type": "Point", "coordinates": [ -97.181025049364038, 16.16477914087492 ] } },
{ "type": "Feature", "properties": { "CVEGEO": "20442", "CVE_ENT": "20", "CVE_MUN": "442", "NOMGEO": "Santa María Yalina", "estado_nombre": "Oaxaca" }, "geometry": { "type": "Point", "coordinates": [ -96.296294892181464, 17.271073836792013 ] } },
{ "type": "Feature", "properties": { "CVEGEO": "20438", "CVE_ENT": "20", "CVE_MUN": "438", "NOMGEO": "Santa María Tlalixtac", "estado_nombre": "Oaxaca" }, "geometry": { "type": "Point", "coordinates": [ -96.737122239931296, 17.921373445273623 ] } },
{ "type": "Feature", "properties": { "CVEGEO": "20434", "CVE_ENT": "20", "CVE_MUN": "434", "NOMGEO": "Santa María Teopoxco", "estado_nombre": "Oaxaca" }, "geometry": { "type": "Point", "coordinates": [ -96.971589460372272, 18.174203513938956 ] } },
{ "type": "Feature", "properties": { "CVEGEO": "20444", "CVE_ENT": "20", "CVE_MUN": "444", "NOMGEO": "Santa María Yolotepec", "estado_nombre": "Oaxaca" }, "geometry": { "type": "Point", "coordinates": [ -97.460309026736013, 16.882214164629378 ] } },
{ "type": "Feature", "properties": { "CVEGEO": "20443", "CVE_ENT": "20", "CVE_MUN": "443", "NOMGEO": "Santa María Yavesía", "estado_nombre": "Oaxaca" }, "geometry": { "type": "Point", "coordinates": [ -96.411358647845248, 17.201180462534509 ] } },
{ "type": "Feature", "properties": { "CVEGEO": "20445", "CVE_ENT": "20", "CVE_MUN": "445", "NOMGEO": "Santa María Yosoyúa", "estado_nombre": "Oaxaca" }, "geometry": { "type": "Point", "coordinates": [ -97.500001095000698, 17.107440862479226 ] } },
{ "type": "Feature", "properties": { "CVEGEO": "20448", "CVE_ENT": "20", "CVE_MUN": "448", "NOMGEO": "Santa María Zaniza", "estado_nombre": "Oaxaca" }, "geometry": { "type": "Point", "coordinates": [ -97.359103490183585, 16.642764829031798 ] } },
{ "type": "Feature", "properties": { "CVEGEO": "20449", "CVE_ENT": "20", "CVE_MUN": "449", "NOMGEO": "Santa María Zoquitlán", "estado_nombre": "Oaxaca" }, "geometry": { "type": "Point", "coordinates": [ -96.370405042856802, 16.559043737303011 ] } },
{ "type": "Feature", "properties": { "CVEGEO": "20452", "CVE_ENT": "20", "CVE_MUN": "452", "NOMGEO": "Santiago Apóstol", "estado_nombre": "Oaxaca" }, "geometry": { "type": "Point", "coordinates": [ -96.727317652914479, 16.796192196294982 ] } },
{ "type": "Feature", "properties": { "CVEGEO": "20453", "CVE_ENT": "20", "CVE_MUN": "453", "NOMGEO": "Santiago Astata", "estado_nombre": "Oaxaca" }, "geometry": { "type": "Point", "coordinates": [ -95.612139371076225, 15.977565283687442 ] } },
{ "type": "Feature", "properties": { "CVEGEO": "20454", "CVE_ENT": "20", "CVE_MUN": "454", "NOMGEO": "Santiago Atitlán", "estado_nombre": "Oaxaca" }, "geometry": { "type": "Point", "coordinates": [ -95.921694293301456, 17.096264199738538 ] } },
{ "type": "Feature", "properties": { "CVEGEO": "20455", "CVE_ENT": "20", "CVE_MUN": "455", "NOMGEO": "Santiago Ayuquililla", "estado_nombre": "Oaxaca" }, "geometry": { "type": "Point", "coordinates": [ -97.974324990701362, 17.919504206463237 ] } },
{ "type": "Feature", "properties": { "CVEGEO": "20458", "CVE_ENT": "20", "CVE_MUN": "458", "NOMGEO": "Santiago Comaltepec", "estado_nombre": "Oaxaca" }, "geometry": { "type": "Point", "coordinates": [ -96.394637789167831, 17.615924374143265 ] } },
{ "type": "Feature", "properties": { "CVEGEO": "20461", "CVE_ENT": "20", "CVE_MUN": "461", "NOMGEO": "Santiago del Río", "estado_nombre": "Oaxaca" }, "geometry": { "type": "Point", "coordinates": [ -98.101384490547389, 17.430839338334046 ] } },
{ "type": "Feature", "properties": { "CVEGEO": "20462", "CVE_ENT": "20", "CVE_MUN": "462", "NOMGEO": "Santiago Huajolotitlán", "estado_nombre": "Oaxaca" }, "geometry": { "type": "Point", "coordinates": [ -97.689110856717889, 17.803453657489424 ] } },
{ "type": "Feature", "properties": { "CVEGEO": "20464", "CVE_ENT": "20", "CVE_MUN": "464", "NOMGEO": "Santiago Ihuitlán Plumas", "estado_nombre": "Oaxaca" }, "geometry": { "type": "Point", "coordinates": [ -97.448303647912354, 17.881093141469627 ] } },
{ "type": "Feature", "properties": { "CVEGEO": "20465", "CVE_ENT": "20", "CVE_MUN": "465", "NOMGEO": "Santiago Ixcuintepec", "estado_nombre": "Oaxaca" }, "geometry": { "type": "Point", "coordinates": [ -95.582068138502265, 16.927709522879852 ] } },
{ "type": "Feature", "properties": { "CVEGEO": "20471", "CVE_ENT": "20", "CVE_MUN": "471", "NOMGEO": "Santiago Lalopa", "estado_nombre": "Oaxaca" }, "geometry": { "type": "Point", "coordinates": [ -96.250646142999443, 17.414526009577649 ] } },
{ "type": "Feature", "properties": { "CVEGEO": "20472", "CVE_ENT": "20", "CVE_MUN": "472", "NOMGEO": "Santiago Laollaga", "estado_nombre": "Oaxaca" }, "geometry": { "type": "Point", "coordinates": [ -95.261141789087091, 16.623113611026245 ] } },
{ "type": "Feature", "properties": { "CVEGEO": "20473", "CVE_ENT": "20", "CVE_MUN": "473", "NOMGEO": "Santiago Laxopa", "estado_nombre": "Oaxaca" }, "geometry": { "type": "Point", "coordinates": [ -96.325944563066813, 17.2004194638576 ] } },
{ "type": "Feature", "properties": { "CVEGEO": "20474", "CVE_ENT": "20", "CVE_MUN": "474", "NOMGEO": "Santiago Llano Grande", "estado_nombre": "Oaxaca" }, "geometry": { "type": "Point", "coordinates": [ -98.260823504317855, 16.485366618483667 ] } },
{ "type": "Feature", "properties": { "CVEGEO": "20475", "CVE_ENT": "20", "CVE_MUN": "475", "NOMGEO": "Santiago Matatlán", "estado_nombre": "Oaxaca" }, "geometry": { "type": "Point", "coordinates": [ -96.422749079309796, 16.829780960480161 ] } },
{ "type": "Feature", "properties": { "CVEGEO": "20476", "CVE_ENT": "20", "CVE_MUN": "476", "NOMGEO": "Santiago Miltepec", "estado_nombre": "Oaxaca" }, "geometry": { "type": "Point", "coordinates": [ -97.719565191899179, 17.981738001004967 ] } },
{ "type": "Feature", "properties": { "CVEGEO": "20389", "CVE_ENT": "20", "CVE_MUN": "389", "NOMGEO": "Santa Inés Yatzeche", "estado_nombre": "Oaxaca" }, "geometry": { "type": "Point", "coordinates": [ -96.758942022317655, 16.805820950351656 ] } },
{ "type": "Feature", "properties": { "CVEGEO": "20478", "CVE_ENT": "20", "CVE_MUN": "478", "NOMGEO": "Santiago Nacaltepec", "estado_nombre": "Oaxaca" }, "geometry": { "type": "Point", "coordinates": [ -96.912033879843193, 17.523291054387801 ] } },
{ "type": "Feature", "properties": { "CVEGEO": "20012", "CVE_ENT": "20", "CVE_MUN": "012", "NOMGEO": "Candelaria Loxicha", "estado_nombre": "Oaxaca" }, "geometry": { "type": "Point", "coordinates": [ -96.527769728533997, 15.897765339926952 ] } },
{ "type": "Feature", "properties": { "CVEGEO": "20028", "CVE_ENT": "20", "CVE_MUN": "028", "NOMGEO": "Heroica Ciudad de Ejutla de Crespo", "estado_nombre": "Oaxaca" }, "geometry": { "type": "Point", "coordinates": [ -96.731392296076905, 16.596581609202303 ] } },
{ "type": "Feature", "properties": { "CVEGEO": "20039", "CVE_ENT": "20", "CVE_MUN": "039", "NOMGEO": "Heroica Ciudad de Huajuapan de León", "estado_nombre": "Oaxaca" }, "geometry": { "type": "Point", "coordinates": [ -97.799849495513001, 17.85514719150509 ] } },
{ "type": "Feature", "properties": { "CVEGEO": "20064", "CVE_ENT": "20", "CVE_MUN": "064", "NOMGEO": "Nejapa de Madero", "estado_nombre": "Oaxaca" }, "geometry": { "type": "Point", "coordinates": [ -95.794158936525804, 16.668692299516408 ] } },
{ "type": "Feature", "properties": { "CVEGEO": "20066", "CVE_ENT": "20", "CVE_MUN": "066", "NOMGEO": "Santiago Niltepec", "estado_nombre": "Oaxaca" }, "geometry": { "type": "Point", "coordinates": [ -94.588069509121127, 16.519819106199193 ] } },
{ "type": "Feature", "properties": { "CVEGEO": "20067", "CVE_ENT": "20", "CVE_MUN": "067", "NOMGEO": "Oaxaca de Juárez", "estado_nombre": "Oaxaca" }, "geometry": { "type": "Point", "coordinates": [ -96.724120072753337, 17.102105309417635 ] } },
{ "type": "Feature", "properties": { "CVEGEO": "20068", "CVE_ENT": "20", "CVE_MUN": "068", "NOMGEO": "Ocotlán de Morelos", "estado_nombre": "Oaxaca" }, "geometry": { "type": "Point", "coordinates": [ -96.703397609624972, 16.761794021963656 ] } },
{ "type": "Feature", "properties": { "CVEGEO": "20073", "CVE_ENT": "20", "CVE_MUN": "073", "NOMGEO": "Putla Villa de Guerrero", "estado_nombre": "Oaxaca" }, "geometry": { "type": "Point", "coordinates": [ -97.893614674662501, 16.998313547293904 ] } },
{ "type": "Feature", "properties": { "CVEGEO": "20085", "CVE_ENT": "20", "CVE_MUN": "085", "NOMGEO": "San Agustín Loxicha", "estado_nombre": "Oaxaca" }, "geometry": { "type": "Point", "coordinates": [ -96.620819179005139, 15.976176512968124 ] } },
{ "type": "Feature", "properties": { "CVEGEO": "20088", "CVE_ENT": "20", "CVE_MUN": "088", "NOMGEO": "San Andrés Cabecera Nueva", "estado_nombre": "Oaxaca" }, "geometry": { "type": "Point", "coordinates": [ -97.792080498546753, 16.847436235275275 ] } },
{ "type": "Feature", "properties": { "CVEGEO": "20483", "CVE_ENT": "20", "CVE_MUN": "483", "NOMGEO": "Santiago Suchilquitongo", "estado_nombre": "Oaxaca" }, "geometry": { "type": "Point", "coordinates": [ -96.910391919549639, 17.231316862367382 ] } },
{ "type": "Feature", "properties": { "CVEGEO": "20486", "CVE_ENT": "20", "CVE_MUN": "486", "NOMGEO": "Villa Tejúpam de la Unión", "estado_nombre": "Oaxaca" }, "geometry": { "type": "Point", "coordinates": [ -97.463755682126333, 17.666202890829393 ] } },
{ "type": "Feature", "properties": { "CVEGEO": "20093", "CVE_ENT": "20", "CVE_MUN": "093", "NOMGEO": "San Andrés Lagunas", "estado_nombre": "Oaxaca" }, "geometry": { "type": "Point", "coordinates": [ -97.529337839504251, 17.589466891804943 ] } },
{ "type": "Feature", "properties": { "CVEGEO": "20113", "CVE_ENT": "20", "CVE_MUN": "113", "NOMGEO": "San Baltazar Loxicha", "estado_nombre": "Oaxaca" }, "geometry": { "type": "Point", "coordinates": [ -96.796184772965944, 16.036006026579425 ] } },
{ "type": "Feature", "properties": { "CVEGEO": "20487", "CVE_ENT": "20", "CVE_MUN": "487", "NOMGEO": "Santiago Tenango", "estado_nombre": "Oaxaca" }, "geometry": { "type": "Point", "coordinates": [ -96.998582092060559, 17.289420325342491 ] } },
{ "type": "Feature", "properties": { "CVEGEO": "20488", "CVE_ENT": "20", "CVE_MUN": "488", "NOMGEO": "Santiago Tepetlapa", "estado_nombre": "Oaxaca" }, "geometry": { "type": "Point", "coordinates": [ -97.397336964499388, 17.792075461316106 ] } },
{ "type": "Feature", "properties": { "CVEGEO": "20496", "CVE_ENT": "20", "CVE_MUN": "496", "NOMGEO": "Santiago Xiacuí", "estado_nombre": "Oaxaca" }, "geometry": { "type": "Point", "coordinates": [ -96.393797894202137, 17.27238028726709 ] } },
{ "type": "Feature", "properties": { "CVEGEO": "20509", "CVE_ENT": "20", "CVE_MUN": "509", "NOMGEO": "Santo Domingo de Morelos", "estado_nombre": "Oaxaca" }, "geometry": { "type": "Point", "coordinates": [ -96.634413514050038, 15.833546867227163 ] } },
{ "type": "Feature", "properties": { "CVEGEO": "20557", "CVE_ENT": "20", "CVE_MUN": "557", "NOMGEO": "Unión Hidalgo", "estado_nombre": "Oaxaca" }, "geometry": { "type": "Point", "coordinates": [ -94.823120186208072, 16.487371600988052 ] } },
{ "type": "Feature", "properties": { "CVEGEO": "20560", "CVE_ENT": "20", "CVE_MUN": "560", "NOMGEO": "Villa Díaz Ordaz", "estado_nombre": "Oaxaca" }, "geometry": { "type": "Point", "coordinates": [ -96.380196962686881, 17.057893375529545 ] } },
{ "type": "Feature", "properties": { "CVEGEO": "20038", "CVE_ENT": "20", "CVE_MUN": "038", "NOMGEO": "Villa Hidalgo Yalálag", "estado_nombre": "Oaxaca" }, "geometry": { "type": "Point", "coordinates": [ -96.160183562559382, 17.181166889455987 ] } },
{ "type": "Feature", "properties": { "CVEGEO": "20238", "CVE_ENT": "20", "CVE_MUN": "238", "NOMGEO": "Heroico San Martín de los Cansecos", "estado_nombre": "Oaxaca" }, "geometry": { "type": "Point", "coordinates": [ -96.726067971218853, 16.656054371945352 ] } },
{ "type": "Feature", "properties": { "CVEGEO": "21053", "CVE_ENT": "21", "CVE_MUN": "053", "NOMGEO": "Chignahuapan", "estado_nombre": "Puebla" }, "geometry": { "type": "Point", "coordinates": [ -98.134743671473018, 19.821021875960245 ] } },
{ "type": "Feature", "properties": { "CVEGEO": "21211", "CVE_ENT": "21", "CVE_MUN": "211", "NOMGEO": "Zaragoza", "estado_nombre": "Puebla" }, "geometry": { "type": "Point", "coordinates": [ -97.568572174358621, 19.747261074337928 ] } },
{ "type": "Feature", "properties": { "CVEGEO": "21206", "CVE_ENT": "21", "CVE_MUN": "206", "NOMGEO": "Zacapala", "estado_nombre": "Puebla" }, "geometry": { "type": "Point", "coordinates": [ -98.052482940070817, 18.580084191685703 ] } },
{ "type": "Feature", "properties": { "CVEGEO": "21152", "CVE_ENT": "21", "CVE_MUN": "152", "NOMGEO": "Soltepec", "estado_nombre": "Puebla" }, "geometry": { "type": "Point", "coordinates": [ -97.746092575535812, 19.120660025733827 ] } },
{ "type": "Feature", "properties": { "CVEGEO": "21027", "CVE_ENT": "21", "CVE_MUN": "027", "NOMGEO": "Caltepec", "estado_nombre": "Puebla" }, "geometry": { "type": "Point", "coordinates": [ -97.486841630239894, 18.142686816763351 ] } },
{ "type": "Feature", "properties": { "CVEGEO": "21026", "CVE_ENT": "21", "CVE_MUN": "026", "NOMGEO": "Calpan", "estado_nombre": "Puebla" }, "geometry": { "type": "Point", "coordinates": [ -98.476219130164665, 19.106441525829879 ] } },
{ "type": "Feature", "properties": { "CVEGEO": "21015", "CVE_ENT": "21", "CVE_MUN": "015", "NOMGEO": "Amozoc", "estado_nombre": "Puebla" }, "geometry": { "type": "Point", "coordinates": [ -98.054996763028001, 19.048320220723646 ] } },
{ "type": "Feature", "properties": { "CVEGEO": "21014", "CVE_ENT": "21", "CVE_MUN": "014", "NOMGEO": "Amixtlán", "estado_nombre": "Puebla" }, "geometry": { "type": "Point", "coordinates": [ -97.800681565687611, 20.055814346160673 ] } },
{ "type": "Feature", "properties": { "CVEGEO": "21010", "CVE_ENT": "21", "CVE_MUN": "010", "NOMGEO": "Ajalpan", "estado_nombre": "Puebla" }, "geometry": { "type": "Point", "coordinates": [ -97.125611054497512, 18.421566589391016 ] } },
{ "type": "Feature", "properties": { "CVEGEO": "21149", "CVE_ENT": "21", "CVE_MUN": "149", "NOMGEO": "Santiago Miahuatlán", "estado_nombre": "Puebla" }, "geometry": { "type": "Point", "coordinates": [ -97.424865964252177, 18.55545776415093 ] } },
{ "type": "Feature", "properties": { "CVEGEO": "21004", "CVE_ENT": "21", "CVE_MUN": "004", "NOMGEO": "Acatzingo", "estado_nombre": "Puebla" }, "geometry": { "type": "Point", "coordinates": [ -97.764983241486618, 19.026110940739407 ] } },
{ "type": "Feature", "properties": { "CVEGEO": "21005", "CVE_ENT": "21", "CVE_MUN": "005", "NOMGEO": "Acteopan", "estado_nombre": "Puebla" }, "geometry": { "type": "Point", "coordinates": [ -98.679089782880212, 18.759389355855053 ] } },
{ "type": "Feature", "properties": { "CVEGEO": "21006", "CVE_ENT": "21", "CVE_MUN": "006", "NOMGEO": "Ahuacatlán", "estado_nombre": "Puebla" }, "geometry": { "type": "Point", "coordinates": [ -97.8676829213655, 20.026950655254076 ] } },
{ "type": "Feature", "properties": { "CVEGEO": "21008", "CVE_ENT": "21", "CVE_MUN": "008", "NOMGEO": "Ahuazotepec", "estado_nombre": "Puebla" }, "geometry": { "type": "Point", "coordinates": [ -98.133622858905355, 20.061163578943095 ] } },
{ "type": "Feature", "properties": { "CVEGEO": "21146", "CVE_ENT": "21", "CVE_MUN": "146", "NOMGEO": "Santa Catarina Tlaltempan", "estado_nombre": "Puebla" }, "geometry": { "type": "Point", "coordinates": [ -98.079138486082371, 18.615900448875156 ] } },
{ "type": "Feature", "properties": { "CVEGEO": "21145", "CVE_ENT": "21", "CVE_MUN": "145", "NOMGEO": "San Sebastián Tlacotepec", "estado_nombre": "Puebla" }, "geometry": { "type": "Point", "coordinates": [ -96.828802536558825, 18.379583252109231 ] } },
{ "type": "Feature", "properties": { "CVEGEO": "21003", "CVE_ENT": "21", "CVE_MUN": "003", "NOMGEO": "Acatlán", "estado_nombre": "Puebla" }, "geometry": { "type": "Point", "coordinates": [ -98.106402597108968, 18.15893293731019 ] } },
{ "type": "Feature", "properties": { "CVEGEO": "21117", "CVE_ENT": "21", "CVE_MUN": "117", "NOMGEO": "Rafael Lara Grajales", "estado_nombre": "Puebla" }, "geometry": { "type": "Point", "coordinates": [ -97.816525580776812, 19.247941311518506 ] } },
{ "type": "Feature", "properties": { "CVEGEO": "21165", "CVE_ENT": "21", "CVE_MUN": "165", "NOMGEO": "Tepemaxalco", "estado_nombre": "Puebla" }, "geometry": { "type": "Point", "coordinates": [ -98.632940460423356, 18.739754701923697 ] } },
{ "type": "Feature", "properties": { "CVEGEO": "21163", "CVE_ENT": "21", "CVE_MUN": "163", "NOMGEO": "Tepatlaxco de Hidalgo", "estado_nombre": "Puebla" }, "geometry": { "type": "Point", "coordinates": [ -98.003601294017329, 19.145223908565615 ] } },
{ "type": "Feature", "properties": { "CVEGEO": "21113", "CVE_ENT": "21", "CVE_MUN": "113", "NOMGEO": "Piaxtla", "estado_nombre": "Puebla" }, "geometry": { "type": "Point", "coordinates": [ -98.270751259553379, 18.113974808386732 ] } },
{ "type": "Feature", "properties": { "CVEGEO": "21009", "CVE_ENT": "21", "CVE_MUN": "009", "NOMGEO": "Ahuehuetitla", "estado_nombre": "Puebla" }, "geometry": { "type": "Point", "coordinates": [ -98.191117372842797, 18.231293321820726 ] } },
{ "type": "Feature", "properties": { "CVEGEO": "21039", "CVE_ENT": "21", "CVE_MUN": "039", "NOMGEO": "Cuautempan", "estado_nombre": "Puebla" }, "geometry": { "type": "Point", "coordinates": [ -97.79212746639385, 19.913570206748528 ] } },
{ "type": "Feature", "properties": { "CVEGEO": "21040", "CVE_ENT": "21", "CVE_MUN": "040", "NOMGEO": "Cuautinchán", "estado_nombre": "Puebla" }, "geometry": { "type": "Point", "coordinates": [ -98.04510325073386, 18.961647360324097 ] } },
{ "type": "Feature", "properties": { "CVEGEO": "21041", "CVE_ENT": "21", "CVE_MUN": "041", "NOMGEO": "Cuautlancingo", "estado_nombre": "Puebla" }, "geometry": { "type": "Point", "coordinates": [ -98.256096174323616, 19.116711430980939 ] } },
{ "type": "Feature", "properties": { "CVEGEO": "21016", "CVE_ENT": "21", "CVE_MUN": "016", "NOMGEO": "Aquixtla", "estado_nombre": "Puebla" }, "geometry": { "type": "Point", "coordinates": [ -97.930242529725305, 19.772287895622842 ] } },
{ "type": "Feature", "properties": { "CVEGEO": "21087", "CVE_ENT": "21", "CVE_MUN": "087", "NOMGEO": "Jolalpan", "estado_nombre": "Puebla" }, "geometry": { "type": "Point", "coordinates": [ -98.915662237813066, 18.307196881220364 ] } },
{ "type": "Feature", "properties": { "CVEGEO": "21167", "CVE_ENT": "21", "CVE_MUN": "167", "NOMGEO": "Tepetzintla", "estado_nombre": "Puebla" }, "geometry": { "type": "Point", "coordinates": [ -97.853043134749228, 19.94949041032865 ] } },
{ "type": "Feature", "properties": { "CVEGEO": "21166", "CVE_ENT": "21", "CVE_MUN": "166", "NOMGEO": "Tepeojuma", "estado_nombre": "Puebla" }, "geometry": { "type": "Point", "coordinates": [ -98.431274777491424, 18.721772513324584 ] } },
{ "type": "Feature", "properties": { "CVEGEO": "21018", "CVE_ENT": "21", "CVE_MUN": "018", "NOMGEO": "Atexcal", "estado_nombre": "Puebla" }, "geometry": { "type": "Point", "coordinates": [ -97.690081405015732, 18.375572615188482 ] } },
{ "type": "Feature", "properties": { "CVEGEO": "21054", "CVE_ENT": "21", "CVE_MUN": "054", "NOMGEO": "Chignautla", "estado_nombre": "Puebla" }, "geometry": { "type": "Point", "coordinates": [ -97.436557276455389, 19.735559002883527 ] } },
{ "type": "Feature", "properties": { "CVEGEO": "21127", "CVE_ENT": "21", "CVE_MUN": "127", "NOMGEO": "San Jerónimo Xayacatlán", "estado_nombre": "Puebla" }, "geometry": { "type": "Point", "coordinates": [ -97.921686624206714, 18.198498955777588 ] } },
{ "type": "Feature", "properties": { "CVEGEO": "21129", "CVE_ENT": "21", "CVE_MUN": "129", "NOMGEO": "San José Miahuatlán", "estado_nombre": "Puebla" }, "geometry": { "type": "Point", "coordinates": [ -97.290066633028417, 18.228870624137436 ] } },
{ "type": "Feature", "properties": { "CVEGEO": "21130", "CVE_ENT": "21", "CVE_MUN": "130", "NOMGEO": "San Juan Atenco", "estado_nombre": "Puebla" }, "geometry": { "type": "Point", "coordinates": [ -97.551890648904248, 19.047068867752927 ] } },
{ "type": "Feature", "properties": { "CVEGEO": "21213", "CVE_ENT": "21", "CVE_MUN": "213", "NOMGEO": "Zihuateutla", "estado_nombre": "Puebla" }, "geometry": { "type": "Point", "coordinates": [ -97.79829522673262, 20.299097100286179 ] } },
{ "type": "Feature", "properties": { "CVEGEO": "21124", "CVE_ENT": "21", "CVE_MUN": "124", "NOMGEO": "San Gabriel Chilac", "estado_nombre": "Puebla" }, "geometry": { "type": "Point", "coordinates": [ -97.383968798482115, 18.31813023700262 ] } },
{ "type": "Feature", "properties": { "CVEGEO": "21169", "CVE_ENT": "21", "CVE_MUN": "169", "NOMGEO": "Tepexi de Rodríguez", "estado_nombre": "Puebla" }, "geometry": { "type": "Point", "coordinates": [ -97.937339112946972, 18.496748625097318 ] } },
{ "type": "Feature", "properties": { "CVEGEO": "21172", "CVE_ENT": "21", "CVE_MUN": "172", "NOMGEO": "Tetela de Ocampo", "estado_nombre": "Puebla" }, "geometry": { "type": "Point", "coordinates": [ -97.785733720063419, 19.818211058845435 ] } },
{ "type": "Feature", "properties": { "CVEGEO": "21179", "CVE_ENT": "21", "CVE_MUN": "179", "NOMGEO": "Tlachichuca", "estado_nombre": "Puebla" }, "geometry": { "type": "Point", "coordinates": [ -97.352120217839783, 19.133611938351386 ] } },
{ "type": "Feature", "properties": { "CVEGEO": "21202", "CVE_ENT": "21", "CVE_MUN": "202", "NOMGEO": "Xochitlán de Vicente Suárez", "estado_nombre": "Puebla" }, "geometry": { "type": "Point", "coordinates": [ -97.653613117765161, 19.9388859742559 ] } },
{ "type": "Feature", "properties": { "CVEGEO": "21203", "CVE_ENT": "21", "CVE_MUN": "203", "NOMGEO": "Xochitlán Todos Santos", "estado_nombre": "Puebla" }, "geometry": { "type": "Point", "coordinates": [ -97.777931162215424, 18.695805824053355 ] } },
{ "type": "Feature", "properties": { "CVEGEO": "21042", "CVE_ENT": "21", "CVE_MUN": "042", "NOMGEO": "Cuayuca de Andrade", "estado_nombre": "Puebla" }, "geometry": { "type": "Point", "coordinates": [ -98.188989239074075, 18.445666335453573 ] } },
{ "type": "Feature", "properties": { "CVEGEO": "21043", "CVE_ENT": "21", "CVE_MUN": "043", "NOMGEO": "Cuetzalan del Progreso", "estado_nombre": "Puebla" }, "geometry": { "type": "Point", "coordinates": [ -97.500581478935644, 20.027983456728023 ] } },
{ "type": "Feature", "properties": { "CVEGEO": "21217", "CVE_ENT": "21", "CVE_MUN": "217", "NOMGEO": "Zoquitlán", "estado_nombre": "Puebla" }, "geometry": { "type": "Point", "coordinates": [ -96.978668600825117, 18.377112124106766 ] } },
{ "type": "Feature", "properties": { "CVEGEO": "21101", "CVE_ENT": "21", "CVE_MUN": "101", "NOMGEO": "Nauzontla", "estado_nombre": "Puebla" }, "geometry": { "type": "Point", "coordinates": [ -97.588986621574648, 19.963073504980073 ] } },
{ "type": "Feature", "properties": { "CVEGEO": "21100", "CVE_ENT": "21", "CVE_MUN": "100", "NOMGEO": "Naupan", "estado_nombre": "Puebla" }, "geometry": { "type": "Point", "coordinates": [ -98.102860982665845, 20.245273041382092 ] } },
{ "type": "Feature", "properties": { "CVEGEO": "21099", "CVE_ENT": "21", "CVE_MUN": "099", "NOMGEO": "Cañada Morelos", "estado_nombre": "Puebla" }, "geometry": { "type": "Point", "coordinates": [ -97.428125618086469, 18.733157446913221 ] } },
{ "type": "Feature", "properties": { "CVEGEO": "21098", "CVE_ENT": "21", "CVE_MUN": "098", "NOMGEO": "Molcaxac", "estado_nombre": "Puebla" }, "geometry": { "type": "Point", "coordinates": [ -97.869805163594393, 18.668615060639617 ] } },
{ "type": "Feature", "properties": { "CVEGEO": "21096", "CVE_ENT": "21", "CVE_MUN": "096", "NOMGEO": "Mazapiltepec de Juárez", "estado_nombre": "Puebla" }, "geometry": { "type": "Point", "coordinates": [ -97.692007083502887, 19.151123177069795 ] } },
{ "type": "Feature", "properties": { "CVEGEO": "21094", "CVE_ENT": "21", "CVE_MUN": "094", "NOMGEO": "Libres", "estado_nombre": "Puebla" }, "geometry": { "type": "Point", "coordinates": [ -97.676135330668984, 19.469154467187263 ] } },
{ "type": "Feature", "properties": { "CVEGEO": "21093", "CVE_ENT": "21", "CVE_MUN": "093", "NOMGEO": "Lafragua", "estado_nombre": "Puebla" }, "geometry": { "type": "Point", "coordinates": [ -97.293722262155981, 19.281104127978626 ] } },
{ "type": "Feature", "properties": { "CVEGEO": "21092", "CVE_ENT": "21", "CVE_MUN": "092", "NOMGEO": "Juan N. Méndez", "estado_nombre": "Puebla" }, "geometry": { "type": "Point", "coordinates": [ -97.739878466826497, 18.532090840965683 ] } },
{ "type": "Feature", "properties": { "CVEGEO": "21012", "CVE_ENT": "21", "CVE_MUN": "012", "NOMGEO": "Aljojuca", "estado_nombre": "Puebla" }, "geometry": { "type": "Point", "coordinates": [ -97.517422999992377, 19.10259922503019 ] } },
{ "type": "Feature", "properties": { "CVEGEO": "21013", "CVE_ENT": "21", "CVE_MUN": "013", "NOMGEO": "Altepexi", "estado_nombre": "Puebla" }, "geometry": { "type": "Point", "coordinates": [ -97.300368574989534, 18.356344214727915 ] } },
{ "type": "Feature", "properties": { "CVEGEO": "21007", "CVE_ENT": "21", "CVE_MUN": "007", "NOMGEO": "Ahuatlán", "estado_nombre": "Puebla" }, "geometry": { "type": "Point", "coordinates": [ -98.282810922524746, 18.575655959559207 ] } },
{ "type": "Feature", "properties": { "CVEGEO": "21011", "CVE_ENT": "21", "CVE_MUN": "011", "NOMGEO": "Albino Zertuche", "estado_nombre": "Puebla" }, "geometry": { "type": "Point", "coordinates": [ -98.54710582614274, 18.01069428058371 ] } },
{ "type": "Feature", "properties": { "CVEGEO": "21022", "CVE_ENT": "21", "CVE_MUN": "022", "NOMGEO": "Atzitzihuacán", "estado_nombre": "Puebla" }, "geometry": { "type": "Point", "coordinates": [ -98.607772090098052, 18.823080451558891 ] } },
{ "type": "Feature", "properties": { "CVEGEO": "21025", "CVE_ENT": "21", "CVE_MUN": "025", "NOMGEO": "Ayotoxco de Guerrero", "estado_nombre": "Puebla" }, "geometry": { "type": "Point", "coordinates": [ -97.408780994585598, 20.083989860216988 ] } },
{ "type": "Feature", "properties": { "CVEGEO": "21037", "CVE_ENT": "21", "CVE_MUN": "037", "NOMGEO": "Coyotepec", "estado_nombre": "Puebla" }, "geometry": { "type": "Point", "coordinates": [ -97.812954237159587, 18.401325060031645 ] } },
{ "type": "Feature", "properties": { "CVEGEO": "21035", "CVE_ENT": "21", "CVE_MUN": "035", "NOMGEO": "Coxcatlán", "estado_nombre": "Puebla" }, "geometry": { "type": "Point", "coordinates": [ -97.117233167258021, 18.245593591875114 ] } },
{ "type": "Feature", "properties": { "CVEGEO": "21033", "CVE_ENT": "21", "CVE_MUN": "033", "NOMGEO": "Cohuecan", "estado_nombre": "Puebla" }, "geometry": { "type": "Point", "coordinates": [ -98.718205158642078, 18.745818907228703 ] } },
{ "type": "Feature", "properties": { "CVEGEO": "21032", "CVE_ENT": "21", "CVE_MUN": "032", "NOMGEO": "Cohetzala", "estado_nombre": "Puebla" }, "geometry": { "type": "Point", "coordinates": [ -98.788531808186704, 18.190492852756226 ] } },
{ "type": "Feature", "properties": { "CVEGEO": "21031", "CVE_ENT": "21", "CVE_MUN": "031", "NOMGEO": "Coatzingo", "estado_nombre": "Puebla" }, "geometry": { "type": "Point", "coordinates": [ -98.164922814746845, 18.571165865462049 ] } },
{ "type": "Feature", "properties": { "CVEGEO": "21029", "CVE_ENT": "21", "CVE_MUN": "029", "NOMGEO": "Caxhuacan", "estado_nombre": "Puebla" }, "geometry": { "type": "Point", "coordinates": [ -97.606301295369335, 20.073491943499437 ] } },
{ "type": "Feature", "properties": { "CVEGEO": "21045", "CVE_ENT": "21", "CVE_MUN": "045", "NOMGEO": "Chalchicomula de Sesma", "estado_nombre": "Puebla" }, "geometry": { "type": "Point", "coordinates": [ -97.429709843178983, 18.977342042552642 ] } },
{ "type": "Feature", "properties": { "CVEGEO": "21046", "CVE_ENT": "21", "CVE_MUN": "046", "NOMGEO": "Chapulco", "estado_nombre": "Puebla" }, "geometry": { "type": "Point", "coordinates": [ -97.403639874847244, 18.63964054271565 ] } },
{ "type": "Feature", "properties": { "CVEGEO": "21002", "CVE_ENT": "21", "CVE_MUN": "002", "NOMGEO": "Acateno", "estado_nombre": "Puebla" }, "geometry": { "type": "Point", "coordinates": [ -97.229804126725639, 20.109153523169383 ] } },
{ "type": "Feature", "properties": { "CVEGEO": "21212", "CVE_ENT": "21", "CVE_MUN": "212", "NOMGEO": "Zautla", "estado_nombre": "Puebla" }, "geometry": { "type": "Point", "coordinates": [ -97.68268745843173, 19.714298034906463 ] } },
{ "type": "Feature", "properties": { "CVEGEO": "21199", "CVE_ENT": "21", "CVE_MUN": "199", "NOMGEO": "Xiutetelco", "estado_nombre": "Puebla" }, "geometry": { "type": "Point", "coordinates": [ -97.359919930379462, 19.722535767160405 ] } },
{ "type": "Feature", "properties": { "CVEGEO": "21205", "CVE_ENT": "21", "CVE_MUN": "205", "NOMGEO": "Yehualtepec", "estado_nombre": "Puebla" }, "geometry": { "type": "Point", "coordinates": [ -97.678251188497995, 18.767549744252669 ] } },
{ "type": "Feature", "properties": { "CVEGEO": "21201", "CVE_ENT": "21", "CVE_MUN": "201", "NOMGEO": "Xochiltepec", "estado_nombre": "Puebla" }, "geometry": { "type": "Point", "coordinates": [ -98.336962778289063, 18.658100279325236 ] } },
{ "type": "Feature", "properties": { "CVEGEO": "21197", "CVE_ENT": "21", "CVE_MUN": "197", "NOMGEO": "Xicotepec", "estado_nombre": "Puebla" }, "geometry": { "type": "Point", "coordinates": [ -97.902626579751526, 20.326617949914578 ] } },
{ "type": "Feature", "properties": { "CVEGEO": "21195", "CVE_ENT": "21", "CVE_MUN": "195", "NOMGEO": "Vicente Guerrero", "estado_nombre": "Puebla" }, "geometry": { "type": "Point", "coordinates": [ -97.182064605303665, 18.530349093342796 ] } },
{ "type": "Feature", "properties": { "CVEGEO": "21186", "CVE_ENT": "21", "CVE_MUN": "186", "NOMGEO": "Tlatlauquitepec", "estado_nombre": "Puebla" }, "geometry": { "type": "Point", "coordinates": [ -97.499347883863123, 19.842140850331777 ] } },
{ "type": "Feature", "properties": { "CVEGEO": "21185", "CVE_ENT": "21", "CVE_MUN": "185", "NOMGEO": "Tlapanalá", "estado_nombre": "Puebla" }, "geometry": { "type": "Point", "coordinates": [ -98.536197124701403, 18.689964599261529 ] } },
{ "type": "Feature", "properties": { "CVEGEO": "21184", "CVE_ENT": "21", "CVE_MUN": "184", "NOMGEO": "Tlapacoya", "estado_nombre": "Puebla" }, "geometry": { "type": "Point", "coordinates": [ -97.838279229543531, 20.12982414741013 ] } },
{ "type": "Feature", "properties": { "CVEGEO": "21158", "CVE_ENT": "21", "CVE_MUN": "158", "NOMGEO": "Tenampulco", "estado_nombre": "Puebla" }, "geometry": { "type": "Point", "coordinates": [ -97.401604788490914, 20.189203402372325 ] } },
{ "type": "Feature", "properties": { "CVEGEO": "21104", "CVE_ENT": "21", "CVE_MUN": "104", "NOMGEO": "Nopalucan", "estado_nombre": "Puebla" }, "geometry": { "type": "Point", "coordinates": [ -97.833301180447364, 19.190616211217865 ] } },
{ "type": "Feature", "properties": { "CVEGEO": "21123", "CVE_ENT": "21", "CVE_MUN": "123", "NOMGEO": "San Felipe Tepatlán", "estado_nombre": "Puebla" }, "geometry": { "type": "Point", "coordinates": [ -97.786760160313094, 20.11152203956058 ] } },
{ "type": "Feature", "properties": { "CVEGEO": "21128", "CVE_ENT": "21", "CVE_MUN": "128", "NOMGEO": "San José Chiapa", "estado_nombre": "Puebla" }, "geometry": { "type": "Point", "coordinates": [ -97.7285710689399, 19.254674602169391 ] } },
{ "type": "Feature", "properties": { "CVEGEO": "21126", "CVE_ENT": "21", "CVE_MUN": "126", "NOMGEO": "San Jerónimo Tecuanipan", "estado_nombre": "Puebla" }, "geometry": { "type": "Point", "coordinates": [ -98.393751690047267, 19.034921423497092 ] } },
{ "type": "Feature", "properties": { "CVEGEO": "21161", "CVE_ENT": "21", "CVE_MUN": "161", "NOMGEO": "Tepanco de López", "estado_nombre": "Puebla" }, "geometry": { "type": "Point", "coordinates": [ -97.543015621766358, 18.553896259043039 ] } },
{ "type": "Feature", "properties": { "CVEGEO": "21079", "CVE_ENT": "21", "CVE_MUN": "079", "NOMGEO": "Huitziltepec", "estado_nombre": "Puebla" }, "geometry": { "type": "Point", "coordinates": [ -97.859632314515295, 18.766929309909873 ] } },
{ "type": "Feature", "properties": { "CVEGEO": "21194", "CVE_ENT": "21", "CVE_MUN": "194", "NOMGEO": "Venustiano Carranza", "estado_nombre": "Puebla" }, "geometry": { "type": "Point", "coordinates": [ -97.68724405988651, 20.508350836057854 ] } },
{ "type": "Feature", "properties": { "CVEGEO": "21190", "CVE_ENT": "21", "CVE_MUN": "190", "NOMGEO": "Totoltepec de Guerrero", "estado_nombre": "Puebla" }, "geometry": { "type": "Point", "coordinates": [ -97.848046654919798, 18.291539577333708 ] } },
{ "type": "Feature", "properties": { "CVEGEO": "21189", "CVE_ENT": "21", "CVE_MUN": "189", "NOMGEO": "Tochtepec", "estado_nombre": "Puebla" }, "geometry": { "type": "Point", "coordinates": [ -97.821199998706817, 18.82845101685048 ] } },
{ "type": "Feature", "properties": { "CVEGEO": "21188", "CVE_ENT": "21", "CVE_MUN": "188", "NOMGEO": "Tochimilco", "estado_nombre": "Puebla" }, "geometry": { "type": "Point", "coordinates": [ -98.61220578240939, 18.922467491371549 ] } },
{ "type": "Feature", "properties": { "CVEGEO": "21187", "CVE_ENT": "21", "CVE_MUN": "187", "NOMGEO": "Tlaxco", "estado_nombre": "Puebla" }, "geometry": { "type": "Point", "coordinates": [ -98.04887213151676, 20.399827073757894 ] } },
{ "type": "Feature", "properties": { "CVEGEO": "21177", "CVE_ENT": "21", "CVE_MUN": "177", "NOMGEO": "Tlacotepec de Benito Juárez", "estado_nombre": "Puebla" }, "geometry": { "type": "Point", "coordinates": [ -97.628870901455798, 18.655709592367135 ] } },
{ "type": "Feature", "properties": { "CVEGEO": "21156", "CVE_ENT": "21", "CVE_MUN": "156", "NOMGEO": "Tehuacán", "estado_nombre": "Puebla" }, "geometry": { "type": "Point", "coordinates": [ -97.445083764757229, 18.461287650649727 ] } },
{ "type": "Feature", "properties": { "CVEGEO": "21155", "CVE_ENT": "21", "CVE_MUN": "155", "NOMGEO": "Tecomatlán", "estado_nombre": "Puebla" }, "geometry": { "type": "Point", "coordinates": [ -98.31433560414267, 18.052903389974933 ] } },
{ "type": "Feature", "properties": { "CVEGEO": "21154", "CVE_ENT": "21", "CVE_MUN": "154", "NOMGEO": "Tecamachalco", "estado_nombre": "Puebla" }, "geometry": { "type": "Point", "coordinates": [ -97.731220301668301, 18.859302688527848 ] } },
{ "type": "Feature", "properties": { "CVEGEO": "21153", "CVE_ENT": "21", "CVE_MUN": "153", "NOMGEO": "Tecali de Herrera", "estado_nombre": "Puebla" }, "geometry": { "type": "Point", "coordinates": [ -97.968228193759742, 18.887004526824747 ] } },
{ "type": "Feature", "properties": { "CVEGEO": "21118", "CVE_ENT": "21", "CVE_MUN": "118", "NOMGEO": "Los Reyes de Juárez", "estado_nombre": "Puebla" }, "geometry": { "type": "Point", "coordinates": [ -97.823902401345521, 18.962435180225103 ] } },
{ "type": "Feature", "properties": { "CVEGEO": "21119", "CVE_ENT": "21", "CVE_MUN": "119", "NOMGEO": "San Andrés Cholula", "estado_nombre": "Puebla" }, "geometry": { "type": "Point", "coordinates": [ -98.289752503674904, 19.024141177845213 ] } },
{ "type": "Feature", "properties": { "CVEGEO": "21120", "CVE_ENT": "21", "CVE_MUN": "120", "NOMGEO": "San Antonio Cañada", "estado_nombre": "Puebla" }, "geometry": { "type": "Point", "coordinates": [ -97.27368690564343, 18.497009182563087 ] } },
{ "type": "Feature", "properties": { "CVEGEO": "21125", "CVE_ENT": "21", "CVE_MUN": "125", "NOMGEO": "San Gregorio Atzompa", "estado_nombre": "Puebla" }, "geometry": { "type": "Point", "coordinates": [ -98.345619302612192, 19.010490195107742 ] } },
{ "type": "Feature", "properties": { "CVEGEO": "21105", "CVE_ENT": "21", "CVE_MUN": "105", "NOMGEO": "Ocotepec", "estado_nombre": "Puebla" }, "geometry": { "type": "Point", "coordinates": [ -97.673819702061664, 19.555519148932376 ] } },
{ "type": "Feature", "properties": { "CVEGEO": "21175", "CVE_ENT": "21", "CVE_MUN": "175", "NOMGEO": "Tianguismanalco", "estado_nombre": "Puebla" }, "geometry": { "type": "Point", "coordinates": [ -98.479145592348175, 19.000185650506697 ] } },
{ "type": "Feature", "properties": { "CVEGEO": "21085", "CVE_ENT": "21", "CVE_MUN": "085", "NOMGEO": "Izúcar de Matamoros", "estado_nombre": "Puebla" }, "geometry": { "type": "Point", "coordinates": [ -98.447010337679984, 18.501915884530593 ] } },
{ "type": "Feature", "properties": { "CVEGEO": "21164", "CVE_ENT": "21", "CVE_MUN": "164", "NOMGEO": "Tepeaca", "estado_nombre": "Puebla" }, "geometry": { "type": "Point", "coordinates": [ -97.876163825231913, 19.011928946267027 ] } },
{ "type": "Feature", "properties": { "CVEGEO": "21198", "CVE_ENT": "21", "CVE_MUN": "198", "NOMGEO": "Xicotlán", "estado_nombre": "Puebla" }, "geometry": { "type": "Point", "coordinates": [ -98.600581005943894, 18.095633677749309 ] } },
{ "type": "Feature", "properties": { "CVEGEO": "21133", "CVE_ENT": "21", "CVE_MUN": "133", "NOMGEO": "San Martín Totoltepec", "estado_nombre": "Puebla" }, "geometry": { "type": "Point", "coordinates": [ -98.355241089027615, 18.6577225664848 ] } },
{ "type": "Feature", "properties": { "CVEGEO": "21174", "CVE_ENT": "21", "CVE_MUN": "174", "NOMGEO": "Teziutlán", "estado_nombre": "Puebla" }, "geometry": { "type": "Point", "coordinates": [ -97.358575514028445, 19.863805788475386 ] } },
{ "type": "Feature", "properties": { "CVEGEO": "21176", "CVE_ENT": "21", "CVE_MUN": "176", "NOMGEO": "Tilapa", "estado_nombre": "Puebla" }, "geometry": { "type": "Point", "coordinates": [ -98.54199093905882, 18.61430198915815 ] } },
{ "type": "Feature", "properties": { "CVEGEO": "21178", "CVE_ENT": "21", "CVE_MUN": "178", "NOMGEO": "Tlacuilotepec", "estado_nombre": "Puebla" }, "geometry": { "type": "Point", "coordinates": [ -97.996198023203746, 20.377742860388732 ] } },
{ "type": "Feature", "properties": { "CVEGEO": "21134", "CVE_ENT": "21", "CVE_MUN": "134", "NOMGEO": "San Matías Tlalancaleca", "estado_nombre": "Puebla" }, "geometry": { "type": "Point", "coordinates": [ -98.502822340105681, 19.346650702279 ] } },
{ "type": "Feature", "properties": { "CVEGEO": "21135", "CVE_ENT": "21", "CVE_MUN": "135", "NOMGEO": "San Miguel Ixitlán", "estado_nombre": "Puebla" }, "geometry": { "type": "Point", "coordinates": [ -97.769885418282854, 18.011919203721845 ] } },
{ "type": "Feature", "properties": { "CVEGEO": "21208", "CVE_ENT": "21", "CVE_MUN": "208", "NOMGEO": "Zacatlán", "estado_nombre": "Puebla" }, "geometry": { "type": "Point", "coordinates": [ -97.99901149166088, 19.964919890362225 ] } },
{ "type": "Feature", "properties": { "CVEGEO": "21207", "CVE_ENT": "21", "CVE_MUN": "207", "NOMGEO": "Zacapoaxtla", "estado_nombre": "Puebla" }, "geometry": { "type": "Point", "coordinates": [ -97.581272684708082, 19.854369730548211 ] } },
{ "type": "Feature", "properties": { "CVEGEO": "21180", "CVE_ENT": "21", "CVE_MUN": "180", "NOMGEO": "Tlahuapan", "estado_nombre": "Puebla" }, "geometry": { "type": "Point", "coordinates": [ -98.5853217315683, 19.362282990793219 ] } },
{ "type": "Feature", "properties": { "CVEGEO": "21137", "CVE_ENT": "21", "CVE_MUN": "137", "NOMGEO": "San Nicolás Buenos Aires", "estado_nombre": "Puebla" }, "geometry": { "type": "Point", "coordinates": [ -97.497532395955943, 19.223112588823078 ] } },
{ "type": "Feature", "properties": { "CVEGEO": "21001", "CVE_ENT": "21", "CVE_MUN": "001", "NOMGEO": "Acajete", "estado_nombre": "Puebla" }, "geometry": { "type": "Point", "coordinates": [ -97.93982646509312, 19.103301304633248 ] } },
{ "type": "Feature", "properties": { "CVEGEO": "21138", "CVE_ENT": "21", "CVE_MUN": "138", "NOMGEO": "San Nicolás de los Ranchos", "estado_nombre": "Puebla" }, "geometry": { "type": "Point", "coordinates": [ -98.566931238703276, 19.079425560182198 ] } },
{ "type": "Feature", "properties": { "CVEGEO": "21139", "CVE_ENT": "21", "CVE_MUN": "139", "NOMGEO": "San Pablo Anicano", "estado_nombre": "Puebla" }, "geometry": { "type": "Point", "coordinates": [ -98.138935401370986, 18.141935162478621 ] } },
{ "type": "Feature", "properties": { "CVEGEO": "21196", "CVE_ENT": "21", "CVE_MUN": "196", "NOMGEO": "Xayacatlán de Bravo", "estado_nombre": "Puebla" }, "geometry": { "type": "Point", "coordinates": [ -97.946515006344228, 18.278250460535375 ] } },
{ "type": "Feature", "properties": { "CVEGEO": "21140", "CVE_ENT": "21", "CVE_MUN": "140", "NOMGEO": "San Pedro Cholula", "estado_nombre": "Puebla" }, "geometry": { "type": "Point", "coordinates": [ -98.343130608087435, 19.072963663274557 ] } },
{ "type": "Feature", "properties": { "CVEGEO": "21116", "CVE_ENT": "21", "CVE_MUN": "116", "NOMGEO": "Quimixtlán", "estado_nombre": "Puebla" }, "geometry": { "type": "Point", "coordinates": [ -97.113385583500772, 19.253735538509623 ] } },
{ "type": "Feature", "properties": { "CVEGEO": "21141", "CVE_ENT": "21", "CVE_MUN": "141", "NOMGEO": "San Pedro Yeloixtlahuaca", "estado_nombre": "Puebla" }, "geometry": { "type": "Point", "coordinates": [ -98.044036946086152, 18.040669366229704 ] } },
{ "type": "Feature", "properties": { "CVEGEO": "21170", "CVE_ENT": "21", "CVE_MUN": "170", "NOMGEO": "Tepeyahualco", "estado_nombre": "Puebla" }, "geometry": { "type": "Point", "coordinates": [ -97.463275004657575, 19.479608065788437 ] } },
{ "type": "Feature", "properties": { "CVEGEO": "21052", "CVE_ENT": "21", "CVE_MUN": "052", "NOMGEO": "Chigmecatitlán", "estado_nombre": "Puebla" }, "geometry": { "type": "Point", "coordinates": [ -98.059348894399676, 18.648795808130743 ] } },
{ "type": "Feature", "properties": { "CVEGEO": "21168", "CVE_ENT": "21", "CVE_MUN": "168", "NOMGEO": "Tepexco", "estado_nombre": "Puebla" }, "geometry": { "type": "Point", "coordinates": [ -98.654000542771982, 18.646317310952622 ] } },
{ "type": "Feature", "properties": { "CVEGEO": "21143", "CVE_ENT": "21", "CVE_MUN": "143", "NOMGEO": "San Salvador el Verde", "estado_nombre": "Puebla" }, "geometry": { "type": "Point", "coordinates": [ -98.561338298788669, 19.244586178404418 ] } },
{ "type": "Feature", "properties": { "CVEGEO": "21142", "CVE_ENT": "21", "CVE_MUN": "142", "NOMGEO": "San Salvador el Seco", "estado_nombre": "Puebla" }, "geometry": { "type": "Point", "coordinates": [ -97.613917075075577, 19.153945485860117 ] } },
{ "type": "Feature", "properties": { "CVEGEO": "21023", "CVE_ENT": "21", "CVE_MUN": "023", "NOMGEO": "Atzitzintla", "estado_nombre": "Puebla" }, "geometry": { "type": "Point", "coordinates": [ -97.303989387633607, 18.933788400318946 ] } },
{ "type": "Feature", "properties": { "CVEGEO": "21115", "CVE_ENT": "21", "CVE_MUN": "115", "NOMGEO": "Quecholac", "estado_nombre": "Puebla" }, "geometry": { "type": "Point", "coordinates": [ -97.634470585540086, 18.948157809475422 ] } },
{ "type": "Feature", "properties": { "CVEGEO": "21114", "CVE_ENT": "21", "CVE_MUN": "114", "NOMGEO": "Puebla", "estado_nombre": "Puebla" }, "geometry": { "type": "Point", "coordinates": [ -98.176158587591104, 19.00761702109445 ] } },
{ "type": "Feature", "properties": { "CVEGEO": "21108", "CVE_ENT": "21", "CVE_MUN": "108", "NOMGEO": "Oriental", "estado_nombre": "Puebla" }, "geometry": { "type": "Point", "coordinates": [ -97.583436575635872, 19.326498607455573 ] } },
{ "type": "Feature", "properties": { "CVEGEO": "21112", "CVE_ENT": "21", "CVE_MUN": "112", "NOMGEO": "Petlalcingo", "estado_nombre": "Puebla" }, "geometry": { "type": "Point", "coordinates": [ -97.915879765819923, 18.069119225484251 ] } },
{ "type": "Feature", "properties": { "CVEGEO": "21147", "CVE_ENT": "21", "CVE_MUN": "147", "NOMGEO": "Santa Inés Ahuatempan", "estado_nombre": "Puebla" }, "geometry": { "type": "Point", "coordinates": [ -98.04927181578455, 18.403297172073025 ] } },
{ "type": "Feature", "properties": { "CVEGEO": "21204", "CVE_ENT": "21", "CVE_MUN": "204", "NOMGEO": "Yaonáhuac", "estado_nombre": "Puebla" }, "geometry": { "type": "Point", "coordinates": [ -97.442476859502733, 19.919620059883609 ] } },
{ "type": "Feature", "properties": { "CVEGEO": "21097", "CVE_ENT": "21", "CVE_MUN": "097", "NOMGEO": "Mixtla", "estado_nombre": "Puebla" }, "geometry": { "type": "Point", "coordinates": [ -97.891706391125936, 18.90772492345987 ] } },
{ "type": "Feature", "properties": { "CVEGEO": "21148", "CVE_ENT": "21", "CVE_MUN": "148", "NOMGEO": "Santa Isabel Cholula", "estado_nombre": "Puebla" }, "geometry": { "type": "Point", "coordinates": [ -98.385318506498692, 18.974832624340614 ] } },
{ "type": "Feature", "properties": { "CVEGEO": "21200", "CVE_ENT": "21", "CVE_MUN": "200", "NOMGEO": "Xochiapulco", "estado_nombre": "Puebla" }, "geometry": { "type": "Point", "coordinates": [ -97.646783381589216, 19.847951898355802 ] } },
{ "type": "Feature", "properties": { "CVEGEO": "21151", "CVE_ENT": "21", "CVE_MUN": "151", "NOMGEO": "Santo Tomás Hueyotlipan", "estado_nombre": "Puebla" }, "geometry": { "type": "Point", "coordinates": [ -97.865220784814497, 18.887516060939571 ] } },
{ "type": "Feature", "properties": { "CVEGEO": "21159", "CVE_ENT": "21", "CVE_MUN": "159", "NOMGEO": "Teopantlán", "estado_nombre": "Puebla" }, "geometry": { "type": "Point", "coordinates": [ -98.250597847178213, 18.729464478729223 ] } },
{ "type": "Feature", "properties": { "CVEGEO": "21050", "CVE_ENT": "21", "CVE_MUN": "050", "NOMGEO": "Chichiquila", "estado_nombre": "Puebla" }, "geometry": { "type": "Point", "coordinates": [ -97.070086168547093, 19.204724034895953 ] } },
{ "type": "Feature", "properties": { "CVEGEO": "21144", "CVE_ENT": "21", "CVE_MUN": "144", "NOMGEO": "San Salvador Huixcolotla", "estado_nombre": "Puebla" }, "geometry": { "type": "Point", "coordinates": [ -97.772333289197746, 18.926517106382285 ] } },
{ "type": "Feature", "properties": { "CVEGEO": "21051", "CVE_ENT": "21", "CVE_MUN": "051", "NOMGEO": "Chietla", "estado_nombre": "Puebla" }, "geometry": { "type": "Point", "coordinates": [ -98.62590948736856, 18.510367194392764 ] } },
{ "type": "Feature", "properties": { "CVEGEO": "21055", "CVE_ENT": "21", "CVE_MUN": "055", "NOMGEO": "Chila", "estado_nombre": "Puebla" }, "geometry": { "type": "Point", "coordinates": [ -97.879238828605779, 17.960247480827721 ] } },
{ "type": "Feature", "properties": { "CVEGEO": "21056", "CVE_ENT": "21", "CVE_MUN": "056", "NOMGEO": "Chila de la Sal", "estado_nombre": "Puebla" }, "geometry": { "type": "Point", "coordinates": [ -98.470009806998959, 18.139555786682273 ] } },
{ "type": "Feature", "properties": { "CVEGEO": "21057", "CVE_ENT": "21", "CVE_MUN": "057", "NOMGEO": "Honey", "estado_nombre": "Puebla" }, "geometry": { "type": "Point", "coordinates": [ -98.238877544823069, 20.260159748616456 ] } },
{ "type": "Feature", "properties": { "CVEGEO": "21058", "CVE_ENT": "21", "CVE_MUN": "058", "NOMGEO": "Chilchotla", "estado_nombre": "Puebla" }, "geometry": { "type": "Point", "coordinates": [ -97.213563863717184, 19.25827205025665 ] } },
{ "type": "Feature", "properties": { "CVEGEO": "21059", "CVE_ENT": "21", "CVE_MUN": "059", "NOMGEO": "Chinantla", "estado_nombre": "Puebla" }, "geometry": { "type": "Point", "coordinates": [ -98.279587076203484, 18.232930938933631 ] } },
{ "type": "Feature", "properties": { "CVEGEO": "21063", "CVE_ENT": "21", "CVE_MUN": "063", "NOMGEO": "Esperanza", "estado_nombre": "Puebla" }, "geometry": { "type": "Point", "coordinates": [ -97.364625189226643, 18.859032054635485 ] } },
{ "type": "Feature", "properties": { "CVEGEO": "21064", "CVE_ENT": "21", "CVE_MUN": "064", "NOMGEO": "Francisco Z. Mena", "estado_nombre": "Puebla" }, "geometry": { "type": "Point", "coordinates": [ -97.813161865397745, 20.71053503164265 ] } },
{ "type": "Feature", "properties": { "CVEGEO": "21065", "CVE_ENT": "21", "CVE_MUN": "065", "NOMGEO": "General Felipe Ángeles", "estado_nombre": "Puebla" }, "geometry": { "type": "Point", "coordinates": [ -97.667512439903277, 19.020718582352952 ] } },
{ "type": "Feature", "properties": { "CVEGEO": "21066", "CVE_ENT": "21", "CVE_MUN": "066", "NOMGEO": "Guadalupe", "estado_nombre": "Puebla" }, "geometry": { "type": "Point", "coordinates": [ -98.151147399884408, 18.048380118080434 ] } },
{ "type": "Feature", "properties": { "CVEGEO": "21067", "CVE_ENT": "21", "CVE_MUN": "067", "NOMGEO": "Guadalupe Victoria", "estado_nombre": "Puebla" }, "geometry": { "type": "Point", "coordinates": [ -97.380134075340081, 19.316415520422662 ] } },
{ "type": "Feature", "properties": { "CVEGEO": "21070", "CVE_ENT": "21", "CVE_MUN": "070", "NOMGEO": "Huatlatlauca", "estado_nombre": "Puebla" }, "geometry": { "type": "Point", "coordinates": [ -98.067844842849794, 18.683787498467737 ] } },
{ "type": "Feature", "properties": { "CVEGEO": "21071", "CVE_ENT": "21", "CVE_MUN": "071", "NOMGEO": "Huauchinango", "estado_nombre": "Puebla" }, "geometry": { "type": "Point", "coordinates": [ -98.051735340152902, 20.166211415836642 ] } },
{ "type": "Feature", "properties": { "CVEGEO": "21076", "CVE_ENT": "21", "CVE_MUN": "076", "NOMGEO": "Hueytamalco", "estado_nombre": "Puebla" }, "geometry": { "type": "Point", "coordinates": [ -97.310167897468858, 20.030606133933002 ] } },
{ "type": "Feature", "properties": { "CVEGEO": "21038", "CVE_ENT": "21", "CVE_MUN": "038", "NOMGEO": "Cuapiaxtla de Madero", "estado_nombre": "Puebla" }, "geometry": { "type": "Point", "coordinates": [ -97.826375170561846, 18.920186888913786 ] } },
{ "type": "Feature", "properties": { "CVEGEO": "21078", "CVE_ENT": "21", "CVE_MUN": "078", "NOMGEO": "Huitzilan de Serdán", "estado_nombre": "Puebla" }, "geometry": { "type": "Point", "coordinates": [ -97.713300200921239, 19.943748446397066 ] } },
{ "type": "Feature", "properties": { "CVEGEO": "21047", "CVE_ENT": "21", "CVE_MUN": "047", "NOMGEO": "Chiautla", "estado_nombre": "Puebla" }, "geometry": { "type": "Point", "coordinates": [ -98.600619671366502, 18.276495893958629 ] } },
{ "type": "Feature", "properties": { "CVEGEO": "21048", "CVE_ENT": "21", "CVE_MUN": "048", "NOMGEO": "Chiautzingo", "estado_nombre": "Puebla" }, "geometry": { "type": "Point", "coordinates": [ -98.513342973349609, 19.19560226219971 ] } },
{ "type": "Feature", "properties": { "CVEGEO": "21049", "CVE_ENT": "21", "CVE_MUN": "049", "NOMGEO": "Chiconcuautla", "estado_nombre": "Puebla" }, "geometry": { "type": "Point", "coordinates": [ -97.965982980094381, 20.088754643950828 ] } },
{ "type": "Feature", "properties": { "CVEGEO": "21080", "CVE_ENT": "21", "CVE_MUN": "080", "NOMGEO": "Atlequizayan", "estado_nombre": "Puebla" }, "geometry": { "type": "Point", "coordinates": [ -97.62733464331896, 20.014686909167139 ] } },
{ "type": "Feature", "properties": { "CVEGEO": "21132", "CVE_ENT": "21", "CVE_MUN": "132", "NOMGEO": "San Martín Texmelucan", "estado_nombre": "Puebla" }, "geometry": { "type": "Point", "coordinates": [ -98.428512986170801, 19.268956419957149 ] } },
{ "type": "Feature", "properties": { "CVEGEO": "21216", "CVE_ENT": "21", "CVE_MUN": "216", "NOMGEO": "Zoquiapan", "estado_nombre": "Puebla" }, "geometry": { "type": "Point", "coordinates": [ -97.566851500872062, 20.033368638751618 ] } },
{ "type": "Feature", "properties": { "CVEGEO": "21072", "CVE_ENT": "21", "CVE_MUN": "072", "NOMGEO": "Huehuetla", "estado_nombre": "Puebla" }, "geometry": { "type": "Point", "coordinates": [ -97.61947125227735, 20.101530136367359 ] } },
{ "type": "Feature", "properties": { "CVEGEO": "21068", "CVE_ENT": "21", "CVE_MUN": "068", "NOMGEO": "Hermenegildo Galeana", "estado_nombre": "Puebla" }, "geometry": { "type": "Point", "coordinates": [ -97.731182412796144, 20.116764295870922 ] } },
{ "type": "Feature", "properties": { "CVEGEO": "21171", "CVE_ENT": "21", "CVE_MUN": "171", "NOMGEO": "Tepeyahualco de Cuauhtémoc", "estado_nombre": "Puebla" }, "geometry": { "type": "Point", "coordinates": [ -97.866679465384166, 18.806312155541669 ] } },
{ "type": "Feature", "properties": { "CVEGEO": "21062", "CVE_ENT": "21", "CVE_MUN": "062", "NOMGEO": "Epatlán", "estado_nombre": "Puebla" }, "geometry": { "type": "Point", "coordinates": [ -98.376262519196857, 18.615590969462009 ] } },
{ "type": "Feature", "properties": { "CVEGEO": "21061", "CVE_ENT": "21", "CVE_MUN": "061", "NOMGEO": "Eloxochitlán", "estado_nombre": "Puebla" }, "geometry": { "type": "Point", "coordinates": [ -96.926701337062227, 18.506780981395401 ] } },
{ "type": "Feature", "properties": { "CVEGEO": "21060", "CVE_ENT": "21", "CVE_MUN": "060", "NOMGEO": "Domingo Arenas", "estado_nombre": "Puebla" }, "geometry": { "type": "Point", "coordinates": [ -98.44114030243081, 19.132165279912996 ] } },
{ "type": "Feature", "properties": { "CVEGEO": "21181", "CVE_ENT": "21", "CVE_MUN": "181", "NOMGEO": "Tlaltenango", "estado_nombre": "Puebla" }, "geometry": { "type": "Point", "coordinates": [ -98.342842108311643, 19.156496918236808 ] } },
{ "type": "Feature", "properties": { "CVEGEO": "21044", "CVE_ENT": "21", "CVE_MUN": "044", "NOMGEO": "Cuyoaco", "estado_nombre": "Puebla" }, "geometry": { "type": "Point", "coordinates": [ -97.573259214127887, 19.596660145171985 ] } },
{ "type": "Feature", "properties": { "CVEGEO": "21036", "CVE_ENT": "21", "CVE_MUN": "036", "NOMGEO": "Coyomeapan", "estado_nombre": "Puebla" }, "geometry": { "type": "Point", "coordinates": [ -96.965942308026683, 18.282349916494503 ] } },
{ "type": "Feature", "properties": { "CVEGEO": "21191", "CVE_ENT": "21", "CVE_MUN": "191", "NOMGEO": "Tulcingo", "estado_nombre": "Puebla" }, "geometry": { "type": "Point", "coordinates": [ -98.397559340123919, 17.975077859560805 ] } },
{ "type": "Feature", "properties": { "CVEGEO": "21215", "CVE_ENT": "21", "CVE_MUN": "215", "NOMGEO": "Zongozotla", "estado_nombre": "Puebla" }, "geometry": { "type": "Point", "coordinates": [ -97.760523856863614, 19.976540514903263 ] } },
{ "type": "Feature", "properties": { "CVEGEO": "21192", "CVE_ENT": "21", "CVE_MUN": "192", "NOMGEO": "Tuzamapan de Galeana", "estado_nombre": "Puebla" }, "geometry": { "type": "Point", "coordinates": [ -97.530582495427922, 20.103815513911893 ] } },
{ "type": "Feature", "properties": { "CVEGEO": "21193", "CVE_ENT": "21", "CVE_MUN": "193", "NOMGEO": "Tzicatlacoyan", "estado_nombre": "Puebla" }, "geometry": { "type": "Point", "coordinates": [ -98.041735434177042, 18.816196370107235 ] } },
{ "type": "Feature", "properties": { "CVEGEO": "21173", "CVE_ENT": "21", "CVE_MUN": "173", "NOMGEO": "Teteles de Ávila Castillo", "estado_nombre": "Puebla" }, "geometry": { "type": "Point", "coordinates": [ -97.44936338885428, 19.85437095302294 ] } },
{ "type": "Feature", "properties": { "CVEGEO": "21073", "CVE_ENT": "21", "CVE_MUN": "073", "NOMGEO": "Huehuetlán el Chico", "estado_nombre": "Puebla" }, "geometry": { "type": "Point", "coordinates": [ -98.730400890370447, 18.377051067021913 ] } },
{ "type": "Feature", "properties": { "CVEGEO": "21121", "CVE_ENT": "21", "CVE_MUN": "121", "NOMGEO": "San Diego la Mesa Tochimiltzingo", "estado_nombre": "Puebla" }, "geometry": { "type": "Point", "coordinates": [ -98.335862711321141, 18.767414352808991 ] } },
{ "type": "Feature", "properties": { "CVEGEO": "21083", "CVE_ENT": "21", "CVE_MUN": "083", "NOMGEO": "Ixtacamaxtitlán", "estado_nombre": "Puebla" }, "geometry": { "type": "Point", "coordinates": [ -97.858416684266217, 19.624043901408417 ] } },
{ "type": "Feature", "properties": { "CVEGEO": "21081", "CVE_ENT": "21", "CVE_MUN": "081", "NOMGEO": "Ixcamilpa de Guerrero", "estado_nombre": "Puebla" }, "geometry": { "type": "Point", "coordinates": [ -98.712318731888743, 18.034443217473907 ] } },
{ "type": "Feature", "properties": { "CVEGEO": "21075", "CVE_ENT": "21", "CVE_MUN": "075", "NOMGEO": "Hueyapan", "estado_nombre": "Puebla" }, "geometry": { "type": "Point", "coordinates": [ -97.401129493060552, 19.921830053207227 ] } },
{ "type": "Feature", "properties": { "CVEGEO": "21074", "CVE_ENT": "21", "CVE_MUN": "074", "NOMGEO": "Huejotzingo", "estado_nombre": "Puebla" }, "geometry": { "type": "Point", "coordinates": [ -98.448779062681055, 19.16712035208527 ] } },
{ "type": "Feature", "properties": { "CVEGEO": "21111", "CVE_ENT": "21", "CVE_MUN": "111", "NOMGEO": "Pantepec", "estado_nombre": "Puebla" }, "geometry": { "type": "Point", "coordinates": [ -97.876826173088176, 20.55490702136844 ] } },
{ "type": "Feature", "properties": { "CVEGEO": "21089", "CVE_ENT": "21", "CVE_MUN": "089", "NOMGEO": "Jopala", "estado_nombre": "Puebla" }, "geometry": { "type": "Point", "coordinates": [ -97.777978777766393, 20.206400259918528 ] } },
{ "type": "Feature", "properties": { "CVEGEO": "21210", "CVE_ENT": "21", "CVE_MUN": "210", "NOMGEO": "Zapotitlán de Méndez", "estado_nombre": "Puebla" }, "geometry": { "type": "Point", "coordinates": [ -97.692608990278529, 20.004150423619681 ] } },
{ "type": "Feature", "properties": { "CVEGEO": "21136", "CVE_ENT": "21", "CVE_MUN": "136", "NOMGEO": "San Miguel Xoxtla", "estado_nombre": "Puebla" }, "geometry": { "type": "Point", "coordinates": [ -98.306445301888559, 19.172663755685466 ] } },
{ "type": "Feature", "properties": { "CVEGEO": "21077", "CVE_ENT": "21", "CVE_MUN": "077", "NOMGEO": "Hueytlalpan", "estado_nombre": "Puebla" }, "geometry": { "type": "Point", "coordinates": [ -97.684160574995744, 20.04315230068984 ] } },
{ "type": "Feature", "properties": { "CVEGEO": "21088", "CVE_ENT": "21", "CVE_MUN": "088", "NOMGEO": "Jonotla", "estado_nombre": "Puebla" }, "geometry": { "type": "Point", "coordinates": [ -97.526481013155774, 20.078676297665108 ] } },
{ "type": "Feature", "properties": { "CVEGEO": "21131", "CVE_ENT": "21", "CVE_MUN": "131", "NOMGEO": "San Juan Atzompa", "estado_nombre": "Puebla" }, "geometry": { "type": "Point", "coordinates": [ -98.030486989744404, 18.744804142272962 ] } },
{ "type": "Feature", "properties": { "CVEGEO": "21110", "CVE_ENT": "21", "CVE_MUN": "110", "NOMGEO": "Palmar de Bravo", "estado_nombre": "Puebla" }, "geometry": { "type": "Point", "coordinates": [ -97.535576567433949, 18.835006000757836 ] } },
{ "type": "Feature", "properties": { "CVEGEO": "21183", "CVE_ENT": "21", "CVE_MUN": "183", "NOMGEO": "Tlaola", "estado_nombre": "Puebla" }, "geometry": { "type": "Point", "coordinates": [ -97.90980922314516, 20.167309327942501 ] } },
{ "type": "Feature", "properties": { "CVEGEO": "21020", "CVE_ENT": "21", "CVE_MUN": "020", "NOMGEO": "Atoyatempan", "estado_nombre": "Puebla" }, "geometry": { "type": "Point", "coordinates": [ -97.90907448738686, 18.806013705293214 ] } },
{ "type": "Feature", "properties": { "CVEGEO": "21028", "CVE_ENT": "21", "CVE_MUN": "028", "NOMGEO": "Camocuautla", "estado_nombre": "Puebla" }, "geometry": { "type": "Point", "coordinates": [ -97.752947014870486, 20.030827938680723 ] } },
{ "type": "Feature", "properties": { "CVEGEO": "21109", "CVE_ENT": "21", "CVE_MUN": "109", "NOMGEO": "Pahuatlán", "estado_nombre": "Puebla" }, "geometry": { "type": "Point", "coordinates": [ -98.137366450804237, 20.293270551313395 ] } },
{ "type": "Feature", "properties": { "CVEGEO": "21030", "CVE_ENT": "21", "CVE_MUN": "030", "NOMGEO": "Coatepec", "estado_nombre": "Puebla" }, "geometry": { "type": "Point", "coordinates": [ -97.73105072676772, 20.055152694104184 ] } },
{ "type": "Feature", "properties": { "CVEGEO": "21034", "CVE_ENT": "21", "CVE_MUN": "034", "NOMGEO": "Coronango", "estado_nombre": "Puebla" }, "geometry": { "type": "Point", "coordinates": [ -98.291745461151024, 19.135234746233319 ] } },
{ "type": "Feature", "properties": { "CVEGEO": "21090", "CVE_ENT": "21", "CVE_MUN": "090", "NOMGEO": "Juan C. Bonilla", "estado_nombre": "Puebla" }, "geometry": { "type": "Point", "coordinates": [ -98.345460722880858, 19.119326500053049 ] } },
{ "type": "Feature", "properties": { "CVEGEO": "21091", "CVE_ENT": "21", "CVE_MUN": "091", "NOMGEO": "Juan Galindo", "estado_nombre": "Puebla" }, "geometry": { "type": "Point", "coordinates": [ -97.996585922932312, 20.223697819050077 ] } },
{ "type": "Feature", "properties": { "CVEGEO": "21095", "CVE_ENT": "21", "CVE_MUN": "095", "NOMGEO": "La Magdalena Tlatlauquitepec", "estado_nombre": "Puebla" }, "geometry": { "type": "Point", "coordinates": [ -98.102489404561226, 18.741823271129874 ] } },
{ "type": "Feature", "properties": { "CVEGEO": "21102", "CVE_ENT": "21", "CVE_MUN": "102", "NOMGEO": "Nealtican", "estado_nombre": "Puebla" }, "geometry": { "type": "Point", "coordinates": [ -98.447116726597685, 19.061201634724981 ] } },
{ "type": "Feature", "properties": { "CVEGEO": "21103", "CVE_ENT": "21", "CVE_MUN": "103", "NOMGEO": "Nicolás Bravo", "estado_nombre": "Puebla" }, "geometry": { "type": "Point", "coordinates": [ -97.337537475309375, 18.627518759055391 ] } },
{ "type": "Feature", "properties": { "CVEGEO": "21106", "CVE_ENT": "21", "CVE_MUN": "106", "NOMGEO": "Ocoyucan", "estado_nombre": "Puebla" }, "geometry": { "type": "Point", "coordinates": [ -98.319137857665879, 18.931665875318465 ] } },
{ "type": "Feature", "properties": { "CVEGEO": "21107", "CVE_ENT": "21", "CVE_MUN": "107", "NOMGEO": "Olintla", "estado_nombre": "Puebla" }, "geometry": { "type": "Point", "coordinates": [ -97.671818120861175, 20.112427359522968 ] } },
{ "type": "Feature", "properties": { "CVEGEO": "21214", "CVE_ENT": "21", "CVE_MUN": "214", "NOMGEO": "Zinacatepec", "estado_nombre": "Puebla" }, "geometry": { "type": "Point", "coordinates": [ -97.222472600980922, 18.327437794728983 ] } },
{ "type": "Feature", "properties": { "CVEGEO": "21019", "CVE_ENT": "21", "CVE_MUN": "019", "NOMGEO": "Atlixco", "estado_nombre": "Puebla" }, "geometry": { "type": "Point", "coordinates": [ -98.45229219570696, 18.899069914319579 ] } },
{ "type": "Feature", "properties": { "CVEGEO": "21017", "CVE_ENT": "21", "CVE_MUN": "017", "NOMGEO": "Atempan", "estado_nombre": "Puebla" }, "geometry": { "type": "Point", "coordinates": [ -97.44090571214312, 19.811678288316429 ] } },
{ "type": "Feature", "properties": { "CVEGEO": "21024", "CVE_ENT": "21", "CVE_MUN": "024", "NOMGEO": "Axutla", "estado_nombre": "Puebla" }, "geometry": { "type": "Point", "coordinates": [ -98.393508353187912, 18.184683347157499 ] } },
{ "type": "Feature", "properties": { "CVEGEO": "21086", "CVE_ENT": "21", "CVE_MUN": "086", "NOMGEO": "Jalpan", "estado_nombre": "Puebla" }, "geometry": { "type": "Point", "coordinates": [ -97.875947202150925, 20.456147630273712 ] } },
{ "type": "Feature", "properties": { "CVEGEO": "21084", "CVE_ENT": "21", "CVE_MUN": "084", "NOMGEO": "Ixtepec", "estado_nombre": "Puebla" }, "geometry": { "type": "Point", "coordinates": [ -97.641444548406923, 20.040640650731035 ] } },
{ "type": "Feature", "properties": { "CVEGEO": "21150", "CVE_ENT": "21", "CVE_MUN": "150", "NOMGEO": "Huehuetlán el Grande", "estado_nombre": "Puebla" }, "geometry": { "type": "Point", "coordinates": [ -98.156964931987517, 18.757176199495504 ] } },
{ "type": "Feature", "properties": { "CVEGEO": "21082", "CVE_ENT": "21", "CVE_MUN": "082", "NOMGEO": "Ixcaquixtla", "estado_nombre": "Puebla" }, "geometry": { "type": "Point", "coordinates": [ -97.833494076098944, 18.48165769656692 ] } },
{ "type": "Feature", "properties": { "CVEGEO": "21160", "CVE_ENT": "21", "CVE_MUN": "160", "NOMGEO": "Teotlalco", "estado_nombre": "Puebla" }, "geometry": { "type": "Point", "coordinates": [ -98.838740438807434, 18.45045837465176 ] } },
{ "type": "Feature", "properties": { "CVEGEO": "21157", "CVE_ENT": "21", "CVE_MUN": "157", "NOMGEO": "Tehuitzingo", "estado_nombre": "Puebla" }, "geometry": { "type": "Point", "coordinates": [ -98.303951207295086, 18.353190173762069 ] } },
{ "type": "Feature", "properties": { "CVEGEO": "21162", "CVE_ENT": "21", "CVE_MUN": "162", "NOMGEO": "Tepango de Rodríguez", "estado_nombre": "Puebla" }, "geometry": { "type": "Point", "coordinates": [ -97.784327759477733, 20.008457556674177 ] } },
{ "type": "Feature", "properties": { "CVEGEO": "21209", "CVE_ENT": "21", "CVE_MUN": "209", "NOMGEO": "Zapotitlán", "estado_nombre": "Puebla" }, "geometry": { "type": "Point", "coordinates": [ -97.521899276722294, 18.277417288339585 ] } },
{ "type": "Feature", "properties": { "CVEGEO": "21122", "CVE_ENT": "21", "CVE_MUN": "122", "NOMGEO": "San Felipe Teotlalcingo", "estado_nombre": "Puebla" }, "geometry": { "type": "Point", "coordinates": [ -98.525940323774066, 19.231518488558798 ] } },
{ "type": "Feature", "properties": { "CVEGEO": "21182", "CVE_ENT": "21", "CVE_MUN": "182", "NOMGEO": "Tlanepantla", "estado_nombre": "Puebla" }, "geometry": { "type": "Point", "coordinates": [ -97.885320776940389, 18.857010130076105 ] } },
{ "type": "Feature", "properties": { "CVEGEO": "21021", "CVE_ENT": "21", "CVE_MUN": "021", "NOMGEO": "Atzala", "estado_nombre": "Puebla" }, "geometry": { "type": "Point", "coordinates": [ -98.541716366629444, 18.547043898306406 ] } },
{ "type": "Feature", "properties": { "CVEGEO": "21069", "CVE_ENT": "21", "CVE_MUN": "069", "NOMGEO": "Huaquechula", "estado_nombre": "Puebla" }, "geometry": { "type": "Point", "coordinates": [ -98.517174049690993, 18.769286248729351 ] } },
{ "type": "Feature", "properties": { "CVEGEO": "22006", "CVE_ENT": "22", "CVE_MUN": "006", "NOMGEO": "Corregidora", "estado_nombre": "Querétaro" }, "geometry": { "type": "Point", "coordinates": [ -100.44107488663289, 20.485442074820575 ] } },
{ "type": "Feature", "properties": { "CVEGEO": "22011", "CVE_ENT": "22", "CVE_MUN": "011", "NOMGEO": "El Marqués", "estado_nombre": "Querétaro" }, "geometry": { "type": "Point", "coordinates": [ -100.278617513229477, 20.720228288490553 ] } },
{ "type": "Feature", "properties": { "CVEGEO": "22012", "CVE_ENT": "22", "CVE_MUN": "012", "NOMGEO": "Pedro Escobedo", "estado_nombre": "Querétaro" }, "geometry": { "type": "Point", "coordinates": [ -100.172425531082368, 20.471958038099842 ] } },
{ "type": "Feature", "properties": { "CVEGEO": "22001", "CVE_ENT": "22", "CVE_MUN": "001", "NOMGEO": "Amealco de Bonfil", "estado_nombre": "Querétaro" }, "geometry": { "type": "Point", "coordinates": [ -100.098632680919252, 20.1749104697905 ] } },
{ "type": "Feature", "properties": { "CVEGEO": "22005", "CVE_ENT": "22", "CVE_MUN": "005", "NOMGEO": "Colón", "estado_nombre": "Querétaro" }, "geometry": { "type": "Point", "coordinates": [ -100.100570700617951, 20.758267157939155 ] } },
{ "type": "Feature", "properties": { "CVEGEO": "22004", "CVE_ENT": "22", "CVE_MUN": "004", "NOMGEO": "Cadereyta de Montes", "estado_nombre": "Querétaro" }, "geometry": { "type": "Point", "coordinates": [ -99.657026054340847, 20.791384729994807 ] } },
{ "type": "Feature", "properties": { "CVEGEO": "22017", "CVE_ENT": "22", "CVE_MUN": "017", "NOMGEO": "Tequisquiapan", "estado_nombre": "Querétaro" }, "geometry": { "type": "Point", "coordinates": [ -99.95256399038027, 20.551172985767206 ] } },
{ "type": "Feature", "properties": { "CVEGEO": "22003", "CVE_ENT": "22", "CVE_MUN": "003", "NOMGEO": "Arroyo Seco", "estado_nombre": "Querétaro" }, "geometry": { "type": "Point", "coordinates": [ -99.635604329314134, 21.40923859506853 ] } },
{ "type": "Feature", "properties": { "CVEGEO": "22013", "CVE_ENT": "22", "CVE_MUN": "013", "NOMGEO": "Peñamiller", "estado_nombre": "Querétaro" }, "geometry": { "type": "Point", "coordinates": [ -99.829950092771455, 21.097668468187443 ] } },
{ "type": "Feature", "properties": { "CVEGEO": "22007", "CVE_ENT": "22", "CVE_MUN": "007", "NOMGEO": "Ezequiel Montes", "estado_nombre": "Querétaro" }, "geometry": { "type": "Point", "coordinates": [ -99.866688590563001, 20.649282592294838 ] } },
{ "type": "Feature", "properties": { "CVEGEO": "22015", "CVE_ENT": "22", "CVE_MUN": "015", "NOMGEO": "San Joaquín", "estado_nombre": "Querétaro" }, "geometry": { "type": "Point", "coordinates": [ -99.520761201315139, 20.982665302397265 ] } },
{ "type": "Feature", "properties": { "CVEGEO": "22018", "CVE_ENT": "22", "CVE_MUN": "018", "NOMGEO": "Tolimán", "estado_nombre": "Querétaro" }, "geometry": { "type": "Point", "coordinates": [ -99.93444002968215, 20.917961809548768 ] } },
{ "type": "Feature", "properties": { "CVEGEO": "22002", "CVE_ENT": "22", "CVE_MUN": "002", "NOMGEO": "Pinal de Amoles", "estado_nombre": "Querétaro" }, "geometry": { "type": "Point", "coordinates": [ -99.59268801156486, 21.141741847961001 ] } },
{ "type": "Feature", "properties": { "CVEGEO": "22008", "CVE_ENT": "22", "CVE_MUN": "008", "NOMGEO": "Huimilpan", "estado_nombre": "Querétaro" }, "geometry": { "type": "Point", "coordinates": [ -100.314212625807357, 20.403844427819426 ] } },
{ "type": "Feature", "properties": { "CVEGEO": "22016", "CVE_ENT": "22", "CVE_MUN": "016", "NOMGEO": "San Juan del Río", "estado_nombre": "Querétaro" }, "geometry": { "type": "Point", "coordinates": [ -100.000380063553735, 20.368911551982837 ] } },
{ "type": "Feature", "properties": { "CVEGEO": "22014", "CVE_ENT": "22", "CVE_MUN": "014", "NOMGEO": "Querétaro", "estado_nombre": "Querétaro" }, "geometry": { "type": "Point", "coordinates": [ -100.452710294534796, 20.728805377717737 ] } },
{ "type": "Feature", "properties": { "CVEGEO": "22009", "CVE_ENT": "22", "CVE_MUN": "009", "NOMGEO": "Jalpan de Serra", "estado_nombre": "Querétaro" }, "geometry": { "type": "Point", "coordinates": [ -99.331590510427446, 21.374572771910135 ] } },
{ "type": "Feature", "properties": { "CVEGEO": "22010", "CVE_ENT": "22", "CVE_MUN": "010", "NOMGEO": "Landa de Matamoros", "estado_nombre": "Querétaro" }, "geometry": { "type": "Point", "coordinates": [ -99.191825374684598, 21.257685674920751 ] } },
{ "type": "Feature", "properties": { "CVEGEO": "23007", "CVE_ENT": "23", "CVE_MUN": "007", "NOMGEO": "Lázaro Cárdenas", "estado_nombre": "Quintana Roo" }, "geometry": { "type": "Point", "coordinates": [ -87.382799881228294, 21.05841966726469 ] } },
{ "type": "Feature", "properties": { "CVEGEO": "23009", "CVE_ENT": "23", "CVE_MUN": "009", "NOMGEO": "Tulum", "estado_nombre": "Quintana Roo" }, "geometry": { "type": "Point", "coordinates": [ -87.665365633660301, 20.30363096922553 ] } },
{ "type": "Feature", "properties": { "CVEGEO": "23010", "CVE_ENT": "23", "CVE_MUN": "010", "NOMGEO": "Bacalar", "estado_nombre": "Quintana Roo" }, "geometry": { "type": "Point", "coordinates": [ -88.531242985689559, 18.975602076312299 ] } },
{ "type": "Feature", "properties": { "CVEGEO": "23008", "CVE_ENT": "23", "CVE_MUN": "008", "NOMGEO": "Playa del Carmen", "estado_nombre": "Quintana Roo" }, "geometry": { "type": "Point", "coordinates": [ -87.399874732533121, 20.582054723229774 ] } },
{ "type": "Feature", "properties": { "CVEGEO": "23002", "CVE_ENT": "23", "CVE_MUN": "002", "NOMGEO": "Felipe Carrillo Puerto", "estado_nombre": "Quintana Roo" }, "geometry": { "type": "Point", "coordinates": [ -88.055927002449096, 19.669718113591944 ] } },
{ "type": "Feature", "properties": { "CVEGEO": "23006", "CVE_ENT": "23", "CVE_MUN": "006", "NOMGEO": "José María Morelos", "estado_nombre": "Quintana Roo" }, "geometry": { "type": "Point", "coordinates": [ -88.815746864892859, 19.635979953164444 ] } },
{ "type": "Feature", "properties": { "CVEGEO": "23003", "CVE_ENT": "23", "CVE_MUN": "003", "NOMGEO": "Isla Mujeres", "estado_nombre": "Quintana Roo" }, "geometry": { "type": "Point", "coordinates": [ -86.986316064342233, 21.366087705184338 ] } },
{ "type": "Feature", "properties": { "CVEGEO": "23011", "CVE_ENT": "23", "CVE_MUN": "011", "NOMGEO": "Puerto Morelos", "estado_nombre": "Quintana Roo" }, "geometry": { "type": "Point", "coordinates": [ -87.129959866094779, 20.937591138021638 ] } },
{ "type": "Feature", "properties": { "CVEGEO": "23005", "CVE_ENT": "23", "CVE_MUN": "005", "NOMGEO": "Benito Juárez", "estado_nombre": "Quintana Roo" }, "geometry": { "type": "Point", "coordinates": [ -86.940930075084808, 21.07822117041967 ] } },
{ "type": "Feature", "properties": { "CVEGEO": "23001", "CVE_ENT": "23", "CVE_MUN": "001", "NOMGEO": "Cozumel", "estado_nombre": "Quintana Roo" }, "geometry": { "type": "Point", "coordinates": [ -86.908887917150281, 20.445781368842756 ] } },
{ "type": "Feature", "properties": { "CVEGEO": "23004", "CVE_ENT": "23", "CVE_MUN": "004", "NOMGEO": "Othón P. Blanco", "estado_nombre": "Quintana Roo" }, "geometry": { "type": "Point", "coordinates": [ -88.466934652922745, 18.508613159215574 ] } },
{ "type": "Feature", "properties": { "CVEGEO": "24016", "CVE_ENT": "24", "CVE_MUN": "016", "NOMGEO": "Ebano", "estado_nombre": "San Luis Potosí" }, "geometry": { "type": "Point", "coordinates": [ -98.514217549404194, 22.204226502689163 ] } },
{ "type": "Feature", "properties": { "CVEGEO": "24032", "CVE_ENT": "24", "CVE_MUN": "032", "NOMGEO": "Santa María del Río", "estado_nombre": "San Luis Potosí" }, "geometry": { "type": "Point", "coordinates": [ -100.5542327423031, 21.76797670483101 ] } },
{ "type": "Feature", "properties": { "CVEGEO": "24051", "CVE_ENT": "24", "CVE_MUN": "051", "NOMGEO": "Villa Hidalgo", "estado_nombre": "San Luis Potosí" }, "geometry": { "type": "Point", "coordinates": [ -100.673408300039299, 22.640763569335036 ] } },
{ "type": "Feature", "properties": { "CVEGEO": "24029", "CVE_ENT": "24", "CVE_MUN": "029", "NOMGEO": "San Martín Chalchicuautla", "estado_nombre": "San Luis Potosí" }, "geometry": { "type": "Point", "coordinates": [ -98.619503574409208, 21.399786652003964 ] } },
{ "type": "Feature", "properties": { "CVEGEO": "24033", "CVE_ENT": "24", "CVE_MUN": "033", "NOMGEO": "Santo Domingo", "estado_nombre": "San Luis Potosí" }, "geometry": { "type": "Point", "coordinates": [ -101.681111791883524, 23.349619604795979 ] } },
{ "type": "Feature", "properties": { "CVEGEO": "24027", "CVE_ENT": "24", "CVE_MUN": "027", "NOMGEO": "San Ciro de Acosta", "estado_nombre": "San Luis Potosí" }, "geometry": { "type": "Point", "coordinates": [ -99.895583768610763, 21.576145281789124 ] } },
{ "type": "Feature", "properties": { "CVEGEO": "24025", "CVE_ENT": "24", "CVE_MUN": "025", "NOMGEO": "Salinas", "estado_nombre": "San Luis Potosí" }, "geometry": { "type": "Point", "coordinates": [ -101.629141669812682, 22.798116443692752 ] } },
{ "type": "Feature", "properties": { "CVEGEO": "24015", "CVE_ENT": "24", "CVE_MUN": "015", "NOMGEO": "Charcas", "estado_nombre": "San Luis Potosí" }, "geometry": { "type": "Point", "coordinates": [ -101.121377194884943, 23.219138015113966 ] } },
{ "type": "Feature", "properties": { "CVEGEO": "24059", "CVE_ENT": "24", "CVE_MUN": "059", "NOMGEO": "Villa de Pozos", "estado_nombre": "San Luis Potosí" }, "geometry": { "type": "Point", "coordinates": [ -100.825288022911224, 22.100875557429447 ] } },
{ "type": "Feature", "properties": { "CVEGEO": "24013", "CVE_ENT": "24", "CVE_MUN": "013", "NOMGEO": "Ciudad Valles", "estado_nombre": "San Luis Potosí" }, "geometry": { "type": "Point", "coordinates": [ -99.063160815586144, 22.107392556304927 ] } },
{ "type": "Feature", "properties": { "CVEGEO": "24002", "CVE_ENT": "24", "CVE_MUN": "002", "NOMGEO": "Alaquines", "estado_nombre": "San Luis Potosí" }, "geometry": { "type": "Point", "coordinates": [ -99.619504526916472, 22.099925902205946 ] } },
{ "type": "Feature", "properties": { "CVEGEO": "24003", "CVE_ENT": "24", "CVE_MUN": "003", "NOMGEO": "Aquismón", "estado_nombre": "San Luis Potosí" }, "geometry": { "type": "Point", "coordinates": [ -99.111959489805812, 21.723623965603135 ] } },
{ "type": "Feature", "properties": { "CVEGEO": "24004", "CVE_ENT": "24", "CVE_MUN": "004", "NOMGEO": "Armadillo de los Infante", "estado_nombre": "San Luis Potosí" }, "geometry": { "type": "Point", "coordinates": [ -100.63782863964056, 22.269606183219132 ] } },
{ "type": "Feature", "properties": { "CVEGEO": "24028", "CVE_ENT": "24", "CVE_MUN": "028", "NOMGEO": "San Luis Potosí", "estado_nombre": "San Luis Potosí" }, "geometry": { "type": "Point", "coordinates": [ -100.975944334234455, 22.289290315823127 ] } },
{ "type": "Feature", "properties": { "CVEGEO": "24050", "CVE_ENT": "24", "CVE_MUN": "050", "NOMGEO": "Villa de Reyes", "estado_nombre": "San Luis Potosí" }, "geometry": { "type": "Point", "coordinates": [ -100.981535658987426, 21.851761876326293 ] } },
{ "type": "Feature", "properties": { "CVEGEO": "24057", "CVE_ENT": "24", "CVE_MUN": "057", "NOMGEO": "Matlapa", "estado_nombre": "San Luis Potosí" }, "geometry": { "type": "Point", "coordinates": [ -98.837354724446726, 21.32933262076412 ] } },
{ "type": "Feature", "properties": { "CVEGEO": "24049", "CVE_ENT": "24", "CVE_MUN": "049", "NOMGEO": "Villa de Ramos", "estado_nombre": "San Luis Potosí" }, "geometry": { "type": "Point", "coordinates": [ -101.916313049243541, 22.93241750158121 ] } },
{ "type": "Feature", "properties": { "CVEGEO": "24006", "CVE_ENT": "24", "CVE_MUN": "006", "NOMGEO": "Catorce", "estado_nombre": "San Luis Potosí" }, "geometry": { "type": "Point", "coordinates": [ -101.05651511501911, 23.645498053396587 ] } },
{ "type": "Feature", "properties": { "CVEGEO": "24018", "CVE_ENT": "24", "CVE_MUN": "018", "NOMGEO": "Huehuetlán", "estado_nombre": "San Luis Potosí" }, "geometry": { "type": "Point", "coordinates": [ -98.983184224813087, 21.526006514763605 ] } },
{ "type": "Feature", "properties": { "CVEGEO": "24037", "CVE_ENT": "24", "CVE_MUN": "037", "NOMGEO": "Tamazunchale", "estado_nombre": "San Luis Potosí" }, "geometry": { "type": "Point", "coordinates": [ -98.784719971805259, 21.241306944632889 ] } },
{ "type": "Feature", "properties": { "CVEGEO": "24038", "CVE_ENT": "24", "CVE_MUN": "038", "NOMGEO": "Tampacán", "estado_nombre": "San Luis Potosí" }, "geometry": { "type": "Point", "coordinates": [ -98.745741745312017, 21.417651662965159 ] } },
{ "type": "Feature", "properties": { "CVEGEO": "24020", "CVE_ENT": "24", "CVE_MUN": "020", "NOMGEO": "Matehuala", "estado_nombre": "San Luis Potosí" }, "geometry": { "type": "Point", "coordinates": [ -100.587268684944348, 23.513362742719792 ] } },
{ "type": "Feature", "properties": { "CVEGEO": "24001", "CVE_ENT": "24", "CVE_MUN": "001", "NOMGEO": "Ahualulco del Sonido 13", "estado_nombre": "San Luis Potosí" }, "geometry": { "type": "Point", "coordinates": [ -101.25331104874563, 22.45053295787605 ] } },
{ "type": "Feature", "properties": { "CVEGEO": "24045", "CVE_ENT": "24", "CVE_MUN": "045", "NOMGEO": "Venado", "estado_nombre": "San Luis Potosí" }, "geometry": { "type": "Point", "coordinates": [ -101.095122604952493, 22.925135455542247 ] } },
{ "type": "Feature", "properties": { "CVEGEO": "24026", "CVE_ENT": "24", "CVE_MUN": "026", "NOMGEO": "San Antonio", "estado_nombre": "San Luis Potosí" }, "geometry": { "type": "Point", "coordinates": [ -98.841535174847053, 21.629209689418527 ] } },
{ "type": "Feature", "properties": { "CVEGEO": "24044", "CVE_ENT": "24", "CVE_MUN": "044", "NOMGEO": "Vanegas", "estado_nombre": "San Luis Potosí" }, "geometry": { "type": "Point", "coordinates": [ -100.91405869086438, 24.110522741713449 ] } },
{ "type": "Feature", "properties": { "CVEGEO": "24039", "CVE_ENT": "24", "CVE_MUN": "039", "NOMGEO": "Tampamolón Corona", "estado_nombre": "San Luis Potosí" }, "geometry": { "type": "Point", "coordinates": [ -98.77065974841409, 21.554579338636216 ] } },
{ "type": "Feature", "properties": { "CVEGEO": "24048", "CVE_ENT": "24", "CVE_MUN": "048", "NOMGEO": "Villa de la Paz", "estado_nombre": "San Luis Potosí" }, "geometry": { "type": "Point", "coordinates": [ -100.75687082828226, 23.664919949273049 ] } },
{ "type": "Feature", "properties": { "CVEGEO": "24055", "CVE_ENT": "24", "CVE_MUN": "055", "NOMGEO": "Zaragoza", "estado_nombre": "San Luis Potosí" }, "geometry": { "type": "Point", "coordinates": [ -100.676720467907217, 22.008173518431473 ] } },
{ "type": "Feature", "properties": { "CVEGEO": "24054", "CVE_ENT": "24", "CVE_MUN": "054", "NOMGEO": "Xilitla", "estado_nombre": "San Luis Potosí" }, "geometry": { "type": "Point", "coordinates": [ -99.025405415544682, 21.385886967494333 ] } },
{ "type": "Feature", "properties": { "CVEGEO": "24053", "CVE_ENT": "24", "CVE_MUN": "053", "NOMGEO": "Axtla de Terrazas", "estado_nombre": "San Luis Potosí" }, "geometry": { "type": "Point", "coordinates": [ -98.86921306443746, 21.42618036552448 ] } },
{ "type": "Feature", "properties": { "CVEGEO": "24052", "CVE_ENT": "24", "CVE_MUN": "052", "NOMGEO": "Villa Juárez", "estado_nombre": "San Luis Potosí" }, "geometry": { "type": "Point", "coordinates": [ -100.197345373279617, 22.289232304194371 ] } },
{ "type": "Feature", "properties": { "CVEGEO": "24019", "CVE_ENT": "24", "CVE_MUN": "019", "NOMGEO": "Lagunillas", "estado_nombre": "San Luis Potosí" }, "geometry": { "type": "Point", "coordinates": [ -99.609496753534572, 21.614933440734603 ] } },
{ "type": "Feature", "properties": { "CVEGEO": "24014", "CVE_ENT": "24", "CVE_MUN": "014", "NOMGEO": "Coxcatlán", "estado_nombre": "San Luis Potosí" }, "geometry": { "type": "Point", "coordinates": [ -98.905826766824873, 21.514989592313015 ] } },
{ "type": "Feature", "properties": { "CVEGEO": "24017", "CVE_ENT": "24", "CVE_MUN": "017", "NOMGEO": "Guadalcázar", "estado_nombre": "San Luis Potosí" }, "geometry": { "type": "Point", "coordinates": [ -100.303713671785587, 22.866529428392898 ] } },
{ "type": "Feature", "properties": { "CVEGEO": "24008", "CVE_ENT": "24", "CVE_MUN": "008", "NOMGEO": "Cerritos", "estado_nombre": "San Luis Potosí" }, "geometry": { "type": "Point", "coordinates": [ -100.277336621918238, 22.444783760242306 ] } },
{ "type": "Feature", "properties": { "CVEGEO": "24056", "CVE_ENT": "24", "CVE_MUN": "056", "NOMGEO": "Villa de Arista", "estado_nombre": "San Luis Potosí" }, "geometry": { "type": "Point", "coordinates": [ -100.804387519408323, 22.659930965130826 ] } },
{ "type": "Feature", "properties": { "CVEGEO": "24034", "CVE_ENT": "24", "CVE_MUN": "034", "NOMGEO": "San Vicente Tancuayalab", "estado_nombre": "San Luis Potosí" }, "geometry": { "type": "Point", "coordinates": [ -98.597854528942108, 21.799793729474793 ] } },
{ "type": "Feature", "properties": { "CVEGEO": "24010", "CVE_ENT": "24", "CVE_MUN": "010", "NOMGEO": "Ciudad del Maíz", "estado_nombre": "San Luis Potosí" }, "geometry": { "type": "Point", "coordinates": [ -99.717531750252647, 22.439145173824436 ] } },
{ "type": "Feature", "properties": { "CVEGEO": "24046", "CVE_ENT": "24", "CVE_MUN": "046", "NOMGEO": "Villa de Arriaga", "estado_nombre": "San Luis Potosí" }, "geometry": { "type": "Point", "coordinates": [ -101.273152905898201, 21.968619159236649 ] } },
{ "type": "Feature", "properties": { "CVEGEO": "24047", "CVE_ENT": "24", "CVE_MUN": "047", "NOMGEO": "Villa de Guadalupe", "estado_nombre": "San Luis Potosí" }, "geometry": { "type": "Point", "coordinates": [ -100.717569286502169, 23.212679374844157 ] } },
{ "type": "Feature", "properties": { "CVEGEO": "24024", "CVE_ENT": "24", "CVE_MUN": "024", "NOMGEO": "Rioverde", "estado_nombre": "San Luis Potosí" }, "geometry": { "type": "Point", "coordinates": [ -100.034519442609209, 21.961928180434544 ] } },
{ "type": "Feature", "properties": { "CVEGEO": "24023", "CVE_ENT": "24", "CVE_MUN": "023", "NOMGEO": "Rayón", "estado_nombre": "San Luis Potosí" }, "geometry": { "type": "Point", "coordinates": [ -99.616808825295664, 21.824095444389304 ] } },
{ "type": "Feature", "properties": { "CVEGEO": "24022", "CVE_ENT": "24", "CVE_MUN": "022", "NOMGEO": "Moctezuma", "estado_nombre": "San Luis Potosí" }, "geometry": { "type": "Point", "coordinates": [ -101.171073833263023, 22.733350456065317 ] } },
{ "type": "Feature", "properties": { "CVEGEO": "24009", "CVE_ENT": "24", "CVE_MUN": "009", "NOMGEO": "Cerro de San Pedro", "estado_nombre": "San Luis Potosí" }, "geometry": { "type": "Point", "coordinates": [ -100.777988162302805, 22.192325212725727 ] } },
{ "type": "Feature", "properties": { "CVEGEO": "24036", "CVE_ENT": "24", "CVE_MUN": "036", "NOMGEO": "Tamasopo", "estado_nombre": "San Luis Potosí" }, "geometry": { "type": "Point", "coordinates": [ -99.356097739097095, 21.933150164361503 ] } },
{ "type": "Feature", "properties": { "CVEGEO": "24007", "CVE_ENT": "24", "CVE_MUN": "007", "NOMGEO": "Cedral", "estado_nombre": "San Luis Potosí" }, "geometry": { "type": "Point", "coordinates": [ -100.673746388300657, 23.930354372985711 ] } },
{ "type": "Feature", "properties": { "CVEGEO": "24043", "CVE_ENT": "24", "CVE_MUN": "043", "NOMGEO": "Tierra Nueva", "estado_nombre": "San Luis Potosí" }, "geometry": { "type": "Point", "coordinates": [ -100.497420379842794, 21.664237499894007 ] } },
{ "type": "Feature", "properties": { "CVEGEO": "24042", "CVE_ENT": "24", "CVE_MUN": "042", "NOMGEO": "Tanquián de Escobedo", "estado_nombre": "San Luis Potosí" }, "geometry": { "type": "Point", "coordinates": [ -98.664723896944764, 21.607288564769309 ] } },
{ "type": "Feature", "properties": { "CVEGEO": "24012", "CVE_ENT": "24", "CVE_MUN": "012", "NOMGEO": "Tancanhuitz", "estado_nombre": "San Luis Potosí" }, "geometry": { "type": "Point", "coordinates": [ -98.95970283036425, 21.631661291923205 ] } },
{ "type": "Feature", "properties": { "CVEGEO": "24035", "CVE_ENT": "24", "CVE_MUN": "035", "NOMGEO": "Soledad de Graciano Sánchez", "estado_nombre": "San Luis Potosí" }, "geometry": { "type": "Point", "coordinates": [ -100.855131300763645, 22.27163197241908 ] } },
{ "type": "Feature", "properties": { "CVEGEO": "24041", "CVE_ENT": "24", "CVE_MUN": "041", "NOMGEO": "Tanlajás", "estado_nombre": "San Luis Potosí" }, "geometry": { "type": "Point", "coordinates": [ -98.826101858991819, 21.72279292933802 ] } },
{ "type": "Feature", "properties": { "CVEGEO": "24021", "CVE_ENT": "24", "CVE_MUN": "021", "NOMGEO": "Mexquitic de Carmona", "estado_nombre": "San Luis Potosí" }, "geometry": { "type": "Point", "coordinates": [ -101.156692639212466, 22.25904330274005 ] } },
{ "type": "Feature", "properties": { "CVEGEO": "24058", "CVE_ENT": "24", "CVE_MUN": "058", "NOMGEO": "El Naranjo", "estado_nombre": "San Luis Potosí" }, "geometry": { "type": "Point", "coordinates": [ -99.365991211355009, 22.490104102159695 ] } },
{ "type": "Feature", "properties": { "CVEGEO": "24005", "CVE_ENT": "24", "CVE_MUN": "005", "NOMGEO": "Cárdenas", "estado_nombre": "San Luis Potosí" }, "geometry": { "type": "Point", "coordinates": [ -99.67599288427752, 21.990523841246343 ] } },
{ "type": "Feature", "properties": { "CVEGEO": "24030", "CVE_ENT": "24", "CVE_MUN": "030", "NOMGEO": "San Nicolás Tolentino", "estado_nombre": "San Luis Potosí" }, "geometry": { "type": "Point", "coordinates": [ -100.457769022034768, 22.169511977848941 ] } },
{ "type": "Feature", "properties": { "CVEGEO": "24040", "CVE_ENT": "24", "CVE_MUN": "040", "NOMGEO": "Tamuín", "estado_nombre": "San Luis Potosí" }, "geometry": { "type": "Point", "coordinates": [ -98.73532950638203, 22.093619601816957 ] } },
{ "type": "Feature", "properties": { "CVEGEO": "24011", "CVE_ENT": "24", "CVE_MUN": "011", "NOMGEO": "Ciudad Fernández", "estado_nombre": "San Luis Potosí" }, "geometry": { "type": "Point", "coordinates": [ -100.211595160509361, 22.015813494146574 ] } },
{ "type": "Feature", "properties": { "CVEGEO": "24031", "CVE_ENT": "24", "CVE_MUN": "031", "NOMGEO": "Santa Catarina", "estado_nombre": "San Luis Potosí" }, "geometry": { "type": "Point", "coordinates": [ -99.406026086512824, 21.58855358429215 ] } },
{ "type": "Feature", "properties": { "CVEGEO": "25016", "CVE_ENT": "25", "CVE_MUN": "016", "NOMGEO": "San Ignacio", "estado_nombre": "Sinaloa" }, "geometry": { "type": "Point", "coordinates": [ -106.370185042867817, 23.954486333251168 ] } },
{ "type": "Feature", "properties": { "CVEGEO": "25015", "CVE_ENT": "25", "CVE_MUN": "015", "NOMGEO": "Salvador Alvarado", "estado_nombre": "Sinaloa" }, "geometry": { "type": "Point", "coordinates": [ -108.076049517207679, 25.418455039293317 ] } },
{ "type": "Feature", "properties": { "CVEGEO": "25019", "CVE_ENT": "25", "CVE_MUN": "019", "NOMGEO": "Eldorado", "estado_nombre": "Sinaloa" }, "geometry": { "type": "Point", "coordinates": [ -107.40468194606261, 24.354342658485578 ] } },
{ "type": "Feature", "properties": { "CVEGEO": "25020", "CVE_ENT": "25", "CVE_MUN": "020", "NOMGEO": "Juan José Ríos", "estado_nombre": "Sinaloa" }, "geometry": { "type": "Point", "coordinates": [ -108.855500632576437, 25.689704635108452 ] } },
{ "type": "Feature", "properties": { "CVEGEO": "25002", "CVE_ENT": "25", "CVE_MUN": "002", "NOMGEO": "Angostura", "estado_nombre": "Sinaloa" }, "geometry": { "type": "Point", "coordinates": [ -108.141742480943293, 25.146040844327452 ] } },
{ "type": "Feature", "properties": { "CVEGEO": "25018", "CVE_ENT": "25", "CVE_MUN": "018", "NOMGEO": "Navolato", "estado_nombre": "Sinaloa" }, "geometry": { "type": "Point", "coordinates": [ -107.764820108499038, 24.723190669110469 ] } },
{ "type": "Feature", "properties": { "CVEGEO": "25010", "CVE_ENT": "25", "CVE_MUN": "010", "NOMGEO": "El Fuerte", "estado_nombre": "Sinaloa" }, "geometry": { "type": "Point", "coordinates": [ -108.67837770367781, 26.261960067135433 ] } },
{ "type": "Feature", "properties": { "CVEGEO": "25009", "CVE_ENT": "25", "CVE_MUN": "009", "NOMGEO": "Escuinapa", "estado_nombre": "Sinaloa" }, "geometry": { "type": "Point", "coordinates": [ -105.685868408234185, 22.723998760001127 ] } },
{ "type": "Feature", "properties": { "CVEGEO": "25013", "CVE_ENT": "25", "CVE_MUN": "013", "NOMGEO": "Mocorito", "estado_nombre": "Sinaloa" }, "geometry": { "type": "Point", "coordinates": [ -107.779586514659528, 25.359920941984321 ] } },
{ "type": "Feature", "properties": { "CVEGEO": "25011", "CVE_ENT": "25", "CVE_MUN": "011", "NOMGEO": "Guasave", "estado_nombre": "Sinaloa" }, "geometry": { "type": "Point", "coordinates": [ -108.549129323329055, 25.518075505942122 ] } },
{ "type": "Feature", "properties": { "CVEGEO": "25001", "CVE_ENT": "25", "CVE_MUN": "001", "NOMGEO": "Ahome", "estado_nombre": "Sinaloa" }, "geometry": { "type": "Point", "coordinates": [ -109.162234969165326, 25.93527570733243 ] } },
{ "type": "Feature", "properties": { "CVEGEO": "25007", "CVE_ENT": "25", "CVE_MUN": "007", "NOMGEO": "Choix", "estado_nombre": "Sinaloa" }, "geometry": { "type": "Point", "coordinates": [ -108.277041682276533, 26.680306412824898 ] } },
{ "type": "Feature", "properties": { "CVEGEO": "25008", "CVE_ENT": "25", "CVE_MUN": "008", "NOMGEO": "Elota", "estado_nombre": "Sinaloa" }, "geometry": { "type": "Point", "coordinates": [ -106.842149016467644, 24.043380019016684 ] } },
{ "type": "Feature", "properties": { "CVEGEO": "25012", "CVE_ENT": "25", "CVE_MUN": "012", "NOMGEO": "Mazatlán", "estado_nombre": "Sinaloa" }, "geometry": { "type": "Point", "coordinates": [ -106.306029055740709, 23.468302638050002 ] } },
{ "type": "Feature", "properties": { "CVEGEO": "25006", "CVE_ENT": "25", "CVE_MUN": "006", "NOMGEO": "Culiacán", "estado_nombre": "Sinaloa" }, "geometry": { "type": "Point", "coordinates": [ -107.252942879709849, 24.681225132584942 ] } },
{ "type": "Feature", "properties": { "CVEGEO": "25005", "CVE_ENT": "25", "CVE_MUN": "005", "NOMGEO": "Cosalá", "estado_nombre": "Sinaloa" }, "geometry": { "type": "Point", "coordinates": [ -106.799435131555015, 24.481483759908055 ] } },
{ "type": "Feature", "properties": { "CVEGEO": "25014", "CVE_ENT": "25", "CVE_MUN": "014", "NOMGEO": "Rosario", "estado_nombre": "Sinaloa" }, "geometry": { "type": "Point", "coordinates": [ -105.805351845946177, 23.056205543276587 ] } },
{ "type": "Feature", "properties": { "CVEGEO": "25004", "CVE_ENT": "25", "CVE_MUN": "004", "NOMGEO": "Concordia", "estado_nombre": "Sinaloa" }, "geometry": { "type": "Point", "coordinates": [ -105.991787780414143, 23.414168658504433 ] } },
{ "type": "Feature", "properties": { "CVEGEO": "25017", "CVE_ENT": "25", "CVE_MUN": "017", "NOMGEO": "Sinaloa", "estado_nombre": "Sinaloa" }, "geometry": { "type": "Point", "coordinates": [ -108.108836010123937, 25.969098344372885 ] } },
{ "type": "Feature", "properties": { "CVEGEO": "25003", "CVE_ENT": "25", "CVE_MUN": "003", "NOMGEO": "Badiraguato", "estado_nombre": "Sinaloa" }, "geometry": { "type": "Point", "coordinates": [ -107.395964729443037, 25.590854723712098 ] } },
{ "type": "Feature", "properties": { "CVEGEO": "26037", "CVE_ENT": "26", "CVE_MUN": "037", "NOMGEO": "Mazatán", "estado_nombre": "Sonora" }, "geometry": { "type": "Point", "coordinates": [ -110.209643779605116, 28.960071618169028 ] } },
{ "type": "Feature", "properties": { "CVEGEO": "26036", "CVE_ENT": "26", "CVE_MUN": "036", "NOMGEO": "Magdalena", "estado_nombre": "Sonora" }, "geometry": { "type": "Point", "coordinates": [ -111.021441007237982, 30.731382896413631 ] } },
{ "type": "Feature", "properties": { "CVEGEO": "26021", "CVE_ENT": "26", "CVE_MUN": "021", "NOMGEO": "La Colorada", "estado_nombre": "Sonora" }, "geometry": { "type": "Point", "coordinates": [ -110.382695261596623, 28.724311970436094 ] } },
{ "type": "Feature", "properties": { "CVEGEO": "26054", "CVE_ENT": "26", "CVE_MUN": "054", "NOMGEO": "San Javier", "estado_nombre": "Sonora" }, "geometry": { "type": "Point", "coordinates": [ -109.758696352287629, 28.609534829349951 ] } },
{ "type": "Feature", "properties": { "CVEGEO": "26068", "CVE_ENT": "26", "CVE_MUN": "068", "NOMGEO": "Villa Pesqueira", "estado_nombre": "Sonora" }, "geometry": { "type": "Point", "coordinates": [ -109.970585544708698, 29.08680698707418 ] } },
{ "type": "Feature", "properties": { "CVEGEO": "26046", "CVE_ENT": "26", "CVE_MUN": "046", "NOMGEO": "Oquitoa", "estado_nombre": "Sonora" }, "geometry": { "type": "Point", "coordinates": [ -111.655346197708468, 30.761600222631131 ] } },
{ "type": "Feature", "properties": { "CVEGEO": "26045", "CVE_ENT": "26", "CVE_MUN": "045", "NOMGEO": "Opodepe", "estado_nombre": "Sonora" }, "geometry": { "type": "Point", "coordinates": [ -110.820479146322356, 30.029230586367852 ] } },
{ "type": "Feature", "properties": { "CVEGEO": "26041", "CVE_ENT": "26", "CVE_MUN": "041", "NOMGEO": "Nacozari de García", "estado_nombre": "Sonora" }, "geometry": { "type": "Point", "coordinates": [ -109.479771185788564, 30.487183051115579 ] } },
{ "type": "Feature", "properties": { "CVEGEO": "26033", "CVE_ENT": "26", "CVE_MUN": "033", "NOMGEO": "Huatabampo", "estado_nombre": "Sonora" }, "geometry": { "type": "Point", "coordinates": [ -109.403346846995632, 26.648638802461903 ] } },
{ "type": "Feature", "properties": { "CVEGEO": "26034", "CVE_ENT": "26", "CVE_MUN": "034", "NOMGEO": "Huépac", "estado_nombre": "Sonora" }, "geometry": { "type": "Point", "coordinates": [ -110.24517347291291, 29.930310250740668 ] } },
{ "type": "Feature", "properties": { "CVEGEO": "26014", "CVE_ENT": "26", "CVE_MUN": "014", "NOMGEO": "Baviácora", "estado_nombre": "Sonora" }, "geometry": { "type": "Point", "coordinates": [ -110.119807122525359, 29.624619981632403 ] } },
{ "type": "Feature", "properties": { "CVEGEO": "26026", "CVE_ENT": "26", "CVE_MUN": "026", "NOMGEO": "Etchojoa", "estado_nombre": "Sonora" }, "geometry": { "type": "Point", "coordinates": [ -109.688572654089668, 27.015130763918503 ] } },
{ "type": "Feature", "properties": { "CVEGEO": "26016", "CVE_ENT": "26", "CVE_MUN": "016", "NOMGEO": "Benjamín Hill", "estado_nombre": "Sonora" }, "geometry": { "type": "Point", "coordinates": [ -111.211409339002714, 30.17022408801072 ] } },
{ "type": "Feature", "properties": { "CVEGEO": "26044", "CVE_ENT": "26", "CVE_MUN": "044", "NOMGEO": "Ónavas", "estado_nombre": "Sonora" }, "geometry": { "type": "Point", "coordinates": [ -109.492108260748893, 28.457298294979061 ] } },
{ "type": "Feature", "properties": { "CVEGEO": "26047", "CVE_ENT": "26", "CVE_MUN": "047", "NOMGEO": "Pitiquito", "estado_nombre": "Sonora" }, "geometry": { "type": "Point", "coordinates": [ -112.094134505499753, 29.95169495137533 ] } },
{ "type": "Feature", "properties": { "CVEGEO": "26043", "CVE_ENT": "26", "CVE_MUN": "043", "NOMGEO": "Nogales", "estado_nombre": "Sonora" }, "geometry": { "type": "Point", "coordinates": [ -111.002443553189025, 31.198834454016186 ] } },
{ "type": "Feature", "properties": { "CVEGEO": "26071", "CVE_ENT": "26", "CVE_MUN": "071", "NOMGEO": "Benito Juárez", "estado_nombre": "Sonora" }, "geometry": { "type": "Point", "coordinates": [ -109.851444060338736, 27.106401753956074 ] } },
{ "type": "Feature", "properties": { "CVEGEO": "26029", "CVE_ENT": "26", "CVE_MUN": "029", "NOMGEO": "Guaymas", "estado_nombre": "Sonora" }, "geometry": { "type": "Point", "coordinates": [ -110.625969831810849, 28.14275560033046 ] } },
{ "type": "Feature", "properties": { "CVEGEO": "26069", "CVE_ENT": "26", "CVE_MUN": "069", "NOMGEO": "Yécora", "estado_nombre": "Sonora" }, "geometry": { "type": "Point", "coordinates": [ -108.965248314279947, 28.419834508211895 ] } },
{ "type": "Feature", "properties": { "CVEGEO": "26025", "CVE_ENT": "26", "CVE_MUN": "025", "NOMGEO": "Empalme", "estado_nombre": "Sonora" }, "geometry": { "type": "Point", "coordinates": [ -110.668773428837667, 28.00845711239668 ] } },
{ "type": "Feature", "properties": { "CVEGEO": "26039", "CVE_ENT": "26", "CVE_MUN": "039", "NOMGEO": "Naco", "estado_nombre": "Sonora" }, "geometry": { "type": "Point", "coordinates": [ -109.957208486861603, 31.229498587903979 ] } },
{ "type": "Feature", "properties": { "CVEGEO": "26055", "CVE_ENT": "26", "CVE_MUN": "055", "NOMGEO": "San Luis Río Colorado", "estado_nombre": "Sonora" }, "geometry": { "type": "Point", "coordinates": [ -114.35121932379289, 32.016674162193084 ] } },
{ "type": "Feature", "properties": { "CVEGEO": "26030", "CVE_ENT": "26", "CVE_MUN": "030", "NOMGEO": "Hermosillo", "estado_nombre": "Sonora" }, "geometry": { "type": "Point", "coordinates": [ -111.473210834361808, 29.024027303812588 ] } },
{ "type": "Feature", "properties": { "CVEGEO": "26035", "CVE_ENT": "26", "CVE_MUN": "035", "NOMGEO": "Imuris", "estado_nombre": "Sonora" }, "geometry": { "type": "Point", "coordinates": [ -110.74578251174708, 30.847341383719307 ] } },
{ "type": "Feature", "properties": { "CVEGEO": "26022", "CVE_ENT": "26", "CVE_MUN": "022", "NOMGEO": "Cucurpe", "estado_nombre": "Sonora" }, "geometry": { "type": "Point", "coordinates": [ -110.630579586809105, 30.411537665078377 ] } },
{ "type": "Feature", "properties": { "CVEGEO": "26050", "CVE_ENT": "26", "CVE_MUN": "050", "NOMGEO": "Rayón", "estado_nombre": "Sonora" }, "geometry": { "type": "Point", "coordinates": [ -110.544979573026097, 29.753531999776463 ] } },
{ "type": "Feature", "properties": { "CVEGEO": "26013", "CVE_ENT": "26", "CVE_MUN": "013", "NOMGEO": "Banámichi", "estado_nombre": "Sonora" }, "geometry": { "type": "Point", "coordinates": [ -110.273271933445869, 30.061010297768096 ] } },
{ "type": "Feature", "properties": { "CVEGEO": "26012", "CVE_ENT": "26", "CVE_MUN": "012", "NOMGEO": "Bácum", "estado_nombre": "Sonora" }, "geometry": { "type": "Point", "coordinates": [ -110.159122797874133, 27.743844892676986 ] } },
{ "type": "Feature", "properties": { "CVEGEO": "26032", "CVE_ENT": "26", "CVE_MUN": "032", "NOMGEO": "Huásabas", "estado_nombre": "Sonora" }, "geometry": { "type": "Point", "coordinates": [ -109.381412070972431, 29.975508779370699 ] } },
{ "type": "Feature", "properties": { "CVEGEO": "26053", "CVE_ENT": "26", "CVE_MUN": "053", "NOMGEO": "San Felipe de Jesús", "estado_nombre": "Sonora" }, "geometry": { "type": "Point", "coordinates": [ -110.329361973366588, 29.876432731611438 ] } },
{ "type": "Feature", "properties": { "CVEGEO": "26048", "CVE_ENT": "26", "CVE_MUN": "048", "NOMGEO": "Puerto Peñasco", "estado_nombre": "Sonora" }, "geometry": { "type": "Point", "coordinates": [ -113.293164287333013, 31.529391932323552 ] } },
{ "type": "Feature", "properties": { "CVEGEO": "26057", "CVE_ENT": "26", "CVE_MUN": "057", "NOMGEO": "San Pedro de la Cueva", "estado_nombre": "Sonora" }, "geometry": { "type": "Point", "coordinates": [ -109.671144851867354, 29.265797655481709 ] } },
{ "type": "Feature", "properties": { "CVEGEO": "26065", "CVE_ENT": "26", "CVE_MUN": "065", "NOMGEO": "Tubutama", "estado_nombre": "Sonora" }, "geometry": { "type": "Point", "coordinates": [ -111.402829275208902, 30.921334549050631 ] } },
{ "type": "Feature", "properties": { "CVEGEO": "26066", "CVE_ENT": "26", "CVE_MUN": "066", "NOMGEO": "Ures", "estado_nombre": "Sonora" }, "geometry": { "type": "Point", "coordinates": [ -110.329199028341307, 29.342168756981753 ] } },
{ "type": "Feature", "properties": { "CVEGEO": "26070", "CVE_ENT": "26", "CVE_MUN": "070", "NOMGEO": "General Plutarco Elías Calles", "estado_nombre": "Sonora" }, "geometry": { "type": "Point", "coordinates": [ -112.908288251179982, 31.719990076290568 ] } },
{ "type": "Feature", "properties": { "CVEGEO": "26072", "CVE_ENT": "26", "CVE_MUN": "072", "NOMGEO": "San Ignacio Río Muerto", "estado_nombre": "Sonora" }, "geometry": { "type": "Point", "coordinates": [ -110.33912192263945, 27.359852570931466 ] } },
{ "type": "Feature", "properties": { "CVEGEO": "26058", "CVE_ENT": "26", "CVE_MUN": "058", "NOMGEO": "Santa Ana", "estado_nombre": "Sonora" }, "geometry": { "type": "Point", "coordinates": [ -111.058985778000334, 30.451639695881394 ] } },
{ "type": "Feature", "properties": { "CVEGEO": "26017", "CVE_ENT": "26", "CVE_MUN": "017", "NOMGEO": "Caborca", "estado_nombre": "Sonora" }, "geometry": { "type": "Point", "coordinates": [ -112.539559391705041, 30.824882928473254 ] } },
{ "type": "Feature", "properties": { "CVEGEO": "26009", "CVE_ENT": "26", "CVE_MUN": "009", "NOMGEO": "Bacanora", "estado_nombre": "Sonora" }, "geometry": { "type": "Point", "coordinates": [ -109.385624936514304, 28.892996273628057 ] } },
{ "type": "Feature", "properties": { "CVEGEO": "26020", "CVE_ENT": "26", "CVE_MUN": "020", "NOMGEO": "Carbó", "estado_nombre": "Sonora" }, "geometry": { "type": "Point", "coordinates": [ -111.072284450841977, 29.719583622643306 ] } },
{ "type": "Feature", "properties": { "CVEGEO": "26015", "CVE_ENT": "26", "CVE_MUN": "015", "NOMGEO": "Bavispe", "estado_nombre": "Sonora" }, "geometry": { "type": "Point", "coordinates": [ -109.006486416884826, 30.617820919117882 ] } },
{ "type": "Feature", "properties": { "CVEGEO": "26059", "CVE_ENT": "26", "CVE_MUN": "059", "NOMGEO": "Santa Cruz", "estado_nombre": "Sonora" }, "geometry": { "type": "Point", "coordinates": [ -110.548818711066446, 31.192030620277944 ] } },
{ "type": "Feature", "properties": { "CVEGEO": "26060", "CVE_ENT": "26", "CVE_MUN": "060", "NOMGEO": "Sáric", "estado_nombre": "Sonora" }, "geometry": { "type": "Point", "coordinates": [ -111.454052597481834, 31.281762378654317 ] } },
{ "type": "Feature", "properties": { "CVEGEO": "26001", "CVE_ENT": "26", "CVE_MUN": "001", "NOMGEO": "Aconchi", "estado_nombre": "Sonora" }, "geometry": { "type": "Point", "coordinates": [ -110.222371035404421, 29.796217368409337 ] } },
{ "type": "Feature", "properties": { "CVEGEO": "26042", "CVE_ENT": "26", "CVE_MUN": "042", "NOMGEO": "Navojoa", "estado_nombre": "Sonora" }, "geometry": { "type": "Point", "coordinates": [ -109.402733414734556, 27.078101494309902 ] } },
{ "type": "Feature", "properties": { "CVEGEO": "26067", "CVE_ENT": "26", "CVE_MUN": "067", "NOMGEO": "Villa Hidalgo", "estado_nombre": "Sonora" }, "geometry": { "type": "Point", "coordinates": [ -109.334446095355062, 30.234428264200645 ] } },
{ "type": "Feature", "properties": { "CVEGEO": "26018", "CVE_ENT": "26", "CVE_MUN": "018", "NOMGEO": "Cajeme", "estado_nombre": "Sonora" }, "geometry": { "type": "Point", "coordinates": [ -109.88677315965414, 27.792807819208619 ] } },
{ "type": "Feature", "properties": { "CVEGEO": "26023", "CVE_ENT": "26", "CVE_MUN": "023", "NOMGEO": "Cumpas", "estado_nombre": "Sonora" }, "geometry": { "type": "Point", "coordinates": [ -109.809945621704131, 30.067403311512862 ] } },
{ "type": "Feature", "properties": { "CVEGEO": "26007", "CVE_ENT": "26", "CVE_MUN": "007", "NOMGEO": "Atil", "estado_nombre": "Sonora" }, "geometry": { "type": "Point", "coordinates": [ -111.544904990921452, 30.816015617575168 ] } },
{ "type": "Feature", "properties": { "CVEGEO": "26028", "CVE_ENT": "26", "CVE_MUN": "028", "NOMGEO": "Granados", "estado_nombre": "Sonora" }, "geometry": { "type": "Point", "coordinates": [ -109.312384967927784, 29.761138881106501 ] } },
{ "type": "Feature", "properties": { "CVEGEO": "26005", "CVE_ENT": "26", "CVE_MUN": "005", "NOMGEO": "Arivechi", "estado_nombre": "Sonora" }, "geometry": { "type": "Point", "coordinates": [ -109.050440249312928, 28.872812725805641 ] } },
{ "type": "Feature", "properties": { "CVEGEO": "26003", "CVE_ENT": "26", "CVE_MUN": "003", "NOMGEO": "Álamos", "estado_nombre": "Sonora" }, "geometry": { "type": "Point", "coordinates": [ -108.876967137429446, 27.051058542256072 ] } },
{ "type": "Feature", "properties": { "CVEGEO": "26004", "CVE_ENT": "26", "CVE_MUN": "004", "NOMGEO": "Altar", "estado_nombre": "Sonora" }, "geometry": { "type": "Point", "coordinates": [ -111.924874245788942, 31.175897242034612 ] } },
{ "type": "Feature", "properties": { "CVEGEO": "26008", "CVE_ENT": "26", "CVE_MUN": "008", "NOMGEO": "Bacadéhuachi", "estado_nombre": "Sonora" }, "geometry": { "type": "Point", "coordinates": [ -109.087688635939699, 29.845341424418468 ] } },
{ "type": "Feature", "properties": { "CVEGEO": "26027", "CVE_ENT": "26", "CVE_MUN": "027", "NOMGEO": "Fronteras", "estado_nombre": "Sonora" }, "geometry": { "type": "Point", "coordinates": [ -109.647910404133583, 30.848517723337601 ] } },
{ "type": "Feature", "properties": { "CVEGEO": "26031", "CVE_ENT": "26", "CVE_MUN": "031", "NOMGEO": "Huachinera", "estado_nombre": "Sonora" }, "geometry": { "type": "Point", "coordinates": [ -108.915344541834799, 30.123136475679001 ] } },
{ "type": "Feature", "properties": { "CVEGEO": "26006", "CVE_ENT": "26", "CVE_MUN": "006", "NOMGEO": "Arizpe", "estado_nombre": "Sonora" }, "geometry": { "type": "Point", "coordinates": [ -110.189311222928538, 30.410894162421236 ] } },
{ "type": "Feature", "properties": { "CVEGEO": "26064", "CVE_ENT": "26", "CVE_MUN": "064", "NOMGEO": "Trincheras", "estado_nombre": "Sonora" }, "geometry": { "type": "Point", "coordinates": [ -111.581573986790374, 30.312062637603546 ] } },
{ "type": "Feature", "properties": { "CVEGEO": "26062", "CVE_ENT": "26", "CVE_MUN": "062", "NOMGEO": "Suaqui Grande", "estado_nombre": "Sonora" }, "geometry": { "type": "Point", "coordinates": [ -109.886528783770359, 28.391627551935176 ] } },
{ "type": "Feature", "properties": { "CVEGEO": "26052", "CVE_ENT": "26", "CVE_MUN": "052", "NOMGEO": "Sahuaripa", "estado_nombre": "Sonora" }, "geometry": { "type": "Point", "coordinates": [ -108.994100696322761, 29.010003613216821 ] } },
{ "type": "Feature", "properties": { "CVEGEO": "26051", "CVE_ENT": "26", "CVE_MUN": "051", "NOMGEO": "Rosario", "estado_nombre": "Sonora" }, "geometry": { "type": "Point", "coordinates": [ -109.318428941111279, 28.032605765779664 ] } },
{ "type": "Feature", "properties": { "CVEGEO": "26010", "CVE_ENT": "26", "CVE_MUN": "010", "NOMGEO": "Bacerac", "estado_nombre": "Sonora" }, "geometry": { "type": "Point", "coordinates": [ -108.819753248000481, 30.310319712920947 ] } },
{ "type": "Feature", "properties": { "CVEGEO": "26011", "CVE_ENT": "26", "CVE_MUN": "011", "NOMGEO": "Bacoachi", "estado_nombre": "Sonora" }, "geometry": { "type": "Point", "coordinates": [ -109.97909070928084, 30.669708049466674 ] } },
{ "type": "Feature", "properties": { "CVEGEO": "26019", "CVE_ENT": "26", "CVE_MUN": "019", "NOMGEO": "Cananea", "estado_nombre": "Sonora" }, "geometry": { "type": "Point", "coordinates": [ -110.235320045483007, 30.988460221949389 ] } },
{ "type": "Feature", "properties": { "CVEGEO": "26061", "CVE_ENT": "26", "CVE_MUN": "061", "NOMGEO": "Soyopa", "estado_nombre": "Sonora" }, "geometry": { "type": "Point", "coordinates": [ -109.611690839100874, 28.789774891857789 ] } },
{ "type": "Feature", "properties": { "CVEGEO": "26024", "CVE_ENT": "26", "CVE_MUN": "024", "NOMGEO": "Divisaderos", "estado_nombre": "Sonora" }, "geometry": { "type": "Point", "coordinates": [ -109.376810738873729, 29.615407644971171 ] } },
{ "type": "Feature", "properties": { "CVEGEO": "26049", "CVE_ENT": "26", "CVE_MUN": "049", "NOMGEO": "Quiriego", "estado_nombre": "Sonora" }, "geometry": { "type": "Point", "coordinates": [ -109.364873501860131, 27.578986021712002 ] } },
{ "type": "Feature", "properties": { "CVEGEO": "26063", "CVE_ENT": "26", "CVE_MUN": "063", "NOMGEO": "Tepache", "estado_nombre": "Sonora" }, "geometry": { "type": "Point", "coordinates": [ -109.527934218079892, 29.472230465916901 ] } },
{ "type": "Feature", "properties": { "CVEGEO": "26040", "CVE_ENT": "26", "CVE_MUN": "040", "NOMGEO": "Nácori Chico", "estado_nombre": "Sonora" }, "geometry": { "type": "Point", "coordinates": [ -108.852009862409545, 29.635274000433913 ] } },
{ "type": "Feature", "properties": { "CVEGEO": "26038", "CVE_ENT": "26", "CVE_MUN": "038", "NOMGEO": "Moctezuma", "estado_nombre": "Sonora" }, "geometry": { "type": "Point", "coordinates": [ -109.723791376428096, 29.728556233629167 ] } },
{ "type": "Feature", "properties": { "CVEGEO": "26056", "CVE_ENT": "26", "CVE_MUN": "056", "NOMGEO": "San Miguel de Horcasitas", "estado_nombre": "Sonora" }, "geometry": { "type": "Point", "coordinates": [ -110.798640142514074, 29.46301685979579 ] } },
{ "type": "Feature", "properties": { "CVEGEO": "26002", "CVE_ENT": "26", "CVE_MUN": "002", "NOMGEO": "Agua Prieta", "estado_nombre": "Sonora" }, "geometry": { "type": "Point", "coordinates": [ -109.197443533042502, 31.104423511119002 ] } },
{ "type": "Feature", "properties": { "CVEGEO": "27006", "CVE_ENT": "27", "CVE_MUN": "006", "NOMGEO": "Cunduacán", "estado_nombre": "Tabasco" }, "geometry": { "type": "Point", "coordinates": [ -93.220669246897288, 18.076577752259613 ] } },
{ "type": "Feature", "properties": { "CVEGEO": "27005", "CVE_ENT": "27", "CVE_MUN": "005", "NOMGEO": "Comalcalco", "estado_nombre": "Tabasco" }, "geometry": { "type": "Point", "coordinates": [ -93.336697646424028, 18.286928967017509 ] } },
{ "type": "Feature", "properties": { "CVEGEO": "27008", "CVE_ENT": "27", "CVE_MUN": "008", "NOMGEO": "Huimanguillo", "estado_nombre": "Tabasco" }, "geometry": { "type": "Point", "coordinates": [ -93.699819136670214, 17.82639053275868 ] } },
{ "type": "Feature", "properties": { "CVEGEO": "27004", "CVE_ENT": "27", "CVE_MUN": "004", "NOMGEO": "Centro", "estado_nombre": "Tabasco" }, "geometry": { "type": "Point", "coordinates": [ -92.860210701139067, 18.009103558433434 ] } },
{ "type": "Feature", "properties": { "CVEGEO": "27010", "CVE_ENT": "27", "CVE_MUN": "010", "NOMGEO": "Jalpa de Méndez", "estado_nombre": "Tabasco" }, "geometry": { "type": "Point", "coordinates": [ -93.083876494632307, 18.213305357540907 ] } },
{ "type": "Feature", "properties": { "CVEGEO": "27003", "CVE_ENT": "27", "CVE_MUN": "003", "NOMGEO": "Centla", "estado_nombre": "Tabasco" }, "geometry": { "type": "Point", "coordinates": [ -92.586558671881761, 18.361752229122853 ] } },
{ "type": "Feature", "properties": { "CVEGEO": "27015", "CVE_ENT": "27", "CVE_MUN": "015", "NOMGEO": "Tacotalpa", "estado_nombre": "Tabasco" }, "geometry": { "type": "Point", "coordinates": [ -92.732603463433222, 17.528232104460244 ] } },
{ "type": "Feature", "properties": { "CVEGEO": "27014", "CVE_ENT": "27", "CVE_MUN": "014", "NOMGEO": "Paraíso", "estado_nombre": "Tabasco" }, "geometry": { "type": "Point", "coordinates": [ -93.200855963111934, 18.381245499406791 ] } },
{ "type": "Feature", "properties": { "CVEGEO": "27007", "CVE_ENT": "27", "CVE_MUN": "007", "NOMGEO": "Emiliano Zapata", "estado_nombre": "Tabasco" }, "geometry": { "type": "Point", "coordinates": [ -91.675782604164283, 17.705123666012437 ] } },
{ "type": "Feature", "properties": { "CVEGEO": "27011", "CVE_ENT": "27", "CVE_MUN": "011", "NOMGEO": "Jonuta", "estado_nombre": "Tabasco" }, "geometry": { "type": "Point", "coordinates": [ -92.143421345205269, 18.079075059066135 ] } },
{ "type": "Feature", "properties": { "CVEGEO": "27013", "CVE_ENT": "27", "CVE_MUN": "013", "NOMGEO": "Nacajuca", "estado_nombre": "Tabasco" }, "geometry": { "type": "Point", "coordinates": [ -92.948623353783447, 18.187865007123214 ] } },
{ "type": "Feature", "properties": { "CVEGEO": "27017", "CVE_ENT": "27", "CVE_MUN": "017", "NOMGEO": "Tenosique", "estado_nombre": "Tabasco" }, "geometry": { "type": "Point", "coordinates": [ -91.293558942749996, 17.426376332684686 ] } },
{ "type": "Feature", "properties": { "CVEGEO": "27002", "CVE_ENT": "27", "CVE_MUN": "002", "NOMGEO": "Cárdenas", "estado_nombre": "Tabasco" }, "geometry": { "type": "Point", "coordinates": [ -93.646810122664249, 18.170247462841381 ] } },
{ "type": "Feature", "properties": { "CVEGEO": "27001", "CVE_ENT": "27", "CVE_MUN": "001", "NOMGEO": "Balancán", "estado_nombre": "Tabasco" }, "geometry": { "type": "Point", "coordinates": [ -91.311733640812591, 17.804849518669975 ] } },
{ "type": "Feature", "properties": { "CVEGEO": "27009", "CVE_ENT": "27", "CVE_MUN": "009", "NOMGEO": "Jalapa", "estado_nombre": "Tabasco" }, "geometry": { "type": "Point", "coordinates": [ -92.787033762936858, 17.763594271854316 ] } },
{ "type": "Feature", "properties": { "CVEGEO": "27016", "CVE_ENT": "27", "CVE_MUN": "016", "NOMGEO": "Teapa", "estado_nombre": "Tabasco" }, "geometry": { "type": "Point", "coordinates": [ -92.952375373440333, 17.623306647847784 ] } },
{ "type": "Feature", "properties": { "CVEGEO": "27012", "CVE_ENT": "27", "CVE_MUN": "012", "NOMGEO": "Macuspana", "estado_nombre": "Tabasco" }, "geometry": { "type": "Point", "coordinates": [ -92.45860022516959, 17.845039724503074 ] } },
{ "type": "Feature", "properties": { "CVEGEO": "28009", "CVE_ENT": "28", "CVE_MUN": "009", "NOMGEO": "Ciudad Madero", "estado_nombre": "Tamaulipas" }, "geometry": { "type": "Point", "coordinates": [ -97.828299741060164, 22.279485495056196 ] } },
{ "type": "Feature", "properties": { "CVEGEO": "28003", "CVE_ENT": "28", "CVE_MUN": "003", "NOMGEO": "Altamira", "estado_nombre": "Tamaulipas" }, "geometry": { "type": "Point", "coordinates": [ -98.082551562645875, 22.542084226780858 ] } },
{ "type": "Feature", "properties": { "CVEGEO": "28022", "CVE_ENT": "28", "CVE_MUN": "022", "NOMGEO": "Matamoros", "estado_nombre": "Tamaulipas" }, "geometry": { "type": "Point", "coordinates": [ -97.532480678474457, 25.611892235804504 ] } },
{ "type": "Feature", "properties": { "CVEGEO": "28021", "CVE_ENT": "28", "CVE_MUN": "021", "NOMGEO": "El Mante", "estado_nombre": "Tamaulipas" }, "geometry": { "type": "Point", "coordinates": [ -98.833192041247457, 22.571848370560168 ] } },
{ "type": "Feature", "properties": { "CVEGEO": "28013", "CVE_ENT": "28", "CVE_MUN": "013", "NOMGEO": "Güémez", "estado_nombre": "Tamaulipas" }, "geometry": { "type": "Point", "coordinates": [ -99.086707074394894, 23.885476907366954 ] } },
{ "type": "Feature", "properties": { "CVEGEO": "28041", "CVE_ENT": "28", "CVE_MUN": "041", "NOMGEO": "Victoria", "estado_nombre": "Tamaulipas" }, "geometry": { "type": "Point", "coordinates": [ -99.166650963165537, 23.697019481444102 ] } },
{ "type": "Feature", "properties": { "CVEGEO": "28014", "CVE_ENT": "28", "CVE_MUN": "014", "NOMGEO": "Guerrero", "estado_nombre": "Tamaulipas" }, "geometry": { "type": "Point", "coordinates": [ -99.482652198572382, 26.904052725130839 ] } },
{ "type": "Feature", "properties": { "CVEGEO": "28040", "CVE_ENT": "28", "CVE_MUN": "040", "NOMGEO": "Valle Hermoso", "estado_nombre": "Tamaulipas" }, "geometry": { "type": "Point", "coordinates": [ -97.844796510742611, 25.700681834591428 ] } },
{ "type": "Feature", "properties": { "CVEGEO": "28010", "CVE_ENT": "28", "CVE_MUN": "010", "NOMGEO": "Cruillas", "estado_nombre": "Tamaulipas" }, "geometry": { "type": "Point", "coordinates": [ -98.440126572199702, 24.628571495840706 ] } },
{ "type": "Feature", "properties": { "CVEGEO": "28015", "CVE_ENT": "28", "CVE_MUN": "015", "NOMGEO": "Gustavo Díaz Ordaz", "estado_nombre": "Tamaulipas" }, "geometry": { "type": "Point", "coordinates": [ -98.641234948644325, 26.136369302948626 ] } },
{ "type": "Feature", "properties": { "CVEGEO": "28039", "CVE_ENT": "28", "CVE_MUN": "039", "NOMGEO": "Tula", "estado_nombre": "Tamaulipas" }, "geometry": { "type": "Point", "coordinates": [ -99.776262226495305, 22.939893554267929 ] } },
{ "type": "Feature", "properties": { "CVEGEO": "28020", "CVE_ENT": "28", "CVE_MUN": "020", "NOMGEO": "Mainero", "estado_nombre": "Tamaulipas" }, "geometry": { "type": "Point", "coordinates": [ -99.564427963551736, 24.587929976060163 ] } },
{ "type": "Feature", "properties": { "CVEGEO": "28027", "CVE_ENT": "28", "CVE_MUN": "027", "NOMGEO": "Nuevo Laredo", "estado_nombre": "Tamaulipas" }, "geometry": { "type": "Point", "coordinates": [ -99.673799019473023, 27.475809852859665 ] } },
{ "type": "Feature", "properties": { "CVEGEO": "28005", "CVE_ENT": "28", "CVE_MUN": "005", "NOMGEO": "Burgos", "estado_nombre": "Tamaulipas" }, "geometry": { "type": "Point", "coordinates": [ -98.846457476584845, 24.928578657108371 ] } },
{ "type": "Feature", "properties": { "CVEGEO": "28007", "CVE_ENT": "28", "CVE_MUN": "007", "NOMGEO": "Camargo", "estado_nombre": "Tamaulipas" }, "geometry": { "type": "Point", "coordinates": [ -98.859073602348218, 26.183649567936431 ] } },
{ "type": "Feature", "properties": { "CVEGEO": "28038", "CVE_ENT": "28", "CVE_MUN": "038", "NOMGEO": "Tampico", "estado_nombre": "Tamaulipas" }, "geometry": { "type": "Point", "coordinates": [ -97.901262110011785, 22.27861615654793 ] } },
{ "type": "Feature", "properties": { "CVEGEO": "28026", "CVE_ENT": "28", "CVE_MUN": "026", "NOMGEO": "Miquihuana", "estado_nombre": "Tamaulipas" }, "geometry": { "type": "Point", "coordinates": [ -99.77391426414799, 23.619121261076167 ] } },
{ "type": "Feature", "properties": { "CVEGEO": "28037", "CVE_ENT": "28", "CVE_MUN": "037", "NOMGEO": "Soto la Marina", "estado_nombre": "Tamaulipas" }, "geometry": { "type": "Point", "coordinates": [ -98.03710989527724, 23.783517822455728 ] } },
{ "type": "Feature", "properties": { "CVEGEO": "28019", "CVE_ENT": "28", "CVE_MUN": "019", "NOMGEO": "Llera", "estado_nombre": "Tamaulipas" }, "geometry": { "type": "Point", "coordinates": [ -98.85736886234757, 23.272024152669495 ] } },
{ "type": "Feature", "properties": { "CVEGEO": "28028", "CVE_ENT": "28", "CVE_MUN": "028", "NOMGEO": "Nuevo Morelos", "estado_nombre": "Tamaulipas" }, "geometry": { "type": "Point", "coordinates": [ -99.204041536212017, 22.507536380522719 ] } },
{ "type": "Feature", "properties": { "CVEGEO": "28025", "CVE_ENT": "28", "CVE_MUN": "025", "NOMGEO": "Miguel Alemán", "estado_nombre": "Tamaulipas" }, "geometry": { "type": "Point", "coordinates": [ -99.067362846788271, 26.238624050074208 ] } },
{ "type": "Feature", "properties": { "CVEGEO": "28002", "CVE_ENT": "28", "CVE_MUN": "002", "NOMGEO": "Aldama", "estado_nombre": "Tamaulipas" }, "geometry": { "type": "Point", "coordinates": [ -98.035602947310025, 23.002176943651747 ] } },
{ "type": "Feature", "properties": { "CVEGEO": "28001", "CVE_ENT": "28", "CVE_MUN": "001", "NOMGEO": "Abasolo", "estado_nombre": "Tamaulipas" }, "geometry": { "type": "Point", "coordinates": [ -98.268291507510213, 24.133988526905917 ] } },
{ "type": "Feature", "properties": { "CVEGEO": "28004", "CVE_ENT": "28", "CVE_MUN": "004", "NOMGEO": "Antiguo Morelos", "estado_nombre": "Tamaulipas" }, "geometry": { "type": "Point", "coordinates": [ -99.079776038414977, 22.562307149302871 ] } },
{ "type": "Feature", "properties": { "CVEGEO": "28029", "CVE_ENT": "28", "CVE_MUN": "029", "NOMGEO": "Ocampo", "estado_nombre": "Tamaulipas" }, "geometry": { "type": "Point", "coordinates": [ -99.335855211243398, 22.82979916842261 ] } },
{ "type": "Feature", "properties": { "CVEGEO": "28031", "CVE_ENT": "28", "CVE_MUN": "031", "NOMGEO": "Palmillas", "estado_nombre": "Tamaulipas" }, "geometry": { "type": "Point", "coordinates": [ -99.565293334562185, 23.271775923240071 ] } },
{ "type": "Feature", "properties": { "CVEGEO": "28035", "CVE_ENT": "28", "CVE_MUN": "035", "NOMGEO": "San Fernando", "estado_nombre": "Tamaulipas" }, "geometry": { "type": "Point", "coordinates": [ -97.958077473843005, 24.891132528827981 ] } },
{ "type": "Feature", "properties": { "CVEGEO": "28034", "CVE_ENT": "28", "CVE_MUN": "034", "NOMGEO": "San Carlos", "estado_nombre": "Tamaulipas" }, "geometry": { "type": "Point", "coordinates": [ -98.975817549543024, 24.47584859026421 ] } },
{ "type": "Feature", "properties": { "CVEGEO": "28006", "CVE_ENT": "28", "CVE_MUN": "006", "NOMGEO": "Bustamante", "estado_nombre": "Tamaulipas" }, "geometry": { "type": "Point", "coordinates": [ -99.872678881654082, 23.326797510427763 ] } },
{ "type": "Feature", "properties": { "CVEGEO": "28033", "CVE_ENT": "28", "CVE_MUN": "033", "NOMGEO": "Río Bravo", "estado_nombre": "Tamaulipas" }, "geometry": { "type": "Point", "coordinates": [ -98.037846757866433, 25.744409159479023 ] } },
{ "type": "Feature", "properties": { "CVEGEO": "28043", "CVE_ENT": "28", "CVE_MUN": "043", "NOMGEO": "Xicoténcatl", "estado_nombre": "Tamaulipas" }, "geometry": { "type": "Point", "coordinates": [ -98.931515675620147, 23.005709786897537 ] } },
{ "type": "Feature", "properties": { "CVEGEO": "28032", "CVE_ENT": "28", "CVE_MUN": "032", "NOMGEO": "Reynosa", "estado_nombre": "Tamaulipas" }, "geometry": { "type": "Point", "coordinates": [ -98.373360675054485, 25.810236219376577 ] } },
{ "type": "Feature", "properties": { "CVEGEO": "28023", "CVE_ENT": "28", "CVE_MUN": "023", "NOMGEO": "Méndez", "estado_nombre": "Tamaulipas" }, "geometry": { "type": "Point", "coordinates": [ -98.440037870556594, 25.223759933522565 ] } },
{ "type": "Feature", "properties": { "CVEGEO": "28017", "CVE_ENT": "28", "CVE_MUN": "017", "NOMGEO": "Jaumave", "estado_nombre": "Tamaulipas" }, "geometry": { "type": "Point", "coordinates": [ -99.412658509155719, 23.478425776837746 ] } },
{ "type": "Feature", "properties": { "CVEGEO": "28042", "CVE_ENT": "28", "CVE_MUN": "042", "NOMGEO": "Villagrán", "estado_nombre": "Tamaulipas" }, "geometry": { "type": "Point", "coordinates": [ -99.360032678548535, 24.560590550915421 ] } },
{ "type": "Feature", "properties": { "CVEGEO": "28008", "CVE_ENT": "28", "CVE_MUN": "008", "NOMGEO": "Casas", "estado_nombre": "Tamaulipas" }, "geometry": { "type": "Point", "coordinates": [ -98.61642331719068, 23.539411030109289 ] } },
{ "type": "Feature", "properties": { "CVEGEO": "28016", "CVE_ENT": "28", "CVE_MUN": "016", "NOMGEO": "Hidalgo", "estado_nombre": "Tamaulipas" }, "geometry": { "type": "Point", "coordinates": [ -99.380518401750109, 24.19553858164155 ] } },
{ "type": "Feature", "properties": { "CVEGEO": "28018", "CVE_ENT": "28", "CVE_MUN": "018", "NOMGEO": "Jiménez", "estado_nombre": "Tamaulipas" }, "geometry": { "type": "Point", "coordinates": [ -98.52027397026427, 24.262281452392173 ] } },
{ "type": "Feature", "properties": { "CVEGEO": "28011", "CVE_ENT": "28", "CVE_MUN": "011", "NOMGEO": "Gómez Farías", "estado_nombre": "Tamaulipas" }, "geometry": { "type": "Point", "coordinates": [ -99.178515529740139, 23.006697761303354 ] } },
{ "type": "Feature", "properties": { "CVEGEO": "28024", "CVE_ENT": "28", "CVE_MUN": "024", "NOMGEO": "Mier", "estado_nombre": "Tamaulipas" }, "geometry": { "type": "Point", "coordinates": [ -99.256866519222868, 26.41510253961815 ] } },
{ "type": "Feature", "properties": { "CVEGEO": "28036", "CVE_ENT": "28", "CVE_MUN": "036", "NOMGEO": "San Nicolás", "estado_nombre": "Tamaulipas" }, "geometry": { "type": "Point", "coordinates": [ -98.769669415777258, 24.63195574979493 ] } },
{ "type": "Feature", "properties": { "CVEGEO": "28030", "CVE_ENT": "28", "CVE_MUN": "030", "NOMGEO": "Padilla", "estado_nombre": "Tamaulipas" }, "geometry": { "type": "Point", "coordinates": [ -98.846121439796789, 24.022607434549389 ] } },
{ "type": "Feature", "properties": { "CVEGEO": "28012", "CVE_ENT": "28", "CVE_MUN": "012", "NOMGEO": "González", "estado_nombre": "Tamaulipas" }, "geometry": { "type": "Point", "coordinates": [ -98.554486882716347, 22.786429154796046 ] } },
{ "type": "Feature", "properties": { "CVEGEO": "29013", "CVE_ENT": "29", "CVE_MUN": "013", "NOMGEO": "Huamantla", "estado_nombre": "Tlaxcala" }, "geometry": { "type": "Point", "coordinates": [ -97.935702722351536, 19.332639524081987 ] } },
{ "type": "Feature", "properties": { "CVEGEO": "29051", "CVE_ENT": "29", "CVE_MUN": "051", "NOMGEO": "San Jerónimo Zacualpan", "estado_nombre": "Tlaxcala" }, "geometry": { "type": "Point", "coordinates": [ -98.264142958435002, 19.248148061316471 ] } },
{ "type": "Feature", "properties": { "CVEGEO": "29059", "CVE_ENT": "29", "CVE_MUN": "059", "NOMGEO": "Santa Cruz Quilehtla", "estado_nombre": "Tlaxcala" }, "geometry": { "type": "Point", "coordinates": [ -98.204591846267661, 19.211235264850448 ] } },
{ "type": "Feature", "properties": { "CVEGEO": "29011", "CVE_ENT": "29", "CVE_MUN": "011", "NOMGEO": "Muñoz de Domingo Arenas", "estado_nombre": "Tlaxcala" }, "geometry": { "type": "Point", "coordinates": [ -98.23347617891929, 19.50608038482569 ] } },
{ "type": "Feature", "properties": { "CVEGEO": "29060", "CVE_ENT": "29", "CVE_MUN": "060", "NOMGEO": "Santa Isabel Xiloxoxtla", "estado_nombre": "Tlaxcala" }, "geometry": { "type": "Point", "coordinates": [ -98.206582447064605, 19.262448577960502 ] } },
{ "type": "Feature", "properties": { "CVEGEO": "29009", "CVE_ENT": "29", "CVE_MUN": "009", "NOMGEO": "Cuaxomulco", "estado_nombre": "Tlaxcala" }, "geometry": { "type": "Point", "coordinates": [ -98.091403844121643, 19.349340847957368 ] } },
{ "type": "Feature", "properties": { "CVEGEO": "29030", "CVE_ENT": "29", "CVE_MUN": "030", "NOMGEO": "Terrenate", "estado_nombre": "Tlaxcala" }, "geometry": { "type": "Point", "coordinates": [ -97.934467945529306, 19.483994340133698 ] } },
{ "type": "Feature", "properties": { "CVEGEO": "29021", "CVE_ENT": "29", "CVE_MUN": "021", "NOMGEO": "Nanacamilpa de Mariano Arista", "estado_nombre": "Tlaxcala" }, "geometry": { "type": "Point", "coordinates": [ -98.554028119690514, 19.499825902273347 ] } },
{ "type": "Feature", "properties": { "CVEGEO": "29058", "CVE_ENT": "29", "CVE_MUN": "058", "NOMGEO": "Santa Catarina Ayometla", "estado_nombre": "Tlaxcala" }, "geometry": { "type": "Point", "coordinates": [ -98.21641468938634, 19.193422471647835 ] } },
{ "type": "Feature", "properties": { "CVEGEO": "29046", "CVE_ENT": "29", "CVE_MUN": "046", "NOMGEO": "Emiliano Zapata", "estado_nombre": "Tlaxcala" }, "geometry": { "type": "Point", "coordinates": [ -97.92594603239138, 19.563850870320373 ] } },
{ "type": "Feature", "properties": { "CVEGEO": "29035", "CVE_ENT": "29", "CVE_MUN": "035", "NOMGEO": "Tocatlán", "estado_nombre": "Tlaxcala" }, "geometry": { "type": "Point", "coordinates": [ -98.016146326241739, 19.38884219234696 ] } },
{ "type": "Feature", "properties": { "CVEGEO": "29025", "CVE_ENT": "29", "CVE_MUN": "025", "NOMGEO": "San Pablo del Monte", "estado_nombre": "Tlaxcala" }, "geometry": { "type": "Point", "coordinates": [ -98.140565948746584, 19.156227721796796 ] } },
{ "type": "Feature", "properties": { "CVEGEO": "29052", "CVE_ENT": "29", "CVE_MUN": "052", "NOMGEO": "San José Teacalco", "estado_nombre": "Tlaxcala" }, "geometry": { "type": "Point", "coordinates": [ -98.045488509703006, 19.323452841094799 ] } },
{ "type": "Feature", "properties": { "CVEGEO": "29031", "CVE_ENT": "29", "CVE_MUN": "031", "NOMGEO": "Tetla de la Solidaridad", "estado_nombre": "Tlaxcala" }, "geometry": { "type": "Point", "coordinates": [ -98.076352910331849, 19.482244164323422 ] } },
{ "type": "Feature", "properties": { "CVEGEO": "29032", "CVE_ENT": "29", "CVE_MUN": "032", "NOMGEO": "Tetlatlahuca", "estado_nombre": "Tlaxcala" }, "geometry": { "type": "Point", "coordinates": [ -98.287443668373697, 19.233892225209466 ] } },
{ "type": "Feature", "properties": { "CVEGEO": "29024", "CVE_ENT": "29", "CVE_MUN": "024", "NOMGEO": "Panotla", "estado_nombre": "Tlaxcala" }, "geometry": { "type": "Point", "coordinates": [ -98.284153381899017, 19.352117689030607 ] } },
{ "type": "Feature", "properties": { "CVEGEO": "29042", "CVE_ENT": "29", "CVE_MUN": "042", "NOMGEO": "Xicohtzinco", "estado_nombre": "Tlaxcala" }, "geometry": { "type": "Point", "coordinates": [ -98.24104543572976, 19.170559475899694 ] } },
{ "type": "Feature", "properties": { "CVEGEO": "29053", "CVE_ENT": "29", "CVE_MUN": "053", "NOMGEO": "San Juan Huactzinco", "estado_nombre": "Tlaxcala" }, "geometry": { "type": "Point", "coordinates": [ -98.253889564139726, 19.234676383711147 ] } },
{ "type": "Feature", "properties": { "CVEGEO": "29034", "CVE_ENT": "29", "CVE_MUN": "034", "NOMGEO": "Tlaxco", "estado_nombre": "Tlaxcala" }, "geometry": { "type": "Point", "coordinates": [ -98.177284794967676, 19.620055562714956 ] } },
{ "type": "Feature", "properties": { "CVEGEO": "29006", "CVE_ENT": "29", "CVE_MUN": "006", "NOMGEO": "Calpulalpan", "estado_nombre": "Tlaxcala" }, "geometry": { "type": "Point", "coordinates": [ -98.589364768679417, 19.560962686203375 ] } },
{ "type": "Feature", "properties": { "CVEGEO": "29044", "CVE_ENT": "29", "CVE_MUN": "044", "NOMGEO": "Zacatelco", "estado_nombre": "Tlaxcala" }, "geometry": { "type": "Point", "coordinates": [ -98.260383816639319, 19.193848010762995 ] } },
{ "type": "Feature", "properties": { "CVEGEO": "29049", "CVE_ENT": "29", "CVE_MUN": "049", "NOMGEO": "San Damián Texóloc", "estado_nombre": "Tlaxcala" }, "geometry": { "type": "Point", "coordinates": [ -98.298502572093255, 19.286181344792027 ] } },
{ "type": "Feature", "properties": { "CVEGEO": "29040", "CVE_ENT": "29", "CVE_MUN": "040", "NOMGEO": "Xaltocan", "estado_nombre": "Tlaxcala" }, "geometry": { "type": "Point", "coordinates": [ -98.239567457632532, 19.430198150628723 ] } },
{ "type": "Feature", "properties": { "CVEGEO": "29026", "CVE_ENT": "29", "CVE_MUN": "026", "NOMGEO": "Santa Cruz Tlaxcala", "estado_nombre": "Tlaxcala" }, "geometry": { "type": "Point", "coordinates": [ -98.130567402373941, 19.352942106354636 ] } },
{ "type": "Feature", "properties": { "CVEGEO": "29055", "CVE_ENT": "29", "CVE_MUN": "055", "NOMGEO": "San Lucas Tecopilco", "estado_nombre": "Tlaxcala" }, "geometry": { "type": "Point", "coordinates": [ -98.255559325259512, 19.491251484140349 ] } },
{ "type": "Feature", "properties": { "CVEGEO": "29022", "CVE_ENT": "29", "CVE_MUN": "022", "NOMGEO": "Acuamanala de Miguel Hidalgo", "estado_nombre": "Tlaxcala" }, "geometry": { "type": "Point", "coordinates": [ -98.170502339337418, 19.216869528606622 ] } },
{ "type": "Feature", "properties": { "CVEGEO": "29001", "CVE_ENT": "29", "CVE_MUN": "001", "NOMGEO": "Amaxac de Guerrero", "estado_nombre": "Tlaxcala" }, "geometry": { "type": "Point", "coordinates": [ -98.182430665189187, 19.362018838964513 ] } },
{ "type": "Feature", "properties": { "CVEGEO": "29037", "CVE_ENT": "29", "CVE_MUN": "037", "NOMGEO": "Ziltlaltépec de Trinidad Sánchez Santos", "estado_nombre": "Tlaxcala" }, "geometry": { "type": "Point", "coordinates": [ -97.926738993957144, 19.211682099464944 ] } },
{ "type": "Feature", "properties": { "CVEGEO": "29054", "CVE_ENT": "29", "CVE_MUN": "054", "NOMGEO": "San Lorenzo Axocomanitla", "estado_nombre": "Tlaxcala" }, "geometry": { "type": "Point", "coordinates": [ -98.261048266303376, 19.217220984573625 ] } },
{ "type": "Feature", "properties": { "CVEGEO": "29036", "CVE_ENT": "29", "CVE_MUN": "036", "NOMGEO": "Totolac", "estado_nombre": "Tlaxcala" }, "geometry": { "type": "Point", "coordinates": [ -98.248541734462151, 19.336102510654502 ] } },
{ "type": "Feature", "properties": { "CVEGEO": "29010", "CVE_ENT": "29", "CVE_MUN": "010", "NOMGEO": "Chiautempan", "estado_nombre": "Tlaxcala" }, "geometry": { "type": "Point", "coordinates": [ -98.130860437209151, 19.290887861931633 ] } },
{ "type": "Feature", "properties": { "CVEGEO": "29033", "CVE_ENT": "29", "CVE_MUN": "033", "NOMGEO": "Tlaxcala", "estado_nombre": "Tlaxcala" }, "geometry": { "type": "Point", "coordinates": [ -98.236691243296406, 19.309339376776325 ] } },
{ "type": "Feature", "properties": { "CVEGEO": "29023", "CVE_ENT": "29", "CVE_MUN": "023", "NOMGEO": "Natívitas", "estado_nombre": "Tlaxcala" }, "geometry": { "type": "Point", "coordinates": [ -98.331962167323368, 19.233314702161692 ] } },
{ "type": "Feature", "properties": { "CVEGEO": "29050", "CVE_ENT": "29", "CVE_MUN": "050", "NOMGEO": "San Francisco Tetlanohcan", "estado_nombre": "Tlaxcala" }, "geometry": { "type": "Point", "coordinates": [ -98.083487369008466, 19.257782647718255 ] } },
{ "type": "Feature", "properties": { "CVEGEO": "29041", "CVE_ENT": "29", "CVE_MUN": "041", "NOMGEO": "Papalotla de Xicohténcatl", "estado_nombre": "Tlaxcala" }, "geometry": { "type": "Point", "coordinates": [ -98.19643704453047, 19.172503087403733 ] } },
{ "type": "Feature", "properties": { "CVEGEO": "29057", "CVE_ENT": "29", "CVE_MUN": "057", "NOMGEO": "Santa Apolonia Teacalco", "estado_nombre": "Tlaxcala" }, "geometry": { "type": "Point", "coordinates": [ -98.313447735829797, 19.245925749237443 ] } },
{ "type": "Feature", "properties": { "CVEGEO": "29048", "CVE_ENT": "29", "CVE_MUN": "048", "NOMGEO": "La Magdalena Tlaltelulco", "estado_nombre": "Tlaxcala" }, "geometry": { "type": "Point", "coordinates": [ -98.191423544136498, 19.278047907924829 ] } },
{ "type": "Feature", "properties": { "CVEGEO": "29020", "CVE_ENT": "29", "CVE_MUN": "020", "NOMGEO": "Sanctórum de Lázaro Cárdenas", "estado_nombre": "Tlaxcala" }, "geometry": { "type": "Point", "coordinates": [ -98.452612701663796, 19.532892532014952 ] } },
{ "type": "Feature", "properties": { "CVEGEO": "29017", "CVE_ENT": "29", "CVE_MUN": "017", "NOMGEO": "Mazatecochco de José María Morelos", "estado_nombre": "Tlaxcala" }, "geometry": { "type": "Point", "coordinates": [ -98.164324820717979, 19.191748103931126 ] } },
{ "type": "Feature", "properties": { "CVEGEO": "29056", "CVE_ENT": "29", "CVE_MUN": "056", "NOMGEO": "Santa Ana Nopalucan", "estado_nombre": "Tlaxcala" }, "geometry": { "type": "Point", "coordinates": [ -98.333222487024031, 19.297011029930161 ] } },
{ "type": "Feature", "properties": { "CVEGEO": "29002", "CVE_ENT": "29", "CVE_MUN": "002", "NOMGEO": "Apetatitlán de Antonio Carvajal", "estado_nombre": "Tlaxcala" }, "geometry": { "type": "Point", "coordinates": [ -98.194683102429209, 19.351491750433656 ] } },
{ "type": "Feature", "properties": { "CVEGEO": "29007", "CVE_ENT": "29", "CVE_MUN": "007", "NOMGEO": "El Carmen Tequexquitla", "estado_nombre": "Tlaxcala" }, "geometry": { "type": "Point", "coordinates": [ -97.674324700365844, 19.335706497943168 ] } },
{ "type": "Feature", "properties": { "CVEGEO": "29004", "CVE_ENT": "29", "CVE_MUN": "004", "NOMGEO": "Atltzayanca", "estado_nombre": "Tlaxcala" }, "geometry": { "type": "Point", "coordinates": [ -97.793016531437573, 19.411740758549264 ] } },
{ "type": "Feature", "properties": { "CVEGEO": "29012", "CVE_ENT": "29", "CVE_MUN": "012", "NOMGEO": "Españita", "estado_nombre": "Tlaxcala" }, "geometry": { "type": "Point", "coordinates": [ -98.43685076763947, 19.444458431044794 ] } },
{ "type": "Feature", "properties": { "CVEGEO": "29029", "CVE_ENT": "29", "CVE_MUN": "029", "NOMGEO": "Tepeyanco", "estado_nombre": "Tlaxcala" }, "geometry": { "type": "Point", "coordinates": [ -98.228302074477298, 19.247108909101701 ] } },
{ "type": "Feature", "properties": { "CVEGEO": "29028", "CVE_ENT": "29", "CVE_MUN": "028", "NOMGEO": "Teolocholco", "estado_nombre": "Tlaxcala" }, "geometry": { "type": "Point", "coordinates": [ -98.116156831887068, 19.222819258204286 ] } },
{ "type": "Feature", "properties": { "CVEGEO": "29008", "CVE_ENT": "29", "CVE_MUN": "008", "NOMGEO": "Cuapiaxtla", "estado_nombre": "Tlaxcala" }, "geometry": { "type": "Point", "coordinates": [ -97.764570375022998, 19.331276158085071 ] } },
{ "type": "Feature", "properties": { "CVEGEO": "29047", "CVE_ENT": "29", "CVE_MUN": "047", "NOMGEO": "Lázaro Cárdenas", "estado_nombre": "Tlaxcala" }, "geometry": { "type": "Point", "coordinates": [ -97.990784484224307, 19.533290534672144 ] } },
{ "type": "Feature", "properties": { "CVEGEO": "29039", "CVE_ENT": "29", "CVE_MUN": "039", "NOMGEO": "Xaloztoc", "estado_nombre": "Tlaxcala" }, "geometry": { "type": "Point", "coordinates": [ -98.029153587353989, 19.416171320996582 ] } },
{ "type": "Feature", "properties": { "CVEGEO": "29005", "CVE_ENT": "29", "CVE_MUN": "005", "NOMGEO": "Apizaco", "estado_nombre": "Tlaxcala" }, "geometry": { "type": "Point", "coordinates": [ -98.127089310460136, 19.423520616290283 ] } },
{ "type": "Feature", "properties": { "CVEGEO": "29045", "CVE_ENT": "29", "CVE_MUN": "045", "NOMGEO": "Benito Juárez", "estado_nombre": "Tlaxcala" }, "geometry": { "type": "Point", "coordinates": [ -98.409400406631292, 19.594989721758473 ] } },
{ "type": "Feature", "properties": { "CVEGEO": "29016", "CVE_ENT": "29", "CVE_MUN": "016", "NOMGEO": "Ixtenco", "estado_nombre": "Tlaxcala" }, "geometry": { "type": "Point", "coordinates": [ -97.911354518248686, 19.25758462081982 ] } },
{ "type": "Feature", "properties": { "CVEGEO": "29019", "CVE_ENT": "29", "CVE_MUN": "019", "NOMGEO": "Tepetitla de Lardizábal", "estado_nombre": "Tlaxcala" }, "geometry": { "type": "Point", "coordinates": [ -98.37922152266205, 19.281958385851866 ] } },
{ "type": "Feature", "properties": { "CVEGEO": "29014", "CVE_ENT": "29", "CVE_MUN": "014", "NOMGEO": "Hueyotlipan", "estado_nombre": "Tlaxcala" }, "geometry": { "type": "Point", "coordinates": [ -98.342266081652767, 19.488205507389715 ] } },
{ "type": "Feature", "properties": { "CVEGEO": "29015", "CVE_ENT": "29", "CVE_MUN": "015", "NOMGEO": "Ixtacuixtla de Mariano Matamoros", "estado_nombre": "Tlaxcala" }, "geometry": { "type": "Point", "coordinates": [ -98.383302585959626, 19.356112852172338 ] } },
{ "type": "Feature", "properties": { "CVEGEO": "29018", "CVE_ENT": "29", "CVE_MUN": "018", "NOMGEO": "Contla de Juan Cuamatzi", "estado_nombre": "Tlaxcala" }, "geometry": { "type": "Point", "coordinates": [ -98.133389106825589, 19.319959765400171 ] } },
{ "type": "Feature", "properties": { "CVEGEO": "29038", "CVE_ENT": "29", "CVE_MUN": "038", "NOMGEO": "Tzompantepec", "estado_nombre": "Tlaxcala" }, "geometry": { "type": "Point", "coordinates": [ -98.085227278341534, 19.380718598768318 ] } },
{ "type": "Feature", "properties": { "CVEGEO": "29043", "CVE_ENT": "29", "CVE_MUN": "043", "NOMGEO": "Yauhquemehcan", "estado_nombre": "Tlaxcala" }, "geometry": { "type": "Point", "coordinates": [ -98.177747083018303, 19.401711516607328 ] } },
{ "type": "Feature", "properties": { "CVEGEO": "29027", "CVE_ENT": "29", "CVE_MUN": "027", "NOMGEO": "Tenancingo", "estado_nombre": "Tlaxcala" }, "geometry": { "type": "Point", "coordinates": [ -98.192218237462711, 19.149908388438838 ] } },
{ "type": "Feature", "properties": { "CVEGEO": "29003", "CVE_ENT": "29", "CVE_MUN": "003", "NOMGEO": "Atlangatepec", "estado_nombre": "Tlaxcala" }, "geometry": { "type": "Point", "coordinates": [ -98.183122297463527, 19.544903366495497 ] } },
{ "type": "Feature", "properties": { "CVEGEO": "30051", "CVE_ENT": "30", "CVE_MUN": "051", "NOMGEO": "Coyutla", "estado_nombre": "Veracruz de Ignacio de la Llave" }, "geometry": { "type": "Point", "coordinates": [ -97.665683906500874, 20.338421789728798 ] } },
{ "type": "Feature", "properties": { "CVEGEO": "30056", "CVE_ENT": "30", "CVE_MUN": "056", "NOMGEO": "Chiconamel", "estado_nombre": "Veracruz de Ignacio de la Llave" }, "geometry": { "type": "Point", "coordinates": [ -98.467182514507755, 21.253801725294451 ] } },
{ "type": "Feature", "properties": { "CVEGEO": "30055", "CVE_ENT": "30", "CVE_MUN": "055", "NOMGEO": "Chalma", "estado_nombre": "Veracruz de Ignacio de la Llave" }, "geometry": { "type": "Point", "coordinates": [ -98.337020855441381, 21.196584788606938 ] } },
{ "type": "Feature", "properties": { "CVEGEO": "30054", "CVE_ENT": "30", "CVE_MUN": "054", "NOMGEO": "Chacaltianguis", "estado_nombre": "Veracruz de Ignacio de la Llave" }, "geometry": { "type": "Point", "coordinates": [ -95.807137185911898, 18.213422479297446 ] } },
{ "type": "Feature", "properties": { "CVEGEO": "30053", "CVE_ENT": "30", "CVE_MUN": "053", "NOMGEO": "Cuitláhuac", "estado_nombre": "Veracruz de Ignacio de la Llave" }, "geometry": { "type": "Point", "coordinates": [ -96.659520856605212, 18.776302554650311 ] } },
{ "type": "Feature", "properties": { "CVEGEO": "30183", "CVE_ENT": "30", "CVE_MUN": "183", "NOMGEO": "Tlapacoyan", "estado_nombre": "Veracruz de Ignacio de la Llave" }, "geometry": { "type": "Point", "coordinates": [ -97.174431003848937, 20.023569686785049 ] } },
{ "type": "Feature", "properties": { "CVEGEO": "30182", "CVE_ENT": "30", "CVE_MUN": "182", "NOMGEO": "Tlalnelhuayocan", "estado_nombre": "Veracruz de Ignacio de la Llave" }, "geometry": { "type": "Point", "coordinates": [ -96.983035994537033, 19.541111947719592 ] } },
{ "type": "Feature", "properties": { "CVEGEO": "30181", "CVE_ENT": "30", "CVE_MUN": "181", "NOMGEO": "Tlalixcoyan", "estado_nombre": "Veracruz de Ignacio de la Llave" }, "geometry": { "type": "Point", "coordinates": [ -96.169518552815006, 18.754983415158424 ] } },
{ "type": "Feature", "properties": { "CVEGEO": "30110", "CVE_ENT": "30", "CVE_MUN": "110", "NOMGEO": "Mixtla de Altamirano", "estado_nombre": "Veracruz de Ignacio de la Llave" }, "geometry": { "type": "Point", "coordinates": [ -96.976773137735535, 18.5916624666384 ] } },
{ "type": "Feature", "properties": { "CVEGEO": "30111", "CVE_ENT": "30", "CVE_MUN": "111", "NOMGEO": "Moloacán", "estado_nombre": "Veracruz de Ignacio de la Llave" }, "geometry": { "type": "Point", "coordinates": [ -94.285742761140597, 17.98267480460127 ] } },
{ "type": "Feature", "properties": { "CVEGEO": "30180", "CVE_ENT": "30", "CVE_MUN": "180", "NOMGEO": "Tlachichilco", "estado_nombre": "Veracruz de Ignacio de la Llave" }, "geometry": { "type": "Point", "coordinates": [ -98.185342662009376, 20.611554510495743 ] } },
{ "type": "Feature", "properties": { "CVEGEO": "30178", "CVE_ENT": "30", "CVE_MUN": "178", "NOMGEO": "Tlacotalpan", "estado_nombre": "Veracruz de Ignacio de la Llave" }, "geometry": { "type": "Point", "coordinates": [ -95.622983222641167, 18.533699354702946 ] } },
{ "type": "Feature", "properties": { "CVEGEO": "30175", "CVE_ENT": "30", "CVE_MUN": "175", "NOMGEO": "Tihuatlán", "estado_nombre": "Veracruz de Ignacio de la Llave" }, "geometry": { "type": "Point", "coordinates": [ -97.530201773295218, 20.660402296644605 ] } },
{ "type": "Feature", "properties": { "CVEGEO": "30201", "CVE_ENT": "30", "CVE_MUN": "201", "NOMGEO": "Zongolica", "estado_nombre": "Veracruz de Ignacio de la Llave" }, "geometry": { "type": "Point", "coordinates": [ -96.925583876238036, 18.649449381833769 ] } },
{ "type": "Feature", "properties": { "CVEGEO": "30208", "CVE_ENT": "30", "CVE_MUN": "208", "NOMGEO": "Carlos A. Carrillo", "estado_nombre": "Veracruz de Ignacio de la Llave" }, "geometry": { "type": "Point", "coordinates": [ -95.718658550405621, 18.326785202968168 ] } },
{ "type": "Feature", "properties": { "CVEGEO": "30207", "CVE_ENT": "30", "CVE_MUN": "207", "NOMGEO": "Tres Valles", "estado_nombre": "Veracruz de Ignacio de la Llave" }, "geometry": { "type": "Point", "coordinates": [ -96.168495711750595, 18.302766839453188 ] } },
{ "type": "Feature", "properties": { "CVEGEO": "30204", "CVE_ENT": "30", "CVE_MUN": "204", "NOMGEO": "Agua Dulce", "estado_nombre": "Veracruz de Ignacio de la Llave" }, "geometry": { "type": "Point", "coordinates": [ -94.160761828043945, 18.084869744797842 ] } },
{ "type": "Feature", "properties": { "CVEGEO": "30202", "CVE_ENT": "30", "CVE_MUN": "202", "NOMGEO": "Zontecomatlán de López y Fuentes", "estado_nombre": "Veracruz de Ignacio de la Llave" }, "geometry": { "type": "Point", "coordinates": [ -98.303120362551738, 20.734326507755945 ] } },
{ "type": "Feature", "properties": { "CVEGEO": "30200", "CVE_ENT": "30", "CVE_MUN": "200", "NOMGEO": "Zentla", "estado_nombre": "Veracruz de Ignacio de la Llave" }, "geometry": { "type": "Point", "coordinates": [ -96.733827081365618, 19.067167553896809 ] } },
{ "type": "Feature", "properties": { "CVEGEO": "30186", "CVE_ENT": "30", "CVE_MUN": "186", "NOMGEO": "Tomatlán", "estado_nombre": "Veracruz de Ignacio de la Llave" }, "geometry": { "type": "Point", "coordinates": [ -96.996846133764251, 19.021855192161667 ] } },
{ "type": "Feature", "properties": { "CVEGEO": "30197", "CVE_ENT": "30", "CVE_MUN": "197", "NOMGEO": "Yecuatla", "estado_nombre": "Veracruz de Ignacio de la Llave" }, "geometry": { "type": "Point", "coordinates": [ -96.773415466547306, 19.848167858423157 ] } },
{ "type": "Feature", "properties": { "CVEGEO": "30196", "CVE_ENT": "30", "CVE_MUN": "196", "NOMGEO": "Yanga", "estado_nombre": "Veracruz de Ignacio de la Llave" }, "geometry": { "type": "Point", "coordinates": [ -96.799639613490001, 18.826473496676776 ] } },
{ "type": "Feature", "properties": { "CVEGEO": "30137", "CVE_ENT": "30", "CVE_MUN": "137", "NOMGEO": "Los Reyes", "estado_nombre": "Veracruz de Ignacio de la Llave" }, "geometry": { "type": "Point", "coordinates": [ -97.043438521674844, 18.67397933066464 ] } },
{ "type": "Feature", "properties": { "CVEGEO": "30184", "CVE_ENT": "30", "CVE_MUN": "184", "NOMGEO": "Tlaquilpa", "estado_nombre": "Veracruz de Ignacio de la Llave" }, "geometry": { "type": "Point", "coordinates": [ -97.10486705149367, 18.609408139271327 ] } },
{ "type": "Feature", "properties": { "CVEGEO": "30105", "CVE_ENT": "30", "CVE_MUN": "105", "NOMGEO": "Medellín de Bravo", "estado_nombre": "Veracruz de Ignacio de la Llave" }, "geometry": { "type": "Point", "coordinates": [ -96.161910902289449, 18.988277745133768 ] } },
{ "type": "Feature", "properties": { "CVEGEO": "30043", "CVE_ENT": "30", "CVE_MUN": "043", "NOMGEO": "Comapa", "estado_nombre": "Veracruz de Ignacio de la Llave" }, "geometry": { "type": "Point", "coordinates": [ -96.68554216139475, 19.139169111480808 ] } },
{ "type": "Feature", "properties": { "CVEGEO": "30042", "CVE_ENT": "30", "CVE_MUN": "042", "NOMGEO": "Colipa", "estado_nombre": "Veracruz de Ignacio de la Llave" }, "geometry": { "type": "Point", "coordinates": [ -96.705180235994149, 19.933517978049238 ] } },
{ "type": "Feature", "properties": { "CVEGEO": "30019", "CVE_ENT": "30", "CVE_MUN": "019", "NOMGEO": "Astacinga", "estado_nombre": "Veracruz de Ignacio de la Llave" }, "geometry": { "type": "Point", "coordinates": [ -97.100340961071865, 18.561755593132151 ] } },
{ "type": "Feature", "properties": { "CVEGEO": "30163", "CVE_ENT": "30", "CVE_MUN": "163", "NOMGEO": "Tenochtitlán", "estado_nombre": "Veracruz de Ignacio de la Llave" }, "geometry": { "type": "Point", "coordinates": [ -96.939210241599426, 19.814513017207908 ] } },
{ "type": "Feature", "properties": { "CVEGEO": "30115", "CVE_ENT": "30", "CVE_MUN": "115", "NOMGEO": "Nogales", "estado_nombre": "Veracruz de Ignacio de la Llave" }, "geometry": { "type": "Point", "coordinates": [ -97.198997207211079, 18.825355997567474 ] } },
{ "type": "Feature", "properties": { "CVEGEO": "30114", "CVE_ENT": "30", "CVE_MUN": "114", "NOMGEO": "Nautla", "estado_nombre": "Veracruz de Ignacio de la Llave" }, "geometry": { "type": "Point", "coordinates": [ -96.793251036068497, 20.107019283126604 ] } },
{ "type": "Feature", "properties": { "CVEGEO": "30113", "CVE_ENT": "30", "CVE_MUN": "113", "NOMGEO": "Naranjal", "estado_nombre": "Veracruz de Ignacio de la Llave" }, "geometry": { "type": "Point", "coordinates": [ -96.957058566916274, 18.794887715757234 ] } },
{ "type": "Feature", "properties": { "CVEGEO": "30010", "CVE_ENT": "30", "CVE_MUN": "010", "NOMGEO": "Altotonga", "estado_nombre": "Veracruz de Ignacio de la Llave" }, "geometry": { "type": "Point", "coordinates": [ -97.127330965873611, 19.776274654548754 ] } },
{ "type": "Feature", "properties": { "CVEGEO": "30097", "CVE_ENT": "30", "CVE_MUN": "097", "NOMGEO": "Lerdo de Tejada", "estado_nombre": "Veracruz de Ignacio de la Llave" }, "geometry": { "type": "Point", "coordinates": [ -95.500579715533405, 18.65661570202866 ] } },
{ "type": "Feature", "properties": { "CVEGEO": "30087", "CVE_ENT": "30", "CVE_MUN": "087", "NOMGEO": "Xalapa", "estado_nombre": "Veracruz de Ignacio de la Llave" }, "geometry": { "type": "Point", "coordinates": [ -96.888333526633616, 19.543857628272157 ] } },
{ "type": "Feature", "properties": { "CVEGEO": "30149", "CVE_ENT": "30", "CVE_MUN": "149", "NOMGEO": "Soteapan", "estado_nombre": "Veracruz de Ignacio de la Llave" }, "geometry": { "type": "Point", "coordinates": [ -94.900795518028332, 18.23697564222098 ] } },
{ "type": "Feature", "properties": { "CVEGEO": "30150", "CVE_ENT": "30", "CVE_MUN": "150", "NOMGEO": "Tamalín", "estado_nombre": "Veracruz de Ignacio de la Llave" }, "geometry": { "type": "Point", "coordinates": [ -97.637729534402368, 21.515283187087846 ] } },
{ "type": "Feature", "properties": { "CVEGEO": "30148", "CVE_ENT": "30", "CVE_MUN": "148", "NOMGEO": "Soledad de Doblado", "estado_nombre": "Veracruz de Ignacio de la Llave" }, "geometry": { "type": "Point", "coordinates": [ -96.453177063145247, 19.048915360056338 ] } },
{ "type": "Feature", "properties": { "CVEGEO": "30147", "CVE_ENT": "30", "CVE_MUN": "147", "NOMGEO": "Soledad Atzompa", "estado_nombre": "Veracruz de Ignacio de la Llave" }, "geometry": { "type": "Point", "coordinates": [ -97.186244744023867, 18.706895953474472 ] } },
{ "type": "Feature", "properties": { "CVEGEO": "30064", "CVE_ENT": "30", "CVE_MUN": "064", "NOMGEO": "Chumatlán", "estado_nombre": "Veracruz de Ignacio de la Llave" }, "geometry": { "type": "Point", "coordinates": [ -97.58506800378504, 20.222808369080287 ] } },
{ "type": "Feature", "properties": { "CVEGEO": "30074", "CVE_ENT": "30", "CVE_MUN": "074", "NOMGEO": "Huiloapan de Cuauhtémoc", "estado_nombre": "Veracruz de Ignacio de la Llave" }, "geometry": { "type": "Point", "coordinates": [ -97.133102007147144, 18.817307214937145 ] } },
{ "type": "Feature", "properties": { "CVEGEO": "30168", "CVE_ENT": "30", "CVE_MUN": "168", "NOMGEO": "Tequila", "estado_nombre": "Veracruz de Ignacio de la Llave" }, "geometry": { "type": "Point", "coordinates": [ -97.044343754863746, 18.736802486463393 ] } },
{ "type": "Feature", "properties": { "CVEGEO": "30166", "CVE_ENT": "30", "CVE_MUN": "166", "NOMGEO": "Tepetlán", "estado_nombre": "Veracruz de Ignacio de la Llave" }, "geometry": { "type": "Point", "coordinates": [ -96.773304347444508, 19.66861358503931 ] } },
{ "type": "Feature", "properties": { "CVEGEO": "30165", "CVE_ENT": "30", "CVE_MUN": "165", "NOMGEO": "Tepatlaxco", "estado_nombre": "Veracruz de Ignacio de la Llave" }, "geometry": { "type": "Point", "coordinates": [ -96.853211149533976, 19.044977491841948 ] } },
{ "type": "Feature", "properties": { "CVEGEO": "30164", "CVE_ENT": "30", "CVE_MUN": "164", "NOMGEO": "Teocelo", "estado_nombre": "Veracruz de Ignacio de la Llave" }, "geometry": { "type": "Point", "coordinates": [ -96.941568125815422, 19.37380336398326 ] } },
{ "type": "Feature", "properties": { "CVEGEO": "30126", "CVE_ENT": "30", "CVE_MUN": "126", "NOMGEO": "Paso de Ovejas", "estado_nombre": "Veracruz de Ignacio de la Llave" }, "geometry": { "type": "Point", "coordinates": [ -96.450049159434329, 19.24636712895413 ] } },
{ "type": "Feature", "properties": { "CVEGEO": "30050", "CVE_ENT": "30", "CVE_MUN": "050", "NOMGEO": "Coxquihui", "estado_nombre": "Veracruz de Ignacio de la Llave" }, "geometry": { "type": "Point", "coordinates": [ -97.55029855176933, 20.214630199777925 ] } },
{ "type": "Feature", "properties": { "CVEGEO": "30046", "CVE_ENT": "30", "CVE_MUN": "046", "NOMGEO": "Cosautlán de Carvajal", "estado_nombre": "Veracruz de Ignacio de la Llave" }, "geometry": { "type": "Point", "coordinates": [ -96.967139709529192, 19.331448862845924 ] } },
{ "type": "Feature", "properties": { "CVEGEO": "30004", "CVE_ENT": "30", "CVE_MUN": "004", "NOMGEO": "Actopan", "estado_nombre": "Veracruz de Ignacio de la Llave" }, "geometry": { "type": "Point", "coordinates": [ -96.528505004894939, 19.546278338156139 ] } },
{ "type": "Feature", "properties": { "CVEGEO": "30128", "CVE_ENT": "30", "CVE_MUN": "128", "NOMGEO": "Perote", "estado_nombre": "Veracruz de Ignacio de la Llave" }, "geometry": { "type": "Point", "coordinates": [ -97.278895944116215, 19.528437494281462 ] } },
{ "type": "Feature", "properties": { "CVEGEO": "30145", "CVE_ENT": "30", "CVE_MUN": "145", "NOMGEO": "Soconusco", "estado_nombre": "Veracruz de Ignacio de la Llave" }, "geometry": { "type": "Point", "coordinates": [ -94.834646044285151, 18.00248921700484 ] } },
{ "type": "Feature", "properties": { "CVEGEO": "30146", "CVE_ENT": "30", "CVE_MUN": "146", "NOMGEO": "Sochiapa", "estado_nombre": "Veracruz de Ignacio de la Llave" }, "geometry": { "type": "Point", "coordinates": [ -96.922315461102144, 19.173207413492538 ] } },
{ "type": "Feature", "properties": { "CVEGEO": "30098", "CVE_ENT": "30", "CVE_MUN": "098", "NOMGEO": "Magdalena", "estado_nombre": "Veracruz de Ignacio de la Llave" }, "geometry": { "type": "Point", "coordinates": [ -97.046185086085771, 18.767207232450634 ] } },
{ "type": "Feature", "properties": { "CVEGEO": "30107", "CVE_ENT": "30", "CVE_MUN": "107", "NOMGEO": "Las Minas", "estado_nombre": "Veracruz de Ignacio de la Llave" }, "geometry": { "type": "Point", "coordinates": [ -97.1499033577159, 19.703864999721024 ] } },
{ "type": "Feature", "properties": { "CVEGEO": "30116", "CVE_ENT": "30", "CVE_MUN": "116", "NOMGEO": "Oluta", "estado_nombre": "Veracruz de Ignacio de la Llave" }, "geometry": { "type": "Point", "coordinates": [ -94.891653247057533, 17.903217402987014 ] } },
{ "type": "Feature", "properties": { "CVEGEO": "30131", "CVE_ENT": "30", "CVE_MUN": "131", "NOMGEO": "Poza Rica de Hidalgo", "estado_nombre": "Veracruz de Ignacio de la Llave" }, "geometry": { "type": "Point", "coordinates": [ -97.438471879199852, 20.530048881740228 ] } },
{ "type": "Feature", "properties": { "CVEGEO": "30136", "CVE_ENT": "30", "CVE_MUN": "136", "NOMGEO": "Rafael Lucio", "estado_nombre": "Veracruz de Ignacio de la Llave" }, "geometry": { "type": "Point", "coordinates": [ -96.984826138924319, 19.599590567363325 ] } },
{ "type": "Feature", "properties": { "CVEGEO": "30138", "CVE_ENT": "30", "CVE_MUN": "138", "NOMGEO": "Río Blanco", "estado_nombre": "Veracruz de Ignacio de la Llave" }, "geometry": { "type": "Point", "coordinates": [ -97.150919899356751, 18.844498310062264 ] } },
{ "type": "Feature", "properties": { "CVEGEO": "30140", "CVE_ENT": "30", "CVE_MUN": "140", "NOMGEO": "San Andrés Tenejapan", "estado_nombre": "Veracruz de Ignacio de la Llave" }, "geometry": { "type": "Point", "coordinates": [ -97.093021056343972, 18.772260118038478 ] } },
{ "type": "Feature", "properties": { "CVEGEO": "30156", "CVE_ENT": "30", "CVE_MUN": "156", "NOMGEO": "Tatatila", "estado_nombre": "Veracruz de Ignacio de la Llave" }, "geometry": { "type": "Point", "coordinates": [ -97.084188097523153, 19.711566753241407 ] } },
{ "type": "Feature", "properties": { "CVEGEO": "30157", "CVE_ENT": "30", "CVE_MUN": "157", "NOMGEO": "Castillo de Teayo", "estado_nombre": "Veracruz de Ignacio de la Llave" }, "geometry": { "type": "Point", "coordinates": [ -97.669085849376813, 20.731943145353767 ] } },
{ "type": "Feature", "properties": { "CVEGEO": "30158", "CVE_ENT": "30", "CVE_MUN": "158", "NOMGEO": "Tecolutla", "estado_nombre": "Veracruz de Ignacio de la Llave" }, "geometry": { "type": "Point", "coordinates": [ -97.025283173527399, 20.385576782977235 ] } },
{ "type": "Feature", "properties": { "CVEGEO": "30159", "CVE_ENT": "30", "CVE_MUN": "159", "NOMGEO": "Tehuipango", "estado_nombre": "Veracruz de Ignacio de la Llave" }, "geometry": { "type": "Point", "coordinates": [ -97.052421961372147, 18.52987455360471 ] } },
{ "type": "Feature", "properties": { "CVEGEO": "30160", "CVE_ENT": "30", "CVE_MUN": "160", "NOMGEO": "Álamo Temapache", "estado_nombre": "Veracruz de Ignacio de la Llave" }, "geometry": { "type": "Point", "coordinates": [ -97.710211296873069, 20.971147655186066 ] } },
{ "type": "Feature", "properties": { "CVEGEO": "30161", "CVE_ENT": "30", "CVE_MUN": "161", "NOMGEO": "Tempoal", "estado_nombre": "Veracruz de Ignacio de la Llave" }, "geometry": { "type": "Point", "coordinates": [ -98.381609130891562, 21.56885045429058 ] } },
{ "type": "Feature", "properties": { "CVEGEO": "30162", "CVE_ENT": "30", "CVE_MUN": "162", "NOMGEO": "Tenampa", "estado_nombre": "Veracruz de Ignacio de la Llave" }, "geometry": { "type": "Point", "coordinates": [ -96.84099227743458, 19.260296506008178 ] } },
{ "type": "Feature", "properties": { "CVEGEO": "30078", "CVE_ENT": "30", "CVE_MUN": "078", "NOMGEO": "Ixcatepec", "estado_nombre": "Veracruz de Ignacio de la Llave" }, "geometry": { "type": "Point", "coordinates": [ -98.020997609798712, 21.238595028296047 ] } },
{ "type": "Feature", "properties": { "CVEGEO": "30167", "CVE_ENT": "30", "CVE_MUN": "167", "NOMGEO": "Tepetzintla", "estado_nombre": "Veracruz de Ignacio de la Llave" }, "geometry": { "type": "Point", "coordinates": [ -97.863055581708764, 21.148662458349204 ] } },
{ "type": "Feature", "properties": { "CVEGEO": "30169", "CVE_ENT": "30", "CVE_MUN": "169", "NOMGEO": "José Azueta", "estado_nombre": "Veracruz de Ignacio de la Llave" }, "geometry": { "type": "Point", "coordinates": [ -95.702087941971698, 18.114120970955174 ] } },
{ "type": "Feature", "properties": { "CVEGEO": "30185", "CVE_ENT": "30", "CVE_MUN": "185", "NOMGEO": "Tlilapan", "estado_nombre": "Veracruz de Ignacio de la Llave" }, "geometry": { "type": "Point", "coordinates": [ -97.077332253755756, 18.794398580529659 ] } },
{ "type": "Feature", "properties": { "CVEGEO": "30190", "CVE_ENT": "30", "CVE_MUN": "190", "NOMGEO": "Tuxtilla", "estado_nombre": "Veracruz de Ignacio de la Llave" }, "geometry": { "type": "Point", "coordinates": [ -95.880143425504514, 18.187901781717486 ] } },
{ "type": "Feature", "properties": { "CVEGEO": "30003", "CVE_ENT": "30", "CVE_MUN": "003", "NOMGEO": "Acayucan", "estado_nombre": "Veracruz de Ignacio de la Llave" }, "geometry": { "type": "Point", "coordinates": [ -95.032611360095871, 18.036679302123126 ] } },
{ "type": "Feature", "properties": { "CVEGEO": "30194", "CVE_ENT": "30", "CVE_MUN": "194", "NOMGEO": "Villa Aldama", "estado_nombre": "Veracruz de Ignacio de la Llave" }, "geometry": { "type": "Point", "coordinates": [ -97.202932110548787, 19.651949208079973 ] } },
{ "type": "Feature", "properties": { "CVEGEO": "30199", "CVE_ENT": "30", "CVE_MUN": "199", "NOMGEO": "Zaragoza", "estado_nombre": "Veracruz de Ignacio de la Llave" }, "geometry": { "type": "Point", "coordinates": [ -94.638675238415217, 17.950477682109483 ] } },
{ "type": "Feature", "properties": { "CVEGEO": "30206", "CVE_ENT": "30", "CVE_MUN": "206", "NOMGEO": "Nanchital de Lázaro Cárdenas del Río", "estado_nombre": "Veracruz de Ignacio de la Llave" }, "geometry": { "type": "Point", "coordinates": [ -94.391360987161875, 18.062773398172297 ] } },
{ "type": "Feature", "properties": { "CVEGEO": "30011", "CVE_ENT": "30", "CVE_MUN": "011", "NOMGEO": "Alvarado", "estado_nombre": "Veracruz de Ignacio de la Llave" }, "geometry": { "type": "Point", "coordinates": [ -95.850321173572581, 18.800096928315977 ] } },
{ "type": "Feature", "properties": { "CVEGEO": "30012", "CVE_ENT": "30", "CVE_MUN": "012", "NOMGEO": "Amatitlán", "estado_nombre": "Veracruz de Ignacio de la Llave" }, "geometry": { "type": "Point", "coordinates": [ -95.689723789509827, 18.432957561178661 ] } },
{ "type": "Feature", "properties": { "CVEGEO": "30015", "CVE_ENT": "30", "CVE_MUN": "015", "NOMGEO": "Angel R. Cabada", "estado_nombre": "Veracruz de Ignacio de la Llave" }, "geometry": { "type": "Point", "coordinates": [ -95.392319822552238, 18.602060022773045 ] } },
{ "type": "Feature", "properties": { "CVEGEO": "30016", "CVE_ENT": "30", "CVE_MUN": "016", "NOMGEO": "La Antigua", "estado_nombre": "Veracruz de Ignacio de la Llave" }, "geometry": { "type": "Point", "coordinates": [ -96.308947288438773, 19.310172164800971 ] } },
{ "type": "Feature", "properties": { "CVEGEO": "30017", "CVE_ENT": "30", "CVE_MUN": "017", "NOMGEO": "Apazapan", "estado_nombre": "Veracruz de Ignacio de la Llave" }, "geometry": { "type": "Point", "coordinates": [ -96.670040607239173, 19.338234255884647 ] } },
{ "type": "Feature", "properties": { "CVEGEO": "30117", "CVE_ENT": "30", "CVE_MUN": "117", "NOMGEO": "Omealca", "estado_nombre": "Veracruz de Ignacio de la Llave" }, "geometry": { "type": "Point", "coordinates": [ -96.703202068263266, 18.712033150988905 ] } },
{ "type": "Feature", "properties": { "CVEGEO": "30044", "CVE_ENT": "30", "CVE_MUN": "044", "NOMGEO": "Córdoba", "estado_nombre": "Veracruz de Ignacio de la Llave" }, "geometry": { "type": "Point", "coordinates": [ -96.938457440137753, 18.932367826272063 ] } },
{ "type": "Feature", "properties": { "CVEGEO": "30047", "CVE_ENT": "30", "CVE_MUN": "047", "NOMGEO": "Coscomatepec", "estado_nombre": "Veracruz de Ignacio de la Llave" }, "geometry": { "type": "Point", "coordinates": [ -97.089466443891496, 19.053322860731125 ] } },
{ "type": "Feature", "properties": { "CVEGEO": "30049", "CVE_ENT": "30", "CVE_MUN": "049", "NOMGEO": "Cotaxtla", "estado_nombre": "Veracruz de Ignacio de la Llave" }, "geometry": { "type": "Point", "coordinates": [ -96.36619139335059, 18.862688689313575 ] } },
{ "type": "Feature", "properties": { "CVEGEO": "30052", "CVE_ENT": "30", "CVE_MUN": "052", "NOMGEO": "Cuichapa", "estado_nombre": "Veracruz de Ignacio de la Llave" }, "geometry": { "type": "Point", "coordinates": [ -96.820913914788363, 18.767557989408292 ] } },
{ "type": "Feature", "properties": { "CVEGEO": "30099", "CVE_ENT": "30", "CVE_MUN": "099", "NOMGEO": "Maltrata", "estado_nombre": "Veracruz de Ignacio de la Llave" }, "geometry": { "type": "Point", "coordinates": [ -97.26566390636242, 18.836525749093944 ] } },
{ "type": "Feature", "properties": { "CVEGEO": "30100", "CVE_ENT": "30", "CVE_MUN": "100", "NOMGEO": "Manlio Fabio Altamirano", "estado_nombre": "Veracruz de Ignacio de la Llave" }, "geometry": { "type": "Point", "coordinates": [ -96.33945018928992, 19.104865173902063 ] } },
{ "type": "Feature", "properties": { "CVEGEO": "30198", "CVE_ENT": "30", "CVE_MUN": "198", "NOMGEO": "Zacualpan", "estado_nombre": "Veracruz de Ignacio de la Llave" }, "geometry": { "type": "Point", "coordinates": [ -98.344065136810073, 20.495443246252634 ] } },
{ "type": "Feature", "properties": { "CVEGEO": "30139", "CVE_ENT": "30", "CVE_MUN": "139", "NOMGEO": "Saltabarranca", "estado_nombre": "Veracruz de Ignacio de la Llave" }, "geometry": { "type": "Point", "coordinates": [ -95.521372397959112, 18.561972480573971 ] } },
{ "type": "Feature", "properties": { "CVEGEO": "30041", "CVE_ENT": "30", "CVE_MUN": "041", "NOMGEO": "Coetzala", "estado_nombre": "Veracruz de Ignacio de la Llave" }, "geometry": { "type": "Point", "coordinates": [ -96.921520012097403, 18.775412733101568 ] } },
{ "type": "Feature", "properties": { "CVEGEO": "30058", "CVE_ENT": "30", "CVE_MUN": "058", "NOMGEO": "Chicontepec", "estado_nombre": "Veracruz de Ignacio de la Llave" }, "geometry": { "type": "Point", "coordinates": [ -98.040622462715277, 21.003252524288229 ] } },
{ "type": "Feature", "properties": { "CVEGEO": "30135", "CVE_ENT": "30", "CVE_MUN": "135", "NOMGEO": "Rafael Delgado", "estado_nombre": "Veracruz de Ignacio de la Llave" }, "geometry": { "type": "Point", "coordinates": [ -97.09560037560864, 18.802929815722273 ] } },
{ "type": "Feature", "properties": { "CVEGEO": "30176", "CVE_ENT": "30", "CVE_MUN": "176", "NOMGEO": "Tlacojalpan", "estado_nombre": "Veracruz de Ignacio de la Llave" }, "geometry": { "type": "Point", "coordinates": [ -95.946487562374969, 18.19605643023414 ] } },
{ "type": "Feature", "properties": { "CVEGEO": "30120", "CVE_ENT": "30", "CVE_MUN": "120", "NOMGEO": "Oteapan", "estado_nombre": "Veracruz de Ignacio de la Llave" }, "geometry": { "type": "Point", "coordinates": [ -94.6736242831238, 17.988796471162917 ] } },
{ "type": "Feature", "properties": { "CVEGEO": "30020", "CVE_ENT": "30", "CVE_MUN": "020", "NOMGEO": "Atlahuilco", "estado_nombre": "Veracruz de Ignacio de la Llave" }, "geometry": { "type": "Point", "coordinates": [ -97.107927378843712, 18.679112361266206 ] } },
{ "type": "Feature", "properties": { "CVEGEO": "30021", "CVE_ENT": "30", "CVE_MUN": "021", "NOMGEO": "Atoyac", "estado_nombre": "Veracruz de Ignacio de la Llave" }, "geometry": { "type": "Point", "coordinates": [ -96.796543801402805, 18.927929484533813 ] } },
{ "type": "Feature", "properties": { "CVEGEO": "30022", "CVE_ENT": "30", "CVE_MUN": "022", "NOMGEO": "Atzacan", "estado_nombre": "Veracruz de Ignacio de la Llave" }, "geometry": { "type": "Point", "coordinates": [ -97.077894667958063, 18.94432572074945 ] } },
{ "type": "Feature", "properties": { "CVEGEO": "30023", "CVE_ENT": "30", "CVE_MUN": "023", "NOMGEO": "Atzalan", "estado_nombre": "Veracruz de Ignacio de la Llave" }, "geometry": { "type": "Point", "coordinates": [ -97.115762986500059, 19.908126829517531 ] } },
{ "type": "Feature", "properties": { "CVEGEO": "30024", "CVE_ENT": "30", "CVE_MUN": "024", "NOMGEO": "Tlaltetela", "estado_nombre": "Veracruz de Ignacio de la Llave" }, "geometry": { "type": "Point", "coordinates": [ -96.824795078158857, 19.288459163800592 ] } },
{ "type": "Feature", "properties": { "CVEGEO": "30025", "CVE_ENT": "30", "CVE_MUN": "025", "NOMGEO": "Ayahualulco", "estado_nombre": "Veracruz de Ignacio de la Llave" }, "geometry": { "type": "Point", "coordinates": [ -97.183100344514003, 19.402395672298944 ] } },
{ "type": "Feature", "properties": { "CVEGEO": "30026", "CVE_ENT": "30", "CVE_MUN": "026", "NOMGEO": "Banderilla", "estado_nombre": "Veracruz de Ignacio de la Llave" }, "geometry": { "type": "Point", "coordinates": [ -96.942940251020971, 19.586786384208349 ] } },
{ "type": "Feature", "properties": { "CVEGEO": "30027", "CVE_ENT": "30", "CVE_MUN": "027", "NOMGEO": "Benito Juárez", "estado_nombre": "Veracruz de Ignacio de la Llave" }, "geometry": { "type": "Point", "coordinates": [ -98.178633493334672, 20.819242215747153 ] } },
{ "type": "Feature", "properties": { "CVEGEO": "30028", "CVE_ENT": "30", "CVE_MUN": "028", "NOMGEO": "Boca del Río", "estado_nombre": "Veracruz de Ignacio de la Llave" }, "geometry": { "type": "Point", "coordinates": [ -96.120970396891948, 19.117455422414007 ] } },
{ "type": "Feature", "properties": { "CVEGEO": "30029", "CVE_ENT": "30", "CVE_MUN": "029", "NOMGEO": "Calcahualco", "estado_nombre": "Veracruz de Ignacio de la Llave" }, "geometry": { "type": "Point", "coordinates": [ -97.178265112271163, 19.113272189875619 ] } },
{ "type": "Feature", "properties": { "CVEGEO": "30030", "CVE_ENT": "30", "CVE_MUN": "030", "NOMGEO": "Camerino Z. Mendoza", "estado_nombre": "Veracruz de Ignacio de la Llave" }, "geometry": { "type": "Point", "coordinates": [ -97.163395405514976, 18.790429823579348 ] } },
{ "type": "Feature", "properties": { "CVEGEO": "30033", "CVE_ENT": "30", "CVE_MUN": "033", "NOMGEO": "Cazones de Herrera", "estado_nombre": "Veracruz de Ignacio de la Llave" }, "geometry": { "type": "Point", "coordinates": [ -97.285482551080477, 20.714449689459347 ] } },
{ "type": "Feature", "properties": { "CVEGEO": "30034", "CVE_ENT": "30", "CVE_MUN": "034", "NOMGEO": "Cerro Azul", "estado_nombre": "Veracruz de Ignacio de la Llave" }, "geometry": { "type": "Point", "coordinates": [ -97.76923097291224, 21.187371536203429 ] } },
{ "type": "Feature", "properties": { "CVEGEO": "30065", "CVE_ENT": "30", "CVE_MUN": "065", "NOMGEO": "Emiliano Zapata", "estado_nombre": "Veracruz de Ignacio de la Llave" }, "geometry": { "type": "Point", "coordinates": [ -96.731421590062368, 19.439997634315809 ] } },
{ "type": "Feature", "properties": { "CVEGEO": "30066", "CVE_ENT": "30", "CVE_MUN": "066", "NOMGEO": "Espinal", "estado_nombre": "Veracruz de Ignacio de la Llave" }, "geometry": { "type": "Point", "coordinates": [ -97.496822368243272, 20.27593468380007 ] } },
{ "type": "Feature", "properties": { "CVEGEO": "30067", "CVE_ENT": "30", "CVE_MUN": "067", "NOMGEO": "Filomeno Mata", "estado_nombre": "Veracruz de Ignacio de la Llave" }, "geometry": { "type": "Point", "coordinates": [ -97.699079741654316, 20.205281617998022 ] } },
{ "type": "Feature", "properties": { "CVEGEO": "30068", "CVE_ENT": "30", "CVE_MUN": "068", "NOMGEO": "Fortín", "estado_nombre": "Veracruz de Ignacio de la Llave" }, "geometry": { "type": "Point", "coordinates": [ -96.990070921139917, 18.902154866869967 ] } },
{ "type": "Feature", "properties": { "CVEGEO": "30070", "CVE_ENT": "30", "CVE_MUN": "070", "NOMGEO": "Hidalgotitlán", "estado_nombre": "Veracruz de Ignacio de la Llave" }, "geometry": { "type": "Point", "coordinates": [ -94.62484278435268, 17.560948285655712 ] } },
{ "type": "Feature", "properties": { "CVEGEO": "30072", "CVE_ENT": "30", "CVE_MUN": "072", "NOMGEO": "Huayacocotla", "estado_nombre": "Veracruz de Ignacio de la Llave" }, "geometry": { "type": "Point", "coordinates": [ -98.467600211660297, 20.517711603788719 ] } },
{ "type": "Feature", "properties": { "CVEGEO": "30073", "CVE_ENT": "30", "CVE_MUN": "073", "NOMGEO": "Hueyapan de Ocampo", "estado_nombre": "Veracruz de Ignacio de la Llave" }, "geometry": { "type": "Point", "coordinates": [ -95.154823062540515, 18.197111744246303 ] } },
{ "type": "Feature", "properties": { "CVEGEO": "30075", "CVE_ENT": "30", "CVE_MUN": "075", "NOMGEO": "Ignacio de la Llave", "estado_nombre": "Veracruz de Ignacio de la Llave" }, "geometry": { "type": "Point", "coordinates": [ -95.963505159970595, 18.665458772149609 ] } },
{ "type": "Feature", "properties": { "CVEGEO": "30112", "CVE_ENT": "30", "CVE_MUN": "112", "NOMGEO": "Naolinco", "estado_nombre": "Veracruz de Ignacio de la Llave" }, "geometry": { "type": "Point", "coordinates": [ -96.840987476762081, 19.633277260293632 ] } },
{ "type": "Feature", "properties": { "CVEGEO": "30109", "CVE_ENT": "30", "CVE_MUN": "109", "NOMGEO": "Misantla", "estado_nombre": "Veracruz de Ignacio de la Llave" }, "geometry": { "type": "Point", "coordinates": [ -96.885437221826862, 19.962586308365015 ] } },
{ "type": "Feature", "properties": { "CVEGEO": "30141", "CVE_ENT": "30", "CVE_MUN": "141", "NOMGEO": "San Andrés Tuxtla", "estado_nombre": "Veracruz de Ignacio de la Llave" }, "geometry": { "type": "Point", "coordinates": [ -95.222192369982011, 18.467267242438638 ] } },
{ "type": "Feature", "properties": { "CVEGEO": "30142", "CVE_ENT": "30", "CVE_MUN": "142", "NOMGEO": "San Juan Evangelista", "estado_nombre": "Veracruz de Ignacio de la Llave" }, "geometry": { "type": "Point", "coordinates": [ -95.16202377160117, 17.765976816687331 ] } },
{ "type": "Feature", "properties": { "CVEGEO": "30143", "CVE_ENT": "30", "CVE_MUN": "143", "NOMGEO": "Santiago Tuxtla", "estado_nombre": "Veracruz de Ignacio de la Llave" }, "geometry": { "type": "Point", "coordinates": [ -95.399834573949434, 18.399318968000383 ] } },
{ "type": "Feature", "properties": { "CVEGEO": "30144", "CVE_ENT": "30", "CVE_MUN": "144", "NOMGEO": "Sayula de Alemán", "estado_nombre": "Veracruz de Ignacio de la Llave" }, "geometry": { "type": "Point", "coordinates": [ -94.945898742570989, 17.724704577695736 ] } },
{ "type": "Feature", "properties": { "CVEGEO": "30151", "CVE_ENT": "30", "CVE_MUN": "151", "NOMGEO": "Tamiahua", "estado_nombre": "Veracruz de Ignacio de la Llave" }, "geometry": { "type": "Point", "coordinates": [ -97.496460960941675, 21.323990930842221 ] } },
{ "type": "Feature", "properties": { "CVEGEO": "30152", "CVE_ENT": "30", "CVE_MUN": "152", "NOMGEO": "Tampico Alto", "estado_nombre": "Veracruz de Ignacio de la Llave" }, "geometry": { "type": "Point", "coordinates": [ -97.778419363871919, 21.936179321057054 ] } },
{ "type": "Feature", "properties": { "CVEGEO": "30153", "CVE_ENT": "30", "CVE_MUN": "153", "NOMGEO": "Tancoco", "estado_nombre": "Veracruz de Ignacio de la Llave" }, "geometry": { "type": "Point", "coordinates": [ -97.778942743963071, 21.2629677266413 ] } },
{ "type": "Feature", "properties": { "CVEGEO": "30154", "CVE_ENT": "30", "CVE_MUN": "154", "NOMGEO": "Tantima", "estado_nombre": "Veracruz de Ignacio de la Llave" }, "geometry": { "type": "Point", "coordinates": [ -97.755951069704665, 21.426956416983465 ] } },
{ "type": "Feature", "properties": { "CVEGEO": "30155", "CVE_ENT": "30", "CVE_MUN": "155", "NOMGEO": "Tantoyuca", "estado_nombre": "Veracruz de Ignacio de la Llave" }, "geometry": { "type": "Point", "coordinates": [ -98.171263314536219, 21.388970094825478 ] } },
{ "type": "Feature", "properties": { "CVEGEO": "30187", "CVE_ENT": "30", "CVE_MUN": "187", "NOMGEO": "Tonayán", "estado_nombre": "Veracruz de Ignacio de la Llave" }, "geometry": { "type": "Point", "coordinates": [ -96.921405709536145, 19.723528340016205 ] } },
{ "type": "Feature", "properties": { "CVEGEO": "30188", "CVE_ENT": "30", "CVE_MUN": "188", "NOMGEO": "Totutla", "estado_nombre": "Veracruz de Ignacio de la Llave" }, "geometry": { "type": "Point", "coordinates": [ -96.897062682811978, 19.226191954384877 ] } },
{ "type": "Feature", "properties": { "CVEGEO": "30189", "CVE_ENT": "30", "CVE_MUN": "189", "NOMGEO": "Tuxpan", "estado_nombre": "Veracruz de Ignacio de la Llave" }, "geometry": { "type": "Point", "coordinates": [ -97.411786967030991, 20.934794505396198 ] } },
{ "type": "Feature", "properties": { "CVEGEO": "30191", "CVE_ENT": "30", "CVE_MUN": "191", "NOMGEO": "Ursulo Galván", "estado_nombre": "Veracruz de Ignacio de la Llave" }, "geometry": { "type": "Point", "coordinates": [ -96.387531484839585, 19.437640161811306 ] } },
{ "type": "Feature", "properties": { "CVEGEO": "30192", "CVE_ENT": "30", "CVE_MUN": "192", "NOMGEO": "Vega de Alatorre", "estado_nombre": "Veracruz de Ignacio de la Llave" }, "geometry": { "type": "Point", "coordinates": [ -96.634262171197093, 19.976843516018896 ] } },
{ "type": "Feature", "properties": { "CVEGEO": "30195", "CVE_ENT": "30", "CVE_MUN": "195", "NOMGEO": "Xoxocotla", "estado_nombre": "Veracruz de Ignacio de la Llave" }, "geometry": { "type": "Point", "coordinates": [ -97.163579519832169, 18.632674973972009 ] } },
{ "type": "Feature", "properties": { "CVEGEO": "30210", "CVE_ENT": "30", "CVE_MUN": "210", "NOMGEO": "Uxpanapa", "estado_nombre": "Veracruz de Ignacio de la Llave" }, "geometry": { "type": "Point", "coordinates": [ -94.361361233321063, 17.280829607791553 ] } },
{ "type": "Feature", "properties": { "CVEGEO": "30211", "CVE_ENT": "30", "CVE_MUN": "211", "NOMGEO": "San Rafael", "estado_nombre": "Veracruz de Ignacio de la Llave" }, "geometry": { "type": "Point", "coordinates": [ -96.915217124659975, 20.217288616846854 ] } },
{ "type": "Feature", "properties": { "CVEGEO": "30212", "CVE_ENT": "30", "CVE_MUN": "212", "NOMGEO": "Santiago Sochiapan", "estado_nombre": "Veracruz de Ignacio de la Llave" }, "geometry": { "type": "Point", "coordinates": [ -95.664942618567878, 17.625100719335265 ] } },
{ "type": "Feature", "properties": { "CVEGEO": "30048", "CVE_ENT": "30", "CVE_MUN": "048", "NOMGEO": "Cosoleacaque", "estado_nombre": "Veracruz de Ignacio de la Llave" }, "geometry": { "type": "Point", "coordinates": [ -94.568080301156726, 18.016242609254427 ] } },
{ "type": "Feature", "properties": { "CVEGEO": "30059", "CVE_ENT": "30", "CVE_MUN": "059", "NOMGEO": "Chinameca", "estado_nombre": "Veracruz de Ignacio de la Llave" }, "geometry": { "type": "Point", "coordinates": [ -94.701180417818051, 18.059832352663541 ] } },
{ "type": "Feature", "properties": { "CVEGEO": "30209", "CVE_ENT": "30", "CVE_MUN": "209", "NOMGEO": "Tatahuicapan de Juárez", "estado_nombre": "Veracruz de Ignacio de la Llave" }, "geometry": { "type": "Point", "coordinates": [ -94.786935732795314, 18.367897995389239 ] } },
{ "type": "Feature", "properties": { "CVEGEO": "30173", "CVE_ENT": "30", "CVE_MUN": "173", "NOMGEO": "Tezonapa", "estado_nombre": "Veracruz de Ignacio de la Llave" }, "geometry": { "type": "Point", "coordinates": [ -96.776196391336313, 18.579707680733428 ] } },
{ "type": "Feature", "properties": { "CVEGEO": "30205", "CVE_ENT": "30", "CVE_MUN": "205", "NOMGEO": "El Higo", "estado_nombre": "Veracruz de Ignacio de la Llave" }, "geometry": { "type": "Point", "coordinates": [ -98.418920664650059, 21.749268738801302 ] } },
{ "type": "Feature", "properties": { "CVEGEO": "30203", "CVE_ENT": "30", "CVE_MUN": "203", "NOMGEO": "Zozocolco de Hidalgo", "estado_nombre": "Veracruz de Ignacio de la Llave" }, "geometry": { "type": "Point", "coordinates": [ -97.558573948790354, 20.133936024242161 ] } },
{ "type": "Feature", "properties": { "CVEGEO": "30031", "CVE_ENT": "30", "CVE_MUN": "031", "NOMGEO": "Carrillo Puerto", "estado_nombre": "Veracruz de Ignacio de la Llave" }, "geometry": { "type": "Point", "coordinates": [ -96.581923233113869, 18.81662190792553 ] } },
{ "type": "Feature", "properties": { "CVEGEO": "30079", "CVE_ENT": "30", "CVE_MUN": "079", "NOMGEO": "Ixhuacán de los Reyes", "estado_nombre": "Veracruz de Ignacio de la Llave" }, "geometry": { "type": "Point", "coordinates": [ -97.092269010088941, 19.365568074505109 ] } },
{ "type": "Feature", "properties": { "CVEGEO": "30069", "CVE_ENT": "30", "CVE_MUN": "069", "NOMGEO": "Gutiérrez Zamora", "estado_nombre": "Veracruz de Ignacio de la Llave" }, "geometry": { "type": "Point", "coordinates": [ -97.10959091677698, 20.44637395204354 ] } },
{ "type": "Feature", "properties": { "CVEGEO": "30101", "CVE_ENT": "30", "CVE_MUN": "101", "NOMGEO": "Mariano Escobedo", "estado_nombre": "Veracruz de Ignacio de la Llave" }, "geometry": { "type": "Point", "coordinates": [ -97.183851401572682, 18.932972942360166 ] } },
{ "type": "Feature", "properties": { "CVEGEO": "30103", "CVE_ENT": "30", "CVE_MUN": "103", "NOMGEO": "Mecatlán", "estado_nombre": "Veracruz de Ignacio de la Llave" }, "geometry": { "type": "Point", "coordinates": [ -97.652615005759827, 20.208008572230288 ] } },
{ "type": "Feature", "properties": { "CVEGEO": "30104", "CVE_ENT": "30", "CVE_MUN": "104", "NOMGEO": "Mecayapan", "estado_nombre": "Veracruz de Ignacio de la Llave" }, "geometry": { "type": "Point", "coordinates": [ -94.816058954694725, 18.289336199783126 ] } },
{ "type": "Feature", "properties": { "CVEGEO": "30106", "CVE_ENT": "30", "CVE_MUN": "106", "NOMGEO": "Miahuatlán", "estado_nombre": "Veracruz de Ignacio de la Llave" }, "geometry": { "type": "Point", "coordinates": [ -96.881446344551037, 19.724035252008211 ] } },
{ "type": "Feature", "properties": { "CVEGEO": "30102", "CVE_ENT": "30", "CVE_MUN": "102", "NOMGEO": "Martínez de la Torre", "estado_nombre": "Veracruz de Ignacio de la Llave" }, "geometry": { "type": "Point", "coordinates": [ -97.051032736452527, 20.133548161265697 ] } },
{ "type": "Feature", "properties": { "CVEGEO": "30108", "CVE_ENT": "30", "CVE_MUN": "108", "NOMGEO": "Minatitlán", "estado_nombre": "Veracruz de Ignacio de la Llave" }, "geometry": { "type": "Point", "coordinates": [ -94.38869484061938, 17.711378960442779 ] } },
{ "type": "Feature", "properties": { "CVEGEO": "30193", "CVE_ENT": "30", "CVE_MUN": "193", "NOMGEO": "Veracruz", "estado_nombre": "Veracruz de Ignacio de la Llave" }, "geometry": { "type": "Point", "coordinates": [ -96.221228704550938, 19.186248457658781 ] } },
{ "type": "Feature", "properties": { "CVEGEO": "30177", "CVE_ENT": "30", "CVE_MUN": "177", "NOMGEO": "Tlacolulan", "estado_nombre": "Veracruz de Ignacio de la Llave" }, "geometry": { "type": "Point", "coordinates": [ -97.004634206266459, 19.702009208789974 ] } },
{ "type": "Feature", "properties": { "CVEGEO": "30179", "CVE_ENT": "30", "CVE_MUN": "179", "NOMGEO": "Tlacotepec de Mejía", "estado_nombre": "Veracruz de Ignacio de la Llave" }, "geometry": { "type": "Point", "coordinates": [ -96.781284806558702, 19.183286722241604 ] } },
{ "type": "Feature", "properties": { "CVEGEO": "30174", "CVE_ENT": "30", "CVE_MUN": "174", "NOMGEO": "Tierra Blanca", "estado_nombre": "Veracruz de Ignacio de la Llave" }, "geometry": { "type": "Point", "coordinates": [ -96.286451945046522, 18.549834298813842 ] } },
{ "type": "Feature", "properties": { "CVEGEO": "30172", "CVE_ENT": "30", "CVE_MUN": "172", "NOMGEO": "Texistepec", "estado_nombre": "Veracruz de Ignacio de la Llave" }, "geometry": { "type": "Point", "coordinates": [ -94.797047769391796, 17.785488087888826 ] } },
{ "type": "Feature", "properties": { "CVEGEO": "30171", "CVE_ENT": "30", "CVE_MUN": "171", "NOMGEO": "Texhuacán", "estado_nombre": "Veracruz de Ignacio de la Llave" }, "geometry": { "type": "Point", "coordinates": [ -97.032057683053239, 18.6189967068599 ] } },
{ "type": "Feature", "properties": { "CVEGEO": "30170", "CVE_ENT": "30", "CVE_MUN": "170", "NOMGEO": "Texcatepec", "estado_nombre": "Veracruz de Ignacio de la Llave" }, "geometry": { "type": "Point", "coordinates": [ -98.308786751881399, 20.624214323037172 ] } },
{ "type": "Feature", "properties": { "CVEGEO": "30134", "CVE_ENT": "30", "CVE_MUN": "134", "NOMGEO": "Puente Nacional", "estado_nombre": "Veracruz de Ignacio de la Llave" }, "geometry": { "type": "Point", "coordinates": [ -96.565671853733519, 19.301326993879712 ] } },
{ "type": "Feature", "properties": { "CVEGEO": "30001", "CVE_ENT": "30", "CVE_MUN": "001", "NOMGEO": "Acajete", "estado_nombre": "Veracruz de Ignacio de la Llave" }, "geometry": { "type": "Point", "coordinates": [ -97.04419509646192, 19.564854058806517 ] } },
{ "type": "Feature", "properties": { "CVEGEO": "30133", "CVE_ENT": "30", "CVE_MUN": "133", "NOMGEO": "Pueblo Viejo", "estado_nombre": "Veracruz de Ignacio de la Llave" }, "geometry": { "type": "Point", "coordinates": [ -97.924809940547931, 22.158063554470189 ] } },
{ "type": "Feature", "properties": { "CVEGEO": "30132", "CVE_ENT": "30", "CVE_MUN": "132", "NOMGEO": "Las Vigas de Ramírez", "estado_nombre": "Veracruz de Ignacio de la Llave" }, "geometry": { "type": "Point", "coordinates": [ -97.094781864732468, 19.622283820808271 ] } },
{ "type": "Feature", "properties": { "CVEGEO": "30122", "CVE_ENT": "30", "CVE_MUN": "122", "NOMGEO": "Pajapan", "estado_nombre": "Veracruz de Ignacio de la Llave" }, "geometry": { "type": "Point", "coordinates": [ -94.67751308835885, 18.20259105420967 ] } },
{ "type": "Feature", "properties": { "CVEGEO": "30130", "CVE_ENT": "30", "CVE_MUN": "130", "NOMGEO": "Playa Vicente", "estado_nombre": "Veracruz de Ignacio de la Llave" }, "geometry": { "type": "Point", "coordinates": [ -95.645166538261677, 17.767002504378432 ] } },
{ "type": "Feature", "properties": { "CVEGEO": "30129", "CVE_ENT": "30", "CVE_MUN": "129", "NOMGEO": "Platón Sánchez", "estado_nombre": "Veracruz de Ignacio de la Llave" }, "geometry": { "type": "Point", "coordinates": [ -98.375722956130119, 21.29478301876059 ] } },
{ "type": "Feature", "properties": { "CVEGEO": "30125", "CVE_ENT": "30", "CVE_MUN": "125", "NOMGEO": "Paso del Macho", "estado_nombre": "Veracruz de Ignacio de la Llave" }, "geometry": { "type": "Point", "coordinates": [ -96.663012735999985, 18.942696101812427 ] } },
{ "type": "Feature", "properties": { "CVEGEO": "30124", "CVE_ENT": "30", "CVE_MUN": "124", "NOMGEO": "Papantla", "estado_nombre": "Veracruz de Ignacio de la Llave" }, "geometry": { "type": "Point", "coordinates": [ -97.286327093098606, 20.410900140539859 ] } },
{ "type": "Feature", "properties": { "CVEGEO": "30127", "CVE_ENT": "30", "CVE_MUN": "127", "NOMGEO": "La Perla", "estado_nombre": "Veracruz de Ignacio de la Llave" }, "geometry": { "type": "Point", "coordinates": [ -97.192348933419865, 18.98970411080456 ] } },
{ "type": "Feature", "properties": { "CVEGEO": "30123", "CVE_ENT": "30", "CVE_MUN": "123", "NOMGEO": "Pánuco", "estado_nombre": "Veracruz de Ignacio de la Llave" }, "geometry": { "type": "Point", "coordinates": [ -98.25637588728992, 22.113986291305068 ] } },
{ "type": "Feature", "properties": { "CVEGEO": "30002", "CVE_ENT": "30", "CVE_MUN": "002", "NOMGEO": "Acatlán", "estado_nombre": "Veracruz de Ignacio de la Llave" }, "geometry": { "type": "Point", "coordinates": [ -96.840176413999089, 19.69170559205897 ] } },
{ "type": "Feature", "properties": { "CVEGEO": "30005", "CVE_ENT": "30", "CVE_MUN": "005", "NOMGEO": "Acula", "estado_nombre": "Veracruz de Ignacio de la Llave" }, "geometry": { "type": "Point", "coordinates": [ -95.80397262822062, 18.554060584592087 ] } },
{ "type": "Feature", "properties": { "CVEGEO": "30121", "CVE_ENT": "30", "CVE_MUN": "121", "NOMGEO": "Ozuluama de Mascareñas", "estado_nombre": "Veracruz de Ignacio de la Llave" }, "geometry": { "type": "Point", "coordinates": [ -97.847608998920919, 21.721258678903705 ] } },
{ "type": "Feature", "properties": { "CVEGEO": "30119", "CVE_ENT": "30", "CVE_MUN": "119", "NOMGEO": "Otatitlán", "estado_nombre": "Veracruz de Ignacio de la Llave" }, "geometry": { "type": "Point", "coordinates": [ -96.034259284377924, 18.167464345471 ] } },
{ "type": "Feature", "properties": { "CVEGEO": "30006", "CVE_ENT": "30", "CVE_MUN": "006", "NOMGEO": "Acultzingo", "estado_nombre": "Veracruz de Ignacio de la Llave" }, "geometry": { "type": "Point", "coordinates": [ -97.27642307223438, 18.716146722657122 ] } },
{ "type": "Feature", "properties": { "CVEGEO": "30118", "CVE_ENT": "30", "CVE_MUN": "118", "NOMGEO": "Orizaba", "estado_nombre": "Veracruz de Ignacio de la Llave" }, "geometry": { "type": "Point", "coordinates": [ -97.104807866547532, 18.85586189316016 ] } },
{ "type": "Feature", "properties": { "CVEGEO": "30096", "CVE_ENT": "30", "CVE_MUN": "096", "NOMGEO": "Landero y Coss", "estado_nombre": "Veracruz de Ignacio de la Llave" }, "geometry": { "type": "Point", "coordinates": [ -96.853838725793622, 19.744023710180951 ] } },
{ "type": "Feature", "properties": { "CVEGEO": "30095", "CVE_ENT": "30", "CVE_MUN": "095", "NOMGEO": "Juchique de Ferrer", "estado_nombre": "Veracruz de Ignacio de la Llave" }, "geometry": { "type": "Point", "coordinates": [ -96.661638950515027, 19.818944879357396 ] } },
{ "type": "Feature", "properties": { "CVEGEO": "30094", "CVE_ENT": "30", "CVE_MUN": "094", "NOMGEO": "Juan Rodríguez Clara", "estado_nombre": "Veracruz de Ignacio de la Llave" }, "geometry": { "type": "Point", "coordinates": [ -95.36585164803536, 17.981537381974338 ] } },
{ "type": "Feature", "properties": { "CVEGEO": "30093", "CVE_ENT": "30", "CVE_MUN": "093", "NOMGEO": "Jilotepec", "estado_nombre": "Veracruz de Ignacio de la Llave" }, "geometry": { "type": "Point", "coordinates": [ -96.916481802625228, 19.61118749742981 ] } },
{ "type": "Feature", "properties": { "CVEGEO": "30007", "CVE_ENT": "30", "CVE_MUN": "007", "NOMGEO": "Camarón de Tejeda", "estado_nombre": "Veracruz de Ignacio de la Llave" }, "geometry": { "type": "Point", "coordinates": [ -96.569020090734554, 19.010881062647755 ] } },
{ "type": "Feature", "properties": { "CVEGEO": "30008", "CVE_ENT": "30", "CVE_MUN": "008", "NOMGEO": "Alpatláhuac", "estado_nombre": "Veracruz de Ignacio de la Llave" }, "geometry": { "type": "Point", "coordinates": [ -97.135678236515801, 19.097727712310387 ] } },
{ "type": "Feature", "properties": { "CVEGEO": "30009", "CVE_ENT": "30", "CVE_MUN": "009", "NOMGEO": "Alto Lucero de Gutiérrez Barrios", "estado_nombre": "Veracruz de Ignacio de la Llave" }, "geometry": { "type": "Point", "coordinates": [ -96.582893503224469, 19.717985605103152 ] } },
{ "type": "Feature", "properties": { "CVEGEO": "30071", "CVE_ENT": "30", "CVE_MUN": "071", "NOMGEO": "Huatusco", "estado_nombre": "Veracruz de Ignacio de la Llave" }, "geometry": { "type": "Point", "coordinates": [ -96.939774511582854, 19.136802153967299 ] } },
{ "type": "Feature", "properties": { "CVEGEO": "30092", "CVE_ENT": "30", "CVE_MUN": "092", "NOMGEO": "Xico", "estado_nombre": "Veracruz de Ignacio de la Llave" }, "geometry": { "type": "Point", "coordinates": [ -97.058336034006601, 19.447817200744101 ] } },
{ "type": "Feature", "properties": { "CVEGEO": "30091", "CVE_ENT": "30", "CVE_MUN": "091", "NOMGEO": "Jesús Carranza", "estado_nombre": "Veracruz de Ignacio de la Llave" }, "geometry": { "type": "Point", "coordinates": [ -94.904414432203083, 17.418448841847184 ] } },
{ "type": "Feature", "properties": { "CVEGEO": "30090", "CVE_ENT": "30", "CVE_MUN": "090", "NOMGEO": "Jamapa", "estado_nombre": "Veracruz de Ignacio de la Llave" }, "geometry": { "type": "Point", "coordinates": [ -96.253230551690336, 18.999684032424948 ] } },
{ "type": "Feature", "properties": { "CVEGEO": "30089", "CVE_ENT": "30", "CVE_MUN": "089", "NOMGEO": "Jáltipan", "estado_nombre": "Veracruz de Ignacio de la Llave" }, "geometry": { "type": "Point", "coordinates": [ -94.715074667552173, 17.870415686571953 ] } },
{ "type": "Feature", "properties": { "CVEGEO": "30088", "CVE_ENT": "30", "CVE_MUN": "088", "NOMGEO": "Jalcomulco", "estado_nombre": "Veracruz de Ignacio de la Llave" }, "geometry": { "type": "Point", "coordinates": [ -96.755798330273237, 19.339528250278974 ] } },
{ "type": "Feature", "properties": { "CVEGEO": "30086", "CVE_ENT": "30", "CVE_MUN": "086", "NOMGEO": "Jalacingo", "estado_nombre": "Veracruz de Ignacio de la Llave" }, "geometry": { "type": "Point", "coordinates": [ -97.291892184057971, 19.76471782245201 ] } },
{ "type": "Feature", "properties": { "CVEGEO": "30018", "CVE_ENT": "30", "CVE_MUN": "018", "NOMGEO": "Aquila", "estado_nombre": "Veracruz de Ignacio de la Llave" }, "geometry": { "type": "Point", "coordinates": [ -97.32424390602506, 18.78889023092573 ] } },
{ "type": "Feature", "properties": { "CVEGEO": "30035", "CVE_ENT": "30", "CVE_MUN": "035", "NOMGEO": "Citlaltépetl", "estado_nombre": "Veracruz de Ignacio de la Llave" }, "geometry": { "type": "Point", "coordinates": [ -97.888755685513402, 21.342773863416941 ] } },
{ "type": "Feature", "properties": { "CVEGEO": "30036", "CVE_ENT": "30", "CVE_MUN": "036", "NOMGEO": "Coacoatzintla", "estado_nombre": "Veracruz de Ignacio de la Llave" }, "geometry": { "type": "Point", "coordinates": [ -96.949797255068702, 19.676206217056517 ] } },
{ "type": "Feature", "properties": { "CVEGEO": "30037", "CVE_ENT": "30", "CVE_MUN": "037", "NOMGEO": "Coahuitlán", "estado_nombre": "Veracruz de Ignacio de la Llave" }, "geometry": { "type": "Point", "coordinates": [ -97.705799528869775, 20.269118918610943 ] } },
{ "type": "Feature", "properties": { "CVEGEO": "30085", "CVE_ENT": "30", "CVE_MUN": "085", "NOMGEO": "Ixtaczoquitlán", "estado_nombre": "Veracruz de Ignacio de la Llave" }, "geometry": { "type": "Point", "coordinates": [ -97.029013219422183, 18.850565933448301 ] } },
{ "type": "Feature", "properties": { "CVEGEO": "30084", "CVE_ENT": "30", "CVE_MUN": "084", "NOMGEO": "Ixmatlahuacan", "estado_nombre": "Veracruz de Ignacio de la Llave" }, "geometry": { "type": "Point", "coordinates": [ -95.886907627019539, 18.473895287684194 ] } },
{ "type": "Feature", "properties": { "CVEGEO": "30083", "CVE_ENT": "30", "CVE_MUN": "083", "NOMGEO": "Ixhuatlán de Madero", "estado_nombre": "Veracruz de Ignacio de la Llave" }, "geometry": { "type": "Point", "coordinates": [ -98.009980544134677, 20.723053379171382 ] } },
{ "type": "Feature", "properties": { "CVEGEO": "30082", "CVE_ENT": "30", "CVE_MUN": "082", "NOMGEO": "Ixhuatlán del Sureste", "estado_nombre": "Veracruz de Ignacio de la Llave" }, "geometry": { "type": "Point", "coordinates": [ -94.39512851185637, 17.986076269708303 ] } },
{ "type": "Feature", "properties": { "CVEGEO": "30081", "CVE_ENT": "30", "CVE_MUN": "081", "NOMGEO": "Ixhuatlancillo", "estado_nombre": "Veracruz de Ignacio de la Llave" }, "geometry": { "type": "Point", "coordinates": [ -97.166586761680719, 18.889886616364191 ] } },
{ "type": "Feature", "properties": { "CVEGEO": "30038", "CVE_ENT": "30", "CVE_MUN": "038", "NOMGEO": "Coatepec", "estado_nombre": "Veracruz de Ignacio de la Llave" }, "geometry": { "type": "Point", "coordinates": [ -96.930546188402957, 19.447546901185248 ] } },
{ "type": "Feature", "properties": { "CVEGEO": "30039", "CVE_ENT": "30", "CVE_MUN": "039", "NOMGEO": "Coatzacoalcos", "estado_nombre": "Veracruz de Ignacio de la Llave" }, "geometry": { "type": "Point", "coordinates": [ -94.39736763057671, 18.132558482145878 ] } },
{ "type": "Feature", "properties": { "CVEGEO": "30040", "CVE_ENT": "30", "CVE_MUN": "040", "NOMGEO": "Coatzintla", "estado_nombre": "Veracruz de Ignacio de la Llave" }, "geometry": { "type": "Point", "coordinates": [ -97.537412475408942, 20.427455269650487 ] } },
{ "type": "Feature", "properties": { "CVEGEO": "30032", "CVE_ENT": "30", "CVE_MUN": "032", "NOMGEO": "Catemaco", "estado_nombre": "Veracruz de Ignacio de la Llave" }, "geometry": { "type": "Point", "coordinates": [ -95.025754186196494, 18.43477004720209 ] } },
{ "type": "Feature", "properties": { "CVEGEO": "30080", "CVE_ENT": "30", "CVE_MUN": "080", "NOMGEO": "Ixhuatlán del Café", "estado_nombre": "Veracruz de Ignacio de la Llave" }, "geometry": { "type": "Point", "coordinates": [ -96.930832438841549, 19.037400845980084 ] } },
{ "type": "Feature", "properties": { "CVEGEO": "30077", "CVE_ENT": "30", "CVE_MUN": "077", "NOMGEO": "Isla", "estado_nombre": "Veracruz de Ignacio de la Llave" }, "geometry": { "type": "Point", "coordinates": [ -95.558397573402715, 18.082148030405182 ] } },
{ "type": "Feature", "properties": { "CVEGEO": "30076", "CVE_ENT": "30", "CVE_MUN": "076", "NOMGEO": "Ilamatlán", "estado_nombre": "Veracruz de Ignacio de la Llave" }, "geometry": { "type": "Point", "coordinates": [ -98.426479916939499, 20.781284964691213 ] } },
{ "type": "Feature", "properties": { "CVEGEO": "30063", "CVE_ENT": "30", "CVE_MUN": "063", "NOMGEO": "Chontla", "estado_nombre": "Veracruz de Ignacio de la Llave" }, "geometry": { "type": "Point", "coordinates": [ -97.978343742160249, 21.386218975478975 ] } },
{ "type": "Feature", "properties": { "CVEGEO": "30062", "CVE_ENT": "30", "CVE_MUN": "062", "NOMGEO": "Chocamán", "estado_nombre": "Veracruz de Ignacio de la Llave" }, "geometry": { "type": "Point", "coordinates": [ -97.039525861644464, 19.000606999368436 ] } },
{ "type": "Feature", "properties": { "CVEGEO": "30061", "CVE_ENT": "30", "CVE_MUN": "061", "NOMGEO": "Las Choapas", "estado_nombre": "Veracruz de Ignacio de la Llave" }, "geometry": { "type": "Point", "coordinates": [ -93.957235789093886, 17.535835812019375 ] } },
{ "type": "Feature", "properties": { "CVEGEO": "30013", "CVE_ENT": "30", "CVE_MUN": "013", "NOMGEO": "Naranjos Amatlán", "estado_nombre": "Veracruz de Ignacio de la Llave" }, "geometry": { "type": "Point", "coordinates": [ -97.685387130179009, 21.31317132761065 ] } },
{ "type": "Feature", "properties": { "CVEGEO": "30014", "CVE_ENT": "30", "CVE_MUN": "014", "NOMGEO": "Amatlán de los Reyes", "estado_nombre": "Veracruz de Ignacio de la Llave" }, "geometry": { "type": "Point", "coordinates": [ -96.876173720165539, 18.859751880825424 ] } },
{ "type": "Feature", "properties": { "CVEGEO": "30060", "CVE_ENT": "30", "CVE_MUN": "060", "NOMGEO": "Chinampa de Gorostiza", "estado_nombre": "Veracruz de Ignacio de la Llave" }, "geometry": { "type": "Point", "coordinates": [ -97.668984298329903, 21.376453822664178 ] } },
{ "type": "Feature", "properties": { "CVEGEO": "30045", "CVE_ENT": "30", "CVE_MUN": "045", "NOMGEO": "Cosamaloapan de Carpio", "estado_nombre": "Veracruz de Ignacio de la Llave" }, "geometry": { "type": "Point", "coordinates": [ -95.972335955712353, 18.302067410685158 ] } },
{ "type": "Feature", "properties": { "CVEGEO": "30057", "CVE_ENT": "30", "CVE_MUN": "057", "NOMGEO": "Chiconquiaco", "estado_nombre": "Veracruz de Ignacio de la Llave" }, "geometry": { "type": "Point", "coordinates": [ -96.774592856775897, 19.754402439098932 ] } },
{ "type": "Feature", "properties": { "CVEGEO": "31054", "CVE_ENT": "31", "CVE_MUN": "054", "NOMGEO": "Muxupip", "estado_nombre": "Yucatán" }, "geometry": { "type": "Point", "coordinates": [ -89.3238026168885, 21.051043297227789 ] } },
{ "type": "Feature", "properties": { "CVEGEO": "31051", "CVE_ENT": "31", "CVE_MUN": "051", "NOMGEO": "Mocochá", "estado_nombre": "Yucatán" }, "geometry": { "type": "Point", "coordinates": [ -89.454195518066953, 21.132429017695515 ] } },
{ "type": "Feature", "properties": { "CVEGEO": "31046", "CVE_ENT": "31", "CVE_MUN": "046", "NOMGEO": "Mama", "estado_nombre": "Yucatán" }, "geometry": { "type": "Point", "coordinates": [ -89.383351877741092, 20.502612424777798 ] } },
{ "type": "Feature", "properties": { "CVEGEO": "31045", "CVE_ENT": "31", "CVE_MUN": "045", "NOMGEO": "Kopomá", "estado_nombre": "Yucatán" }, "geometry": { "type": "Point", "coordinates": [ -89.89896355382426, 20.641553831582009 ] } },
{ "type": "Feature", "properties": { "CVEGEO": "31014", "CVE_ENT": "31", "CVE_MUN": "014", "NOMGEO": "Cuncunul", "estado_nombre": "Yucatán" }, "geometry": { "type": "Point", "coordinates": [ -88.348056961185875, 20.624019296337789 ] } },
{ "type": "Feature", "properties": { "CVEGEO": "31029", "CVE_ENT": "31", "CVE_MUN": "029", "NOMGEO": "Dzilam González", "estado_nombre": "Yucatán" }, "geometry": { "type": "Point", "coordinates": [ -88.735369341628186, 21.331780317967191 ] } },
{ "type": "Feature", "properties": { "CVEGEO": "31006", "CVE_ENT": "31", "CVE_MUN": "006", "NOMGEO": "Buctzotz", "estado_nombre": "Yucatán" }, "geometry": { "type": "Point", "coordinates": [ -88.64962380111217, 21.221767189452891 ] } },
{ "type": "Feature", "properties": { "CVEGEO": "31093", "CVE_ENT": "31", "CVE_MUN": "093", "NOMGEO": "Tixkokob", "estado_nombre": "Yucatán" }, "geometry": { "type": "Point", "coordinates": [ -89.376036310358216, 20.97874320207082 ] } },
{ "type": "Feature", "properties": { "CVEGEO": "31092", "CVE_ENT": "31", "CVE_MUN": "092", "NOMGEO": "Tixcacalcupul", "estado_nombre": "Yucatán" }, "geometry": { "type": "Point", "coordinates": [ -88.323152890076017, 20.391673735940795 ] } },
{ "type": "Feature", "properties": { "CVEGEO": "31061", "CVE_ENT": "31", "CVE_MUN": "061", "NOMGEO": "Río Lagartos", "estado_nombre": "Yucatán" }, "geometry": { "type": "Point", "coordinates": [ -88.084570206291161, 21.547059744678286 ] } },
{ "type": "Feature", "properties": { "CVEGEO": "31008", "CVE_ENT": "31", "CVE_MUN": "008", "NOMGEO": "Calotmul", "estado_nombre": "Yucatán" }, "geometry": { "type": "Point", "coordinates": [ -88.124451675776186, 21.014120301182068 ] } },
{ "type": "Feature", "properties": { "CVEGEO": "31011", "CVE_ENT": "31", "CVE_MUN": "011", "NOMGEO": "Celestún", "estado_nombre": "Yucatán" }, "geometry": { "type": "Point", "coordinates": [ -90.299629851251467, 20.889426627020971 ] } },
{ "type": "Feature", "properties": { "CVEGEO": "31081", "CVE_ENT": "31", "CVE_MUN": "081", "NOMGEO": "Tekom", "estado_nombre": "Yucatán" }, "geometry": { "type": "Point", "coordinates": [ -88.395813518285138, 20.493033111039061 ] } },
{ "type": "Feature", "properties": { "CVEGEO": "31017", "CVE_ENT": "31", "CVE_MUN": "017", "NOMGEO": "Chankom", "estado_nombre": "Yucatán" }, "geometry": { "type": "Point", "coordinates": [ -88.569283004922326, 20.496559855530464 ] } },
{ "type": "Feature", "properties": { "CVEGEO": "31091", "CVE_ENT": "31", "CVE_MUN": "091", "NOMGEO": "Tinum", "estado_nombre": "Yucatán" }, "geometry": { "type": "Point", "coordinates": [ -88.508396684516015, 20.726626298203058 ] } },
{ "type": "Feature", "properties": { "CVEGEO": "31096", "CVE_ENT": "31", "CVE_MUN": "096", "NOMGEO": "Tizimín", "estado_nombre": "Yucatán" }, "geometry": { "type": "Point", "coordinates": [ -87.847942381029, 21.257109679955526 ] } },
{ "type": "Feature", "properties": { "CVEGEO": "31018", "CVE_ENT": "31", "CVE_MUN": "018", "NOMGEO": "Chapab", "estado_nombre": "Yucatán" }, "geometry": { "type": "Point", "coordinates": [ -89.486083780198015, 20.498542601725912 ] } },
{ "type": "Feature", "properties": { "CVEGEO": "31059", "CVE_ENT": "31", "CVE_MUN": "059", "NOMGEO": "Progreso", "estado_nombre": "Yucatán" }, "geometry": { "type": "Point", "coordinates": [ -89.675731343392002, 21.659740568409433 ] } },
{ "type": "Feature", "properties": { "CVEGEO": "31040", "CVE_ENT": "31", "CVE_MUN": "040", "NOMGEO": "Izamal", "estado_nombre": "Yucatán" }, "geometry": { "type": "Point", "coordinates": [ -88.986805143705396, 20.915678197342672 ] } },
{ "type": "Feature", "properties": { "CVEGEO": "31085", "CVE_ENT": "31", "CVE_MUN": "085", "NOMGEO": "Temozón", "estado_nombre": "Yucatán" }, "geometry": { "type": "Point", "coordinates": [ -88.06446490077758, 20.898590843312171 ] } },
{ "type": "Feature", "properties": { "CVEGEO": "31052", "CVE_ENT": "31", "CVE_MUN": "052", "NOMGEO": "Motul", "estado_nombre": "Yucatán" }, "geometry": { "type": "Point", "coordinates": [ -89.278015828119862, 21.143826510818169 ] } },
{ "type": "Feature", "properties": { "CVEGEO": "31048", "CVE_ENT": "31", "CVE_MUN": "048", "NOMGEO": "Maxcanú", "estado_nombre": "Yucatán" }, "geometry": { "type": "Point", "coordinates": [ -90.069725893658799, 20.621942264475173 ] } },
{ "type": "Feature", "properties": { "CVEGEO": "31047", "CVE_ENT": "31", "CVE_MUN": "047", "NOMGEO": "Maní", "estado_nombre": "Yucatán" }, "geometry": { "type": "Point", "coordinates": [ -89.368987259750696, 20.38396651031853 ] } },
{ "type": "Feature", "properties": { "CVEGEO": "31036", "CVE_ENT": "31", "CVE_MUN": "036", "NOMGEO": "Homún", "estado_nombre": "Yucatán" }, "geometry": { "type": "Point", "coordinates": [ -89.252066498851974, 20.681040830767756 ] } },
{ "type": "Feature", "properties": { "CVEGEO": "31104", "CVE_ENT": "31", "CVE_MUN": "104", "NOMGEO": "Yaxcabá", "estado_nombre": "Yucatán" }, "geometry": { "type": "Point", "coordinates": [ -88.769714046358615, 20.480643627546563 ] } },
{ "type": "Feature", "properties": { "CVEGEO": "31101", "CVE_ENT": "31", "CVE_MUN": "101", "NOMGEO": "Umán", "estado_nombre": "Yucatán" }, "geometry": { "type": "Point", "coordinates": [ -89.764610704675206, 20.853157518498932 ] } },
{ "type": "Feature", "properties": { "CVEGEO": "31102", "CVE_ENT": "31", "CVE_MUN": "102", "NOMGEO": "Valladolid", "estado_nombre": "Yucatán" }, "geometry": { "type": "Point", "coordinates": [ -88.108393630795618, 20.638373231740609 ] } },
{ "type": "Feature", "properties": { "CVEGEO": "31071", "CVE_ENT": "31", "CVE_MUN": "071", "NOMGEO": "Sudzal", "estado_nombre": "Yucatán" }, "geometry": { "type": "Point", "coordinates": [ -88.889213800381, 20.804838310333679 ] } },
{ "type": "Feature", "properties": { "CVEGEO": "31069", "CVE_ENT": "31", "CVE_MUN": "069", "NOMGEO": "Sotuta", "estado_nombre": "Yucatán" }, "geometry": { "type": "Point", "coordinates": [ -88.988028891438418, 20.607456166977471 ] } },
{ "type": "Feature", "properties": { "CVEGEO": "31067", "CVE_ENT": "31", "CVE_MUN": "067", "NOMGEO": "Seyé", "estado_nombre": "Yucatán" }, "geometry": { "type": "Point", "coordinates": [ -89.37085568036693, 20.841002672125963 ] } },
{ "type": "Feature", "properties": { "CVEGEO": "31050", "CVE_ENT": "31", "CVE_MUN": "050", "NOMGEO": "Mérida", "estado_nombre": "Yucatán" }, "geometry": { "type": "Point", "coordinates": [ -89.639925490378985, 20.980518964137946 ] } },
{ "type": "Feature", "properties": { "CVEGEO": "31065", "CVE_ENT": "31", "CVE_MUN": "065", "NOMGEO": "San Felipe", "estado_nombre": "Yucatán" }, "geometry": { "type": "Point", "coordinates": [ -88.314588292927155, 21.493762191931093 ] } },
{ "type": "Feature", "properties": { "CVEGEO": "31084", "CVE_ENT": "31", "CVE_MUN": "084", "NOMGEO": "Temax", "estado_nombre": "Yucatán" }, "geometry": { "type": "Point", "coordinates": [ -88.873535385519872, 21.167034140163068 ] } },
{ "type": "Feature", "properties": { "CVEGEO": "31079", "CVE_ENT": "31", "CVE_MUN": "079", "NOMGEO": "Tekax", "estado_nombre": "Yucatán" }, "geometry": { "type": "Point", "coordinates": [ -89.300746122063472, 19.932228660376126 ] } },
{ "type": "Feature", "properties": { "CVEGEO": "31064", "CVE_ENT": "31", "CVE_MUN": "064", "NOMGEO": "Sanahcat", "estado_nombre": "Yucatán" }, "geometry": { "type": "Point", "coordinates": [ -89.210186534234111, 20.764116517728343 ] } },
{ "type": "Feature", "properties": { "CVEGEO": "31001", "CVE_ENT": "31", "CVE_MUN": "001", "NOMGEO": "Abalá", "estado_nombre": "Yucatán" }, "geometry": { "type": "Point", "coordinates": [ -89.650383537297401, 20.655195950948961 ] } },
{ "type": "Feature", "properties": { "CVEGEO": "31049", "CVE_ENT": "31", "CVE_MUN": "049", "NOMGEO": "Mayapán", "estado_nombre": "Yucatán" }, "geometry": { "type": "Point", "coordinates": [ -89.185907270269794, 20.491160678249209 ] } },
{ "type": "Feature", "properties": { "CVEGEO": "31032", "CVE_ENT": "31", "CVE_MUN": "032", "NOMGEO": "Espita", "estado_nombre": "Yucatán" }, "geometry": { "type": "Point", "coordinates": [ -88.357077752926088, 21.021205035530606 ] } },
{ "type": "Feature", "properties": { "CVEGEO": "31024", "CVE_ENT": "31", "CVE_MUN": "024", "NOMGEO": "Chumayel", "estado_nombre": "Yucatán" }, "geometry": { "type": "Point", "coordinates": [ -89.280733795523773, 20.47147010523641 ] } },
{ "type": "Feature", "properties": { "CVEGEO": "31022", "CVE_ENT": "31", "CVE_MUN": "022", "NOMGEO": "Chikindzonot", "estado_nombre": "Yucatán" }, "geometry": { "type": "Point", "coordinates": [ -88.526594007485357, 20.27386238114353 ] } },
{ "type": "Feature", "properties": { "CVEGEO": "31094", "CVE_ENT": "31", "CVE_MUN": "094", "NOMGEO": "Tixméhuac", "estado_nombre": "Yucatán" }, "geometry": { "type": "Point", "coordinates": [ -89.086948502672328, 20.246823456356061 ] } },
{ "type": "Feature", "properties": { "CVEGEO": "31106", "CVE_ENT": "31", "CVE_MUN": "106", "NOMGEO": "Yobaín", "estado_nombre": "Yucatán" }, "geometry": { "type": "Point", "coordinates": [ -89.120389558678355, 21.288178051943458 ] } },
{ "type": "Feature", "properties": { "CVEGEO": "31105", "CVE_ENT": "31", "CVE_MUN": "105", "NOMGEO": "Yaxkukul", "estado_nombre": "Yucatán" }, "geometry": { "type": "Point", "coordinates": [ -89.443819641517379, 21.057260250565992 ] } },
{ "type": "Feature", "properties": { "CVEGEO": "31103", "CVE_ENT": "31", "CVE_MUN": "103", "NOMGEO": "Xocchel", "estado_nombre": "Yucatán" }, "geometry": { "type": "Point", "coordinates": [ -89.123825551705053, 20.805201180931373 ] } },
{ "type": "Feature", "properties": { "CVEGEO": "31097", "CVE_ENT": "31", "CVE_MUN": "097", "NOMGEO": "Tunkás", "estado_nombre": "Yucatán" }, "geometry": { "type": "Point", "coordinates": [ -88.746808176132049, 20.886232143971625 ] } },
{ "type": "Feature", "properties": { "CVEGEO": "31095", "CVE_ENT": "31", "CVE_MUN": "095", "NOMGEO": "Tixpéhual", "estado_nombre": "Yucatán" }, "geometry": { "type": "Point", "coordinates": [ -89.464544232872328, 20.963471228202621 ] } },
{ "type": "Feature", "properties": { "CVEGEO": "31090", "CVE_ENT": "31", "CVE_MUN": "090", "NOMGEO": "Timucuy", "estado_nombre": "Yucatán" }, "geometry": { "type": "Point", "coordinates": [ -89.535640710324941, 20.766117420683663 ] } },
{ "type": "Feature", "properties": { "CVEGEO": "31088", "CVE_ENT": "31", "CVE_MUN": "088", "NOMGEO": "Teya", "estado_nombre": "Yucatán" }, "geometry": { "type": "Point", "coordinates": [ -89.066102016707745, 21.065643340247508 ] } },
{ "type": "Feature", "properties": { "CVEGEO": "31087", "CVE_ENT": "31", "CVE_MUN": "087", "NOMGEO": "Tetiz", "estado_nombre": "Yucatán" }, "geometry": { "type": "Point", "coordinates": [ -90.058094174585278, 20.956196092583909 ] } },
{ "type": "Feature", "properties": { "CVEGEO": "31086", "CVE_ENT": "31", "CVE_MUN": "086", "NOMGEO": "Tepakán", "estado_nombre": "Yucatán" }, "geometry": { "type": "Point", "coordinates": [ -89.002475494596254, 21.068025744626578 ] } },
{ "type": "Feature", "properties": { "CVEGEO": "31083", "CVE_ENT": "31", "CVE_MUN": "083", "NOMGEO": "Telchac Puerto", "estado_nombre": "Yucatán" }, "geometry": { "type": "Point", "coordinates": [ -89.277435591271669, 21.312988573626189 ] } },
{ "type": "Feature", "properties": { "CVEGEO": "31082", "CVE_ENT": "31", "CVE_MUN": "082", "NOMGEO": "Telchac Pueblo", "estado_nombre": "Yucatán" }, "geometry": { "type": "Point", "coordinates": [ -89.255706296484391, 21.217483928951378 ] } },
{ "type": "Feature", "properties": { "CVEGEO": "31080", "CVE_ENT": "31", "CVE_MUN": "080", "NOMGEO": "Tekit", "estado_nombre": "Yucatán" }, "geometry": { "type": "Point", "coordinates": [ -89.272984933311477, 20.570790816853897 ] } },
{ "type": "Feature", "properties": { "CVEGEO": "31055", "CVE_ENT": "31", "CVE_MUN": "055", "NOMGEO": "Opichén", "estado_nombre": "Yucatán" }, "geometry": { "type": "Point", "coordinates": [ -89.846711483188798, 20.551276497278796 ] } },
{ "type": "Feature", "properties": { "CVEGEO": "31078", "CVE_ENT": "31", "CVE_MUN": "078", "NOMGEO": "Tekantó", "estado_nombre": "Yucatán" }, "geometry": { "type": "Point", "coordinates": [ -89.101927311518693, 21.006160393504921 ] } },
{ "type": "Feature", "properties": { "CVEGEO": "31077", "CVE_ENT": "31", "CVE_MUN": "077", "NOMGEO": "Tekal de Venegas", "estado_nombre": "Yucatán" }, "geometry": { "type": "Point", "coordinates": [ -88.848289845604469, 21.021934442545927 ] } },
{ "type": "Feature", "properties": { "CVEGEO": "31074", "CVE_ENT": "31", "CVE_MUN": "074", "NOMGEO": "Tahmek", "estado_nombre": "Yucatán" }, "geometry": { "type": "Point", "coordinates": [ -89.285629264311993, 20.894679714058519 ] } },
{ "type": "Feature", "properties": { "CVEGEO": "31073", "CVE_ENT": "31", "CVE_MUN": "073", "NOMGEO": "Tahdziú", "estado_nombre": "Yucatán" }, "geometry": { "type": "Point", "coordinates": [ -88.90468639808914, 20.247777265054104 ] } },
{ "type": "Feature", "properties": { "CVEGEO": "31072", "CVE_ENT": "31", "CVE_MUN": "072", "NOMGEO": "Suma", "estado_nombre": "Yucatán" }, "geometry": { "type": "Point", "coordinates": [ -89.151250154488764, 21.104193246637141 ] } },
{ "type": "Feature", "properties": { "CVEGEO": "31070", "CVE_ENT": "31", "CVE_MUN": "070", "NOMGEO": "Sucilá", "estado_nombre": "Yucatán" }, "geometry": { "type": "Point", "coordinates": [ -88.371836093532707, 21.20965766085704 ] } },
{ "type": "Feature", "properties": { "CVEGEO": "31068", "CVE_ENT": "31", "CVE_MUN": "068", "NOMGEO": "Sinanché", "estado_nombre": "Yucatán" }, "geometry": { "type": "Point", "coordinates": [ -89.198659029416248, 21.270397237601291 ] } },
{ "type": "Feature", "properties": { "CVEGEO": "31063", "CVE_ENT": "31", "CVE_MUN": "063", "NOMGEO": "Samahil", "estado_nombre": "Yucatán" }, "geometry": { "type": "Point", "coordinates": [ -89.917753684972368, 20.840754091789069 ] } },
{ "type": "Feature", "properties": { "CVEGEO": "31060", "CVE_ENT": "31", "CVE_MUN": "060", "NOMGEO": "Quintana Roo", "estado_nombre": "Yucatán" }, "geometry": { "type": "Point", "coordinates": [ -88.635834668540667, 20.842693878870392 ] } },
{ "type": "Feature", "properties": { "CVEGEO": "31053", "CVE_ENT": "31", "CVE_MUN": "053", "NOMGEO": "Muna", "estado_nombre": "Yucatán" }, "geometry": { "type": "Point", "coordinates": [ -89.738253459684586, 20.453294230996292 ] } },
{ "type": "Feature", "properties": { "CVEGEO": "31044", "CVE_ENT": "31", "CVE_MUN": "044", "NOMGEO": "Kinchil", "estado_nombre": "Yucatán" }, "geometry": { "type": "Point", "coordinates": [ -90.050882799952703, 20.851765786103467 ] } },
{ "type": "Feature", "properties": { "CVEGEO": "31066", "CVE_ENT": "31", "CVE_MUN": "066", "NOMGEO": "Santa Elena", "estado_nombre": "Yucatán" }, "geometry": { "type": "Point", "coordinates": [ -89.726476572332146, 20.268300007091192 ] } },
{ "type": "Feature", "properties": { "CVEGEO": "31043", "CVE_ENT": "31", "CVE_MUN": "043", "NOMGEO": "Kaua", "estado_nombre": "Yucatán" }, "geometry": { "type": "Point", "coordinates": [ -88.437511175353862, 20.599628583113237 ] } },
{ "type": "Feature", "properties": { "CVEGEO": "31020", "CVE_ENT": "31", "CVE_MUN": "020", "NOMGEO": "Chicxulub Pueblo", "estado_nombre": "Yucatán" }, "geometry": { "type": "Point", "coordinates": [ -89.526742840747474, 21.1507303119498 ] } },
{ "type": "Feature", "properties": { "CVEGEO": "31039", "CVE_ENT": "31", "CVE_MUN": "039", "NOMGEO": "Ixil", "estado_nombre": "Yucatán" }, "geometry": { "type": "Point", "coordinates": [ -89.473491324678065, 21.237692186643649 ] } },
{ "type": "Feature", "properties": { "CVEGEO": "31037", "CVE_ENT": "31", "CVE_MUN": "037", "NOMGEO": "Huhí", "estado_nombre": "Yucatán" }, "geometry": { "type": "Point", "coordinates": [ -89.131507910706475, 20.695806636387598 ] } },
{ "type": "Feature", "properties": { "CVEGEO": "31035", "CVE_ENT": "31", "CVE_MUN": "035", "NOMGEO": "Hoctún", "estado_nombre": "Yucatán" }, "geometry": { "type": "Point", "coordinates": [ -89.159223611632441, 20.876018375382777 ] } },
{ "type": "Feature", "properties": { "CVEGEO": "31034", "CVE_ENT": "31", "CVE_MUN": "034", "NOMGEO": "Hocabá", "estado_nombre": "Yucatán" }, "geometry": { "type": "Point", "coordinates": [ -89.245538967785819, 20.807531573030712 ] } },
{ "type": "Feature", "properties": { "CVEGEO": "31033", "CVE_ENT": "31", "CVE_MUN": "033", "NOMGEO": "Halachó", "estado_nombre": "Yucatán" }, "geometry": { "type": "Point", "coordinates": [ -90.216816762634821, 20.565341436958434 ] } },
{ "type": "Feature", "properties": { "CVEGEO": "31031", "CVE_ENT": "31", "CVE_MUN": "031", "NOMGEO": "Dzoncauich", "estado_nombre": "Yucatán" }, "geometry": { "type": "Point", "coordinates": [ -88.83979105167144, 21.084217794623981 ] } },
{ "type": "Feature", "properties": { "CVEGEO": "31027", "CVE_ENT": "31", "CVE_MUN": "027", "NOMGEO": "Dzidzantún", "estado_nombre": "Yucatán" }, "geometry": { "type": "Point", "coordinates": [ -89.025056250428889, 21.291364479871849 ] } },
{ "type": "Feature", "properties": { "CVEGEO": "31026", "CVE_ENT": "31", "CVE_MUN": "026", "NOMGEO": "Dzemul", "estado_nombre": "Yucatán" }, "geometry": { "type": "Point", "coordinates": [ -89.342484957303313, 21.255929214377634 ] } },
{ "type": "Feature", "properties": { "CVEGEO": "31089", "CVE_ENT": "31", "CVE_MUN": "089", "NOMGEO": "Ticul", "estado_nombre": "Yucatán" }, "geometry": { "type": "Point", "coordinates": [ -89.561290827810296, 20.360388064869298 ] } },
{ "type": "Feature", "properties": { "CVEGEO": "31025", "CVE_ENT": "31", "CVE_MUN": "025", "NOMGEO": "Dzan", "estado_nombre": "Yucatán" }, "geometry": { "type": "Point", "coordinates": [ -89.444653821566803, 20.402157157798602 ] } },
{ "type": "Feature", "properties": { "CVEGEO": "31098", "CVE_ENT": "31", "CVE_MUN": "098", "NOMGEO": "Tzucacab", "estado_nombre": "Yucatán" }, "geometry": { "type": "Point", "coordinates": [ -89.046785046766672, 19.938035017818379 ] } },
{ "type": "Feature", "properties": { "CVEGEO": "31042", "CVE_ENT": "31", "CVE_MUN": "042", "NOMGEO": "Kantunil", "estado_nombre": "Yucatán" }, "geometry": { "type": "Point", "coordinates": [ -88.983538620415004, 20.759824655107202 ] } },
{ "type": "Feature", "properties": { "CVEGEO": "31062", "CVE_ENT": "31", "CVE_MUN": "062", "NOMGEO": "Sacalum", "estado_nombre": "Yucatán" }, "geometry": { "type": "Point", "coordinates": [ -89.619015673269828, 20.528771787530651 ] } },
{ "type": "Feature", "properties": { "CVEGEO": "31075", "CVE_ENT": "31", "CVE_MUN": "075", "NOMGEO": "Teabo", "estado_nombre": "Yucatán" }, "geometry": { "type": "Point", "coordinates": [ -89.221473583592058, 20.377313258268565 ] } },
{ "type": "Feature", "properties": { "CVEGEO": "31023", "CVE_ENT": "31", "CVE_MUN": "023", "NOMGEO": "Chocholá", "estado_nombre": "Yucatán" }, "geometry": { "type": "Point", "coordinates": [ -89.848728104812338, 20.72999992491701 ] } },
{ "type": "Feature", "properties": { "CVEGEO": "31016", "CVE_ENT": "31", "CVE_MUN": "016", "NOMGEO": "Chacsinkín", "estado_nombre": "Yucatán" }, "geometry": { "type": "Point", "coordinates": [ -89.018280283882959, 20.193714475237119 ] } },
{ "type": "Feature", "properties": { "CVEGEO": "31015", "CVE_ENT": "31", "CVE_MUN": "015", "NOMGEO": "Cuzamá", "estado_nombre": "Yucatán" }, "geometry": { "type": "Point", "coordinates": [ -89.345278763234901, 20.719148721934136 ] } },
{ "type": "Feature", "properties": { "CVEGEO": "31013", "CVE_ENT": "31", "CVE_MUN": "013", "NOMGEO": "Conkal", "estado_nombre": "Yucatán" }, "geometry": { "type": "Point", "coordinates": [ -89.513770243275886, 21.082113926205864 ] } },
{ "type": "Feature", "properties": { "CVEGEO": "31056", "CVE_ENT": "31", "CVE_MUN": "056", "NOMGEO": "Oxkutzcab", "estado_nombre": "Yucatán" }, "geometry": { "type": "Point", "coordinates": [ -89.522537855298367, 20.147166637205228 ] } },
{ "type": "Feature", "properties": { "CVEGEO": "31057", "CVE_ENT": "31", "CVE_MUN": "057", "NOMGEO": "Panabá", "estado_nombre": "Yucatán" }, "geometry": { "type": "Point", "coordinates": [ -88.308801514311767, 21.353779128261625 ] } },
{ "type": "Feature", "properties": { "CVEGEO": "31012", "CVE_ENT": "31", "CVE_MUN": "012", "NOMGEO": "Cenotillo", "estado_nombre": "Yucatán" }, "geometry": { "type": "Point", "coordinates": [ -88.580781834568413, 21.030710211943916 ] } },
{ "type": "Feature", "properties": { "CVEGEO": "31010", "CVE_ENT": "31", "CVE_MUN": "010", "NOMGEO": "Cantamayec", "estado_nombre": "Yucatán" }, "geometry": { "type": "Point", "coordinates": [ -89.049348701495788, 20.425330410849682 ] } },
{ "type": "Feature", "properties": { "CVEGEO": "31009", "CVE_ENT": "31", "CVE_MUN": "009", "NOMGEO": "Cansahcab", "estado_nombre": "Yucatán" }, "geometry": { "type": "Point", "coordinates": [ -89.073202778184992, 21.165739632383158 ] } },
{ "type": "Feature", "properties": { "CVEGEO": "31007", "CVE_ENT": "31", "CVE_MUN": "007", "NOMGEO": "Cacalchén", "estado_nombre": "Yucatán" }, "geometry": { "type": "Point", "coordinates": [ -89.251288400951921, 20.980256213555275 ] } },
{ "type": "Feature", "properties": { "CVEGEO": "31005", "CVE_ENT": "31", "CVE_MUN": "005", "NOMGEO": "Bokobá", "estado_nombre": "Yucatán" }, "geometry": { "type": "Point", "coordinates": [ -89.175638944610839, 21.00051232867542 ] } },
{ "type": "Feature", "properties": { "CVEGEO": "31004", "CVE_ENT": "31", "CVE_MUN": "004", "NOMGEO": "Baca", "estado_nombre": "Yucatán" }, "geometry": { "type": "Point", "coordinates": [ -89.399406367573576, 21.134456166512635 ] } },
{ "type": "Feature", "properties": { "CVEGEO": "31003", "CVE_ENT": "31", "CVE_MUN": "003", "NOMGEO": "Akil", "estado_nombre": "Yucatán" }, "geometry": { "type": "Point", "coordinates": [ -89.348379047186754, 20.262062444393116 ] } },
{ "type": "Feature", "properties": { "CVEGEO": "31076", "CVE_ENT": "31", "CVE_MUN": "076", "NOMGEO": "Tecoh", "estado_nombre": "Yucatán" }, "geometry": { "type": "Point", "coordinates": [ -89.457339875084841, 20.66169305714136 ] } },
{ "type": "Feature", "properties": { "CVEGEO": "31019", "CVE_ENT": "31", "CVE_MUN": "019", "NOMGEO": "Chemax", "estado_nombre": "Yucatán" }, "geometry": { "type": "Point", "coordinates": [ -87.824487450230521, 20.760250234314039 ] } },
{ "type": "Feature", "properties": { "CVEGEO": "31028", "CVE_ENT": "31", "CVE_MUN": "028", "NOMGEO": "Dzilam de Bravo", "estado_nombre": "Yucatán" }, "geometry": { "type": "Point", "coordinates": [ -88.668519623014333, 21.433523822515195 ] } },
{ "type": "Feature", "properties": { "CVEGEO": "31058", "CVE_ENT": "31", "CVE_MUN": "058", "NOMGEO": "Peto", "estado_nombre": "Yucatán" }, "geometry": { "type": "Point", "coordinates": [ -88.827917365811146, 20.07748679794571 ] } },
{ "type": "Feature", "properties": { "CVEGEO": "31021", "CVE_ENT": "31", "CVE_MUN": "021", "NOMGEO": "Chichimilá", "estado_nombre": "Yucatán" }, "geometry": { "type": "Point", "coordinates": [ -88.181551166762858, 20.437091070149073 ] } },
{ "type": "Feature", "properties": { "CVEGEO": "31030", "CVE_ENT": "31", "CVE_MUN": "030", "NOMGEO": "Dzitás", "estado_nombre": "Yucatán" }, "geometry": { "type": "Point", "coordinates": [ -88.533600706638993, 20.835470788125981 ] } },
{ "type": "Feature", "properties": { "CVEGEO": "31038", "CVE_ENT": "31", "CVE_MUN": "038", "NOMGEO": "Hunucmá", "estado_nombre": "Yucatán" }, "geometry": { "type": "Point", "coordinates": [ -89.983076224514775, 21.07243234806651 ] } },
{ "type": "Feature", "properties": { "CVEGEO": "31041", "CVE_ENT": "31", "CVE_MUN": "041", "NOMGEO": "Kanasín", "estado_nombre": "Yucatán" }, "geometry": { "type": "Point", "coordinates": [ -89.538550048308522, 20.919456497035618 ] } },
{ "type": "Feature", "properties": { "CVEGEO": "31099", "CVE_ENT": "31", "CVE_MUN": "099", "NOMGEO": "Uayma", "estado_nombre": "Yucatán" }, "geometry": { "type": "Point", "coordinates": [ -88.362357659815402, 20.780063251078417 ] } },
{ "type": "Feature", "properties": { "CVEGEO": "31100", "CVE_ENT": "31", "CVE_MUN": "100", "NOMGEO": "Ucú", "estado_nombre": "Yucatán" }, "geometry": { "type": "Point", "coordinates": [ -89.779886637814613, 21.062957259941545 ] } },
{ "type": "Feature", "properties": { "CVEGEO": "31002", "CVE_ENT": "31", "CVE_MUN": "002", "NOMGEO": "Acanceh", "estado_nombre": "Yucatán" }, "geometry": { "type": "Point", "coordinates": [ -89.447443881386164, 20.824485937729115 ] } },
{ "type": "Feature", "properties": { "CVEGEO": "32029", "CVE_ENT": "32", "CVE_MUN": "029", "NOMGEO": "Miguel Auza", "estado_nombre": "Zacatecas" }, "geometry": { "type": "Point", "coordinates": [ -103.488377915789755, 24.117374179428612 ] } },
{ "type": "Feature", "properties": { "CVEGEO": "32028", "CVE_ENT": "32", "CVE_MUN": "028", "NOMGEO": "Mezquital del Oro", "estado_nombre": "Zacatecas" }, "geometry": { "type": "Point", "coordinates": [ -103.333755173587122, 21.194549546415601 ] } },
{ "type": "Feature", "properties": { "CVEGEO": "32027", "CVE_ENT": "32", "CVE_MUN": "027", "NOMGEO": "Melchor Ocampo", "estado_nombre": "Zacatecas" }, "geometry": { "type": "Point", "coordinates": [ -101.999946872921498, 24.915362215819563 ] } },
{ "type": "Feature", "properties": { "CVEGEO": "32026", "CVE_ENT": "32", "CVE_MUN": "026", "NOMGEO": "Mazapil", "estado_nombre": "Zacatecas" }, "geometry": { "type": "Point", "coordinates": [ -101.922795735735122, 24.351924001159951 ] } },
{ "type": "Feature", "properties": { "CVEGEO": "32025", "CVE_ENT": "32", "CVE_MUN": "025", "NOMGEO": "Luis Moya", "estado_nombre": "Zacatecas" }, "geometry": { "type": "Point", "coordinates": [ -102.225557607173684, 22.434298965765539 ] } },
{ "type": "Feature", "properties": { "CVEGEO": "32024", "CVE_ENT": "32", "CVE_MUN": "024", "NOMGEO": "Loreto", "estado_nombre": "Zacatecas" }, "geometry": { "type": "Point", "coordinates": [ -101.958805210936546, 22.28458234983253 ] } },
{ "type": "Feature", "properties": { "CVEGEO": "32008", "CVE_ENT": "32", "CVE_MUN": "008", "NOMGEO": "Cuauhtémoc", "estado_nombre": "Zacatecas" }, "geometry": { "type": "Point", "coordinates": [ -102.390193972879402, 22.448728313433516 ] } },
{ "type": "Feature", "properties": { "CVEGEO": "32031", "CVE_ENT": "32", "CVE_MUN": "031", "NOMGEO": "Monte Escobedo", "estado_nombre": "Zacatecas" }, "geometry": { "type": "Point", "coordinates": [ -103.461877491750585, 22.37505619809502 ] } },
{ "type": "Feature", "properties": { "CVEGEO": "32022", "CVE_ENT": "32", "CVE_MUN": "022", "NOMGEO": "Juan Aldama", "estado_nombre": "Zacatecas" }, "geometry": { "type": "Point", "coordinates": [ -103.303181745929322, 24.294266107578732 ] } },
{ "type": "Feature", "properties": { "CVEGEO": "32018", "CVE_ENT": "32", "CVE_MUN": "018", "NOMGEO": "Huanusco", "estado_nombre": "Zacatecas" }, "geometry": { "type": "Point", "coordinates": [ -102.927864743296709, 21.772082812136123 ] } },
{ "type": "Feature", "properties": { "CVEGEO": "32052", "CVE_ENT": "32", "CVE_MUN": "052", "NOMGEO": "Villa García", "estado_nombre": "Zacatecas" }, "geometry": { "type": "Point", "coordinates": [ -101.892355330211117, 22.129661082028498 ] } },
{ "type": "Feature", "properties": { "CVEGEO": "32016", "CVE_ENT": "32", "CVE_MUN": "016", "NOMGEO": "General Pánfilo Natera", "estado_nombre": "Zacatecas" }, "geometry": { "type": "Point", "coordinates": [ -102.119984016772747, 22.6901567208171 ] } },
{ "type": "Feature", "properties": { "CVEGEO": "32054", "CVE_ENT": "32", "CVE_MUN": "054", "NOMGEO": "Villa Hidalgo", "estado_nombre": "Zacatecas" }, "geometry": { "type": "Point", "coordinates": [ -101.714318520942697, 22.407358432307358 ] } },
{ "type": "Feature", "properties": { "CVEGEO": "32006", "CVE_ENT": "32", "CVE_MUN": "006", "NOMGEO": "Cañitas de Felipe Pescador", "estado_nombre": "Zacatecas" }, "geometry": { "type": "Point", "coordinates": [ -102.732614989362304, 23.577327873501936 ] } },
{ "type": "Feature", "properties": { "CVEGEO": "32013", "CVE_ENT": "32", "CVE_MUN": "013", "NOMGEO": "General Enrique Estrada", "estado_nombre": "Zacatecas" }, "geometry": { "type": "Point", "coordinates": [ -102.787849154279982, 23.01550299146659 ] } },
{ "type": "Feature", "properties": { "CVEGEO": "32007", "CVE_ENT": "32", "CVE_MUN": "007", "NOMGEO": "Concepción del Oro", "estado_nombre": "Zacatecas" }, "geometry": { "type": "Point", "coordinates": [ -101.241278342086787, 24.453231396251383 ] } },
{ "type": "Feature", "properties": { "CVEGEO": "32034", "CVE_ENT": "32", "CVE_MUN": "034", "NOMGEO": "Nochistlán de Mejía", "estado_nombre": "Zacatecas" }, "geometry": { "type": "Point", "coordinates": [ -102.859510536223269, 21.417403623507205 ] } },
{ "type": "Feature", "properties": { "CVEGEO": "32053", "CVE_ENT": "32", "CVE_MUN": "053", "NOMGEO": "Villa González Ortega", "estado_nombre": "Zacatecas" }, "geometry": { "type": "Point", "coordinates": [ -101.953732891190384, 22.551865947250477 ] } },
{ "type": "Feature", "properties": { "CVEGEO": "32055", "CVE_ENT": "32", "CVE_MUN": "055", "NOMGEO": "Villanueva", "estado_nombre": "Zacatecas" }, "geometry": { "type": "Point", "coordinates": [ -102.851508270563343, 22.298265245565467 ] } },
{ "type": "Feature", "properties": { "CVEGEO": "32003", "CVE_ENT": "32", "CVE_MUN": "003", "NOMGEO": "Atolinga", "estado_nombre": "Zacatecas" }, "geometry": { "type": "Point", "coordinates": [ -103.446583773881045, 21.786513705344934 ] } },
{ "type": "Feature", "properties": { "CVEGEO": "32039", "CVE_ENT": "32", "CVE_MUN": "039", "NOMGEO": "Río Grande", "estado_nombre": "Zacatecas" }, "geometry": { "type": "Point", "coordinates": [ -103.031861609786617, 23.782961027797832 ] } },
{ "type": "Feature", "properties": { "CVEGEO": "32038", "CVE_ENT": "32", "CVE_MUN": "038", "NOMGEO": "Pinos", "estado_nombre": "Zacatecas" }, "geometry": { "type": "Point", "coordinates": [ -101.528798320004725, 22.269016114269508 ] } },
{ "type": "Feature", "properties": { "CVEGEO": "32015", "CVE_ENT": "32", "CVE_MUN": "015", "NOMGEO": "El Plateado de Joaquín Amaro", "estado_nombre": "Zacatecas" }, "geometry": { "type": "Point", "coordinates": [ -103.050090538296217, 21.999054221698412 ] } },
{ "type": "Feature", "properties": { "CVEGEO": "32017", "CVE_ENT": "32", "CVE_MUN": "017", "NOMGEO": "Guadalupe", "estado_nombre": "Zacatecas" }, "geometry": { "type": "Point", "coordinates": [ -102.407620786175556, 22.780203846831672 ] } },
{ "type": "Feature", "properties": { "CVEGEO": "32020", "CVE_ENT": "32", "CVE_MUN": "020", "NOMGEO": "Jerez", "estado_nombre": "Zacatecas" }, "geometry": { "type": "Point", "coordinates": [ -102.991973308402862, 22.725482914252488 ] } },
{ "type": "Feature", "properties": { "CVEGEO": "32023", "CVE_ENT": "32", "CVE_MUN": "023", "NOMGEO": "Juchipila", "estado_nombre": "Zacatecas" }, "geometry": { "type": "Point", "coordinates": [ -103.124157429111548, 21.376756615846478 ] } },
{ "type": "Feature", "properties": { "CVEGEO": "32058", "CVE_ENT": "32", "CVE_MUN": "058", "NOMGEO": "Santa María de la Paz", "estado_nombre": "Zacatecas" }, "geometry": { "type": "Point", "coordinates": [ -103.343999031318589, 21.522608014592443 ] } },
{ "type": "Feature", "properties": { "CVEGEO": "32036", "CVE_ENT": "32", "CVE_MUN": "036", "NOMGEO": "Ojocaliente", "estado_nombre": "Zacatecas" }, "geometry": { "type": "Point", "coordinates": [ -102.216442325463888, 22.568375215909327 ] } },
{ "type": "Feature", "properties": { "CVEGEO": "32057", "CVE_ENT": "32", "CVE_MUN": "057", "NOMGEO": "Trancoso", "estado_nombre": "Zacatecas" }, "geometry": { "type": "Point", "coordinates": [ -102.312003088489107, 22.755628922516539 ] } },
{ "type": "Feature", "properties": { "CVEGEO": "32030", "CVE_ENT": "32", "CVE_MUN": "030", "NOMGEO": "Momax", "estado_nombre": "Zacatecas" }, "geometry": { "type": "Point", "coordinates": [ -103.248093901579665, 21.939032962720912 ] } },
{ "type": "Feature", "properties": { "CVEGEO": "32032", "CVE_ENT": "32", "CVE_MUN": "032", "NOMGEO": "Morelos", "estado_nombre": "Zacatecas" }, "geometry": { "type": "Point", "coordinates": [ -102.672881646987889, 22.852462684840379 ] } },
{ "type": "Feature", "properties": { "CVEGEO": "32056", "CVE_ENT": "32", "CVE_MUN": "056", "NOMGEO": "Zacatecas", "estado_nombre": "Zacatecas" }, "geometry": { "type": "Point", "coordinates": [ -102.678067653363371, 22.735736698367141 ] } },
{ "type": "Feature", "properties": { "CVEGEO": "32035", "CVE_ENT": "32", "CVE_MUN": "035", "NOMGEO": "Noria de Ángeles", "estado_nombre": "Zacatecas" }, "geometry": { "type": "Point", "coordinates": [ -101.915551721896676, 22.396699206827684 ] } },
{ "type": "Feature", "properties": { "CVEGEO": "32005", "CVE_ENT": "32", "CVE_MUN": "005", "NOMGEO": "Calera", "estado_nombre": "Zacatecas" }, "geometry": { "type": "Point", "coordinates": [ -102.746821459142254, 22.956895170394844 ] } },
{ "type": "Feature", "properties": { "CVEGEO": "32010", "CVE_ENT": "32", "CVE_MUN": "010", "NOMGEO": "Fresnillo", "estado_nombre": "Zacatecas" }, "geometry": { "type": "Point", "coordinates": [ -102.995938287705613, 23.236826765495373 ] } },
{ "type": "Feature", "properties": { "CVEGEO": "32001", "CVE_ENT": "32", "CVE_MUN": "001", "NOMGEO": "Apozol", "estado_nombre": "Zacatecas" }, "geometry": { "type": "Point", "coordinates": [ -103.073802085176908, 21.472349635161923 ] } },
{ "type": "Feature", "properties": { "CVEGEO": "32011", "CVE_ENT": "32", "CVE_MUN": "011", "NOMGEO": "Trinidad García de la Cadena", "estado_nombre": "Zacatecas" }, "geometry": { "type": "Point", "coordinates": [ -103.50319974073139, 21.216922747844215 ] } },
{ "type": "Feature", "properties": { "CVEGEO": "32002", "CVE_ENT": "32", "CVE_MUN": "002", "NOMGEO": "Apulco", "estado_nombre": "Zacatecas" }, "geometry": { "type": "Point", "coordinates": [ -102.691876218340411, 21.466994660342216 ] } },
{ "type": "Feature", "properties": { "CVEGEO": "32040", "CVE_ENT": "32", "CVE_MUN": "040", "NOMGEO": "Sain Alto", "estado_nombre": "Zacatecas" }, "geometry": { "type": "Point", "coordinates": [ -103.239934026015717, 23.563198241918194 ] } },
{ "type": "Feature", "properties": { "CVEGEO": "32041", "CVE_ENT": "32", "CVE_MUN": "041", "NOMGEO": "El Salvador", "estado_nombre": "Zacatecas" }, "geometry": { "type": "Point", "coordinates": [ -100.904709332286572, 24.4496576061096 ] } },
{ "type": "Feature", "properties": { "CVEGEO": "32037", "CVE_ENT": "32", "CVE_MUN": "037", "NOMGEO": "Pánuco", "estado_nombre": "Zacatecas" }, "geometry": { "type": "Point", "coordinates": [ -102.475707846771471, 22.991323705306865 ] } },
{ "type": "Feature", "properties": { "CVEGEO": "32021", "CVE_ENT": "32", "CVE_MUN": "021", "NOMGEO": "Jiménez del Teul", "estado_nombre": "Zacatecas" }, "geometry": { "type": "Point", "coordinates": [ -103.953327096928817, 23.175208802352948 ] } },
{ "type": "Feature", "properties": { "CVEGEO": "32047", "CVE_ENT": "32", "CVE_MUN": "047", "NOMGEO": "Teúl de González Ortega", "estado_nombre": "Zacatecas" }, "geometry": { "type": "Point", "coordinates": [ -103.453245724060253, 21.363713809843755 ] } },
{ "type": "Feature", "properties": { "CVEGEO": "32045", "CVE_ENT": "32", "CVE_MUN": "045", "NOMGEO": "Tepechitlán", "estado_nombre": "Zacatecas" }, "geometry": { "type": "Point", "coordinates": [ -103.356726093244859, 21.624462680178933 ] } },
{ "type": "Feature", "properties": { "CVEGEO": "32051", "CVE_ENT": "32", "CVE_MUN": "051", "NOMGEO": "Villa de Cos", "estado_nombre": "Zacatecas" }, "geometry": { "type": "Point", "coordinates": [ -102.17636691079133, 23.604835761856627 ] } },
{ "type": "Feature", "properties": { "CVEGEO": "32050", "CVE_ENT": "32", "CVE_MUN": "050", "NOMGEO": "Vetagrande", "estado_nombre": "Zacatecas" }, "geometry": { "type": "Point", "coordinates": [ -102.482642053835875, 22.848052344067188 ] } },
{ "type": "Feature", "properties": { "CVEGEO": "32049", "CVE_ENT": "32", "CVE_MUN": "049", "NOMGEO": "Valparaíso", "estado_nombre": "Zacatecas" }, "geometry": { "type": "Point", "coordinates": [ -103.752818617475825, 22.77899578464487 ] } },
{ "type": "Feature", "properties": { "CVEGEO": "32048", "CVE_ENT": "32", "CVE_MUN": "048", "NOMGEO": "Tlaltenango de Sánchez Román", "estado_nombre": "Zacatecas" }, "geometry": { "type": "Point", "coordinates": [ -103.227185305519413, 21.784790677309896 ] } },
{ "type": "Feature", "properties": { "CVEGEO": "32019", "CVE_ENT": "32", "CVE_MUN": "019", "NOMGEO": "Jalpa", "estado_nombre": "Zacatecas" }, "geometry": { "type": "Point", "coordinates": [ -102.998292603989427, 21.623681633271385 ] } },
{ "type": "Feature", "properties": { "CVEGEO": "32033", "CVE_ENT": "32", "CVE_MUN": "033", "NOMGEO": "Moyahua de Estrada", "estado_nombre": "Zacatecas" }, "geometry": { "type": "Point", "coordinates": [ -103.164309659548536, 21.198630238442 ] } },
{ "type": "Feature", "properties": { "CVEGEO": "32012", "CVE_ENT": "32", "CVE_MUN": "012", "NOMGEO": "Genaro Codina", "estado_nombre": "Zacatecas" }, "geometry": { "type": "Point", "coordinates": [ -102.559186140020884, 22.47794982828006 ] } },
{ "type": "Feature", "properties": { "CVEGEO": "32046", "CVE_ENT": "32", "CVE_MUN": "046", "NOMGEO": "Tepetongo", "estado_nombre": "Zacatecas" }, "geometry": { "type": "Point", "coordinates": [ -103.136840906954561, 22.444111072759572 ] } },
{ "type": "Feature", "properties": { "CVEGEO": "32044", "CVE_ENT": "32", "CVE_MUN": "044", "NOMGEO": "Tabasco", "estado_nombre": "Zacatecas" }, "geometry": { "type": "Point", "coordinates": [ -102.933112346278605, 21.934342761260961 ] } },
{ "type": "Feature", "properties": { "CVEGEO": "32004", "CVE_ENT": "32", "CVE_MUN": "004", "NOMGEO": "Benito Juárez", "estado_nombre": "Zacatecas" }, "geometry": { "type": "Point", "coordinates": [ -103.581800186921782, 21.495632224479635 ] } },
{ "type": "Feature", "properties": { "CVEGEO": "32043", "CVE_ENT": "32", "CVE_MUN": "043", "NOMGEO": "Susticacán", "estado_nombre": "Zacatecas" }, "geometry": { "type": "Point", "coordinates": [ -103.193979886202754, 22.631297935479644 ] } },
{ "type": "Feature", "properties": { "CVEGEO": "32042", "CVE_ENT": "32", "CVE_MUN": "042", "NOMGEO": "Sombrerete", "estado_nombre": "Zacatecas" }, "geometry": { "type": "Point", "coordinates": [ -103.614779631826039, 23.64016114624954 ] } },
{ "type": "Feature", "properties": { "CVEGEO": "32014", "CVE_ENT": "32", "CVE_MUN": "014", "NOMGEO": "General Francisco R. Murguía", "estado_nombre": "Zacatecas" }, "geometry": { "type": "Point", "coordinates": [ -102.811604318166971, 24.137451702709999 ] } },
{ "type": "Feature", "properties": { "CVEGEO": "32009", "CVE_ENT": "32", "CVE_MUN": "009", "NOMGEO": "Chalchihuites", "estado_nombre": "Zacatecas" }, "geometry": { "type": "Point", "coordinates": [ -103.910390968687139, 23.418070537608568 ] } }
]
}
