tecnica_norm,n_fichas,n_mujeres,n_hombres,edad_prom,estados,ceremonia_principal,n_ceremonia_principal,ceremonias_resumen,prenda_principal,n_prenda_principal,prendas_resumen,n_aprendio_madre,n_aprendio_abuela,n_aprendio_tia,n_aprendio_hermana,n_aprendio_cunada,n_aprendio_instructor,n_aprendio_otro,n_aprendio_padre,n_no_ha_ensenado,n_ens_hijas,n_ens_nietos,n_ens_sobrinos,n_ens_pareja,n_ens_estudiantes,n_ens_otra,n_ens_hijos,n_man_mano,n_man_pedal,n_man_telar,n_man_mixta,n_man_otra,n_man_tejido,n_man_telar_pedal,n_tenido_plantas,n_tenido_minerales,n_tenido_animales,n_tenido_otro,Tecnica,count,Materiales_concat_clean,CAT-N-1,CAT-N-2,CAT-N-3,CAT-N-4,historia,significados,materiales_lista,incluida
Lomillo,10,7,3,45.8,"Chiapas, Hidalgo, México, Oaxaca, Puebla, Tabasco",Boda,2,"Boda (2); Manteles (2); Atuendo (1); Bautizo (1); Bautizos (1); Bodas (1); Camisa (1); Camisas (1); Clausuras (1); Comuniones (1); Confirmaciones (1); Cotopayu utilizan Mayordomos y Priostes durante las fiestas grandes en honor Virgen de Candelaria y la del Rosario (1); Elección de la Flor Tabasco (1); En fiestas del pueblo (1); En las fiestas (1); En las fiestas de los santos del pueblo (1); Eventos especiales (1); Eventos sociales (1); Ferias Municipales (1); Fiesta del pueblo: san frsnsico de asiss (1); Fiestas patronales (1); Fundas de almohada (1); Huipil (1); Huipiles (1); Los manteles los usan para ceremonias del pueblo, como cuando hacen cambio de mayordomos (1); Los utilizan en bodas (1); Maromo Cultural de San Francisco de Asís en Tamulté de las sábanas, Centro, Tabasco. (1); Presentaciones (1); Primera Comunión (1); Se usaba para las bodas (1); Servilletas (1); Son para cubrir la copa del vino de los padres en la iglesia (1); Son utilizadas para las señoras (1); Vestido (1); Virgen del Rosario (1)",Rebozos,5,"Rebozos (5); Camisas (4); Manteles (4); Blusas (2); Caminos de mesa (2); Camisa (2); Faldas (2); Fundas de almohada (2); Huipiles cortos (2); Pulseras (2); Servilletas (2); Vestido (2); Accesorios (1); Algunos ornamentos religiosos (1); Aretes (1); Bandas bordadas (1); Blusa (1); Blusa, (1); Bolsas (1); Bolsas de bordados (1); Bufandas (1); Camisa tradicional mestiza (blusa mujer) el bordado lo utiliza en escote y las mangas, y se incorpora una técnica más de bordado sobre el tull (1); Camisas para caballero (1); Chalina (1); Cinturon (1); Cotopayú (Servilleta cuadrada tradicional) prenda de uso ceremonial y para algunas danzas (1); Cotón (camisa de hombres) el bordado se aplica en los pinos de la camisa (1); Cuadro para enmarcar (1); Diadema (1); Diademas (1); En blusas (1); En nuestra blusa tradicional (1); Fajas (1); Fajillas (1); Falda (1); Gafete (1); Guayaberas (1); Huipil Zoque (blusa de mujer) las mangas llevan el bordado (1); Huipiles (1); Huipiles ceremoniales (1); Monedero (1); Monederos o carteras (1); Morrales (1); Pañaleros o ropas de niños (1); Portavasos (1); Pulcera (1); Pulceras (1); Quesquemetl (1); Quexquemilt (1); Reboso , (1); Ruedos para la enagua en eventos (1); Sacos (1); Se puede utilizar en camisa (1); Separadores de libros (1); Separadores para libros (1); Thomicoton (1); Tiras (1); Toallas, fundas y sábanas (1); Vestidos (1)",8,2,3,0,0,0,0,0,1,5,3,2,3,2,4,4,10,0,0,0,0,0,0,3,0,0,1,Lomillo,10,"manta, tela de lana, estambre, hilo, hilos de madeja, de algodón o de seda, telas cuadriculada, figurine, aguja, tijera, hilo de algodón o lana tejida en tintes naturales. manta de algodón o tela de lana, hilos de algodón y cuadrille, tela caneva, aguja caneva e hilera, malla caneva, hilos de algodón industrializado o tenido y agujas caneva sin punta, cuadrille, estambre y aguja, telas tejidas en telar de cintura o pedal, manta industrial y manta tejida",Técnicas decorativas,Bordados,A mano,Lineal,"El lomillo es una técnica de bordado en relieve que se trabaja sobre tela de manta y se utiliza para adornar blusas, camisas y prendas tradicionales. Es una técnica heredada en las familias, transmitida de madres y abuelas a las hijas desde la niñez, y reconocida por su acabado robusto y duradero.","Los motivos del lomillo expresan la flora y la fauna del entorno: flores, aves, grecas y figuras geométricas que representan los cuatro puntos cardinales y la identidad cultural de cada comunidad.","tela de manta, popelina, lino, hilo de algodón, hilaza, aguja, bastidor",sí
Pepenado,13,9,4,48.84615385,"Hidalgo, México, Oaxaca, Puebla, Tlaxcala",Vestido,2,"Vestido (2); Atetes (1); Bautizos (1); Blusa (1); Boda (1); Bodas (1); Bodas en la sociales es la vestimenta de gala (1); Camisa (1); Concursos de arte popular (1); Desfiles (1); En 15 años (1); En bodas (1); En eventos de costumbre (1); En eventos de graduación (1); En eventos políticos (1); En eventos religiosos (1); En las fiestas patronales, eventos culturales, días de fiesta y como prenda del diario (1); En las fiestas patronales, eventos culturales, días de fiesta y del diario (1); En las fiestas patronales,eventos culturales, días de fiesta y del diario (1); En todos los espacios de la vida (1); Escuelas (1); Eventos culturales (1); Eventos especiales en las comunidades (1); Eventos religiosos (1); Eventos tradicionales (1); Festividades de la comunidad (1); Fiesta patronales (1); Fiestas patronales (1); Fiestas tradicionales (1); Mayordomia (1); Mayordomias (1); Mayordomía (1); Portacelular (1); Prenda de boda. (1); Primeras comuniones (1); Rebozo (1); Religion (1); Religiosos (1); Vestimenta (1)",Camisas,5,"Camisas (5); Blusas (4); Rebozos (4); Caminos de mesa (3); Morrales (3); Aretes (2); Capas (2); Vestidos (2); Accesorios: bolsas, pulseras, monederos, etc (1); Arte utilitario y decoración: cobijes, caminos y cuatros (1); Blancos: sábanas y enrredones, fundas para almohadas etc (1); Blusa en bata de manga larga con dos pechos ( tiras) (1); Blusa para las bodas tradicionales, (1); Blusa tradicional de manga corta (1); Blusa tradicional en bata manga larga con un solo pecho (1); Blusas de laboratorio tradicionales (1); Bolsas (1); Bolsitas (1); Camisa de uso interior con tejido de randa(blusa) (1); Carpetas (1); Chalecos (1); Chales, (1); Coyocoton (1); Cuadro para enmarcar (1); Cuadros (1); En Mrrales (1); En bisutería (1); En caminos de mesa (1); En chalecos (1); En cuadros de colección (1); En la enagua que Esparte de nuestro atuendo (1); En rebozos (1); En servilletas que se utilizan en las festividades patronales (1); Eventos religiosos (1); Fajas o señidor (1); Faldas (1); Guayaberas para las bodas (1); Huipil (1); Huipiles (1); Indumentaria cotidiana o en eventos especiales (1); La técnica se vasa para crear un traje típico que se usa como prenda del diario entre mujeres, (1); Monederos (1); Ponchos (1); Pulceras (1); Pulseras (1); Quechquemit (1); Rebosos (1); Ropa confeccionada en diferentes espacios (1); Se estiliza esta técnica en vestidos, blusas, sacos, guayaberas estos para comercializar siendo más moderno estás técnicas (1); Separadores de libros (1); Servilletas (1); Sombreros (1); Tomicotones (1); Tortilleros (1); Traje típico de la region (1); Uniformes que se están implementando en las escuelas (1)",8,2,1,0,0,0,0,3,1,5,0,2,1,2,7,1,11,0,3,0,0,0,0,5,1,2,0,Pepenado,13,"tela para bordar manta lino cambray cuadrille, anteriormente la manta cruda ahora podemos utilizar cualquier tipo de tela, hilos de algodón y las muestras de nuestras tatarabuelas.s, tela de manta, hilo de algodón y aguja, hilo aguja y lana, algodón mercerizado, manta, hilo en algodón, hilo en estambre, aguja, lana y algodon, tela de algodón y lana, hilo de algodón hilado o mercerizado, para el bordado solamente el aguja, y material, en el teñido pues olla, y leña, cabeza de indio, aguja del número 6, hilo de algodón, lino, rayon, hilo, telas de diferentes texturas y material, bastidor",Tejido,Tejidos,Telares,Telar de cintura,"El pepenado es un bordado fino tradicional del Valle del Mezquital, el Estado de México y Tlaxcala, considerado uno de los bordados más finos de la región. La tradición oral lo asocia con el relato de Mallinali pidiendo a dos niñas que aprendieran el pepenado y el telar de cintura. Las artesanas lo aprenden de sus madres y abuelas y lo consideran un bordado heredado de los ancestros.","El pepenado representa la flor y el canto del Valle del Mezquital, así como la flora y fauna de cada municipio. Los motivos plasman la iconografía de la naturaleza —flores, aves, grecas— y forman parte de blusas y trajes típicos que dan identidad a sus portadoras.","tela de manta, lino, cambray, cuadrillé, hilo de algodón, aguja, bastidor",sí
Nëxuy,1,1,0,32,Oaxaca,Bautismo,1,Bautismo (1); Cambio de autoridades (1); Graduaciones (1),Blusas,1,Blusas (1); Bolsas (1); Bolsos (1); Camisas (1); Chaquetas (1); Diademas (1); Faldas (1); Mochilas (1); Pantalones (1); Vestidos (1),1,1,0,0,0,0,0,1,0,1,1,1,1,1,1,1,0,1,0,0,0,0,0,1,0,0,0,Nëxuy,1,manta de algodón hilos de algodón máquina de pedal,Tejido,Tejidos,Telares,Telar de cintura,"El bordado a máquina de pedal Nëxuy inicia en la década de 1930 en una comunidad oaxaqueña, con la introducción de las primeras máquinas de coser. Se borda sobre manta cruda y forma parte del proceso de finalización de la prenda artesanal.","Los motivos del Nëxuy representan flores, soles, montañas, ríos y caminos.","manta de algodón, hilo de algodón, máquina de pedal",sí
Puntada antigua,1,1,0,52,Puebla,Escuelas,1,Escuelas (1); Mayordomias (1); Primeras comuniones (1),Caminos de mesa,1,"Caminos de mesa (1); Chalecos (1); Chales, (1); Huipiles (1); Morrales (1); Tomicotones (1)",0,0,0,0,0,0,0,1,0,1,0,0,0,1,0,0,1,0,0,0,0,0,0,1,0,1,0,Puntada antigua,1,"para el bordado solamente el aguja, y material, en el teñido pues olla, y leña",Técnicas decorativas,Bordados,A mano,Punto,"La puntada antigua en Puebla se acompaña de una creencia sobre el teñido de añil: se cree que una mujer embarazada no puede ver el teñido porque éste se descompone, por lo cual se debe poner protección.",La puntada antigua representa la identidad cultural del pueblo.,"tela, hilo, aguja, ollas, leña, añil",sí
Puntada frontal,1,1,0,52,Puebla,Escuelas,1,Escuelas (1); Mayordomias (1); Primeras comuniones (1),Caminos de mesa,1,"Caminos de mesa (1); Chalecos (1); Chales, (1); Huipiles (1); Morrales (1); Tomicotones (1)",0,0,0,0,0,0,0,1,0,1,0,0,0,1,0,0,1,0,0,0,0,0,0,1,0,1,0,Puntada frontal,1,"para el bordado solamente el aguja, y material, en el teñido pues olla, y leña",Técnicas decorativas,Bordados,A mano,Lineal,"La puntada frontal se trabaja en Puebla y se acompaña de la creencia sobre el teñido de añil: se cree que una mujer embarazada no puede verlo porque se descompone, por lo cual debe protegerse.",La puntada frontal representa la identidad cultural del pueblo.,"tela, hilo, aguja, ollas, leña, añil",sí
Tinte natural y tejido,1,0,1,24,Veracruz De Ignacio De La Llave,Bautizo,1,Bautizo (1); En boda (1); Viajes de visita (1),Billetera,1,Billetera (1); Bolsa de mano (1); Carpetas de documentos (1); En el morral (1); Morral con mochila (1),1,1,1,0,0,0,0,0,1,0,0,0,0,0,1,1,1,1,0,1,0,1,0,1,0,0,1,Tinte natural y tejido,1,"hilo, aguja, maquina de coser, chatal, tela",Teñidos,Artesanales,Materiales,,"Las personas artesanas de Veracruz aprenden el tinte natural y el tejido en familia: les enseñaron a tejer, bordar y coser tanto a mano como en máquina de coser.","El tinte natural y el tejido representan formas de tradición, como hacer el morral y la indumentaria que usaba antiguamente el pueblo.","hilo, aguja, máquina de coser, chatal, tela, tintes naturales",sí
Hilván,27,24,3,46.44444444,"Campeche, Chiapas, Chihuahua, Hidalgo, México, Oaxaca, Puebla, Querétaro, Tlaxcala, Veracruz De Ignacio De La Llave",Bodas,8,"Bodas (8); Bautizo (4); Bautizos (3); Confirmaciones (3); Fiestas patronales (3); Boda (2); Uso diario (2); Anterior mente es el traje de uso diario y ahora se usa en las fiestas patronales (1); Bodas, bautizos y mayodormías religiosas (1); Caminos (1); Campañas (1); Capas para la virgen Juquila (1); Clausuras (1); Comuniones (1); Concursos de arte popular (1); Cortinas para el sagrario (1); Danza (1); Desfiled (1); El otro en fiestas como bodas y recibimiento de presidentes (fiestas importantes) (1); El uso o de la enagua es en el día a día, solo cambia su uso dependiendo del huipil y el evento (1); En 15 años (1); En bodas (1); En eventos políticos (1); En las fiestas patronales, eventos culturales, días de fiesta y como prenda del diario (1); En las fiestas patronales, eventos culturales, días de fiesta y del diario (1); En las fiestas patronales,eventos culturales, días de fiesta y del diario (1); Eventos (1); Eventos culturales (1); Eventos especiales en las comunidades (1); Eventos políticos (1); Eventos sociales (1); Eventos tradicionales (1); Fiesta patronales (1); Guelaguetza, mayordomías, calendas. (1); Huipiles (1); Lo utilizan niñas para la procesión del 12 de Diciembre  que les ponen traje tradicional (1); Mayordomia (1); Mayordomía (1); Misas (1); Presentaciones (1); Reboso (1); Religion (1); Se ocupan en las bodas y ceremonia de bailas (1); Se usa en el día a día, ya que son las mas tradicionales y se adaptan a nuestras actividades cotidianas (1); Se usa en eventos importantes con bodas, bautizos, cumpleaños. (1); Servilletas (1); Son piezas de innovación en para el día a día (1); Son piezas de innovación para el día a día (1); Traje tico (1); Trajes de XV años (1); XV años (1); Y otros eventos (1); diario el de punto de cruz (1)",Camisas,10,"Camisas (10); Blusas (9); Caminos de mesa (6); Servilletas (5); Huipiles (3); Manteles (3); Rebosos (3); Vestidos (3); Batas (2); Blusa (2); Bolsas (2); Camisa (2); Fajas (2); Huipil (2); Monederos (2); Rebozos (2); Tortilleros (2); Vestido (2); Aretes (1); Blusa en bata de manga larga con dos pechos ( tiras) (1); Blusa tradicional de manga corta (1); Blusa tradicional en bata manga larga con un solo pecho (1); Blusas de laboratorio tradicionales (1); Bolsitas (1); Bufandas (1); Camino de mesa (1); Camisas de cajón (1); Camisas para caballero y dama (1); Capas (1); Cenefas (1); Cervilletas (1); Chal (1); Chalecos (1); Chalina (1); Cintas (1); Cojines (1); Cojintira (1); Cuadros (1); Diademas (1); Día demás (1); En Mrrales (1); En bisutería (1); En caminos de mesa (1); En chalecos (1); En cuadros de colección (1); En la enagua que Esparte de nuestro atuendo (1); En rebozos (1); En servilletas que se utilizan en las festividades patronales (1); Enagua (1); Enaguas antiguas y recientes (1); Faja de cintura (1); Fajas o señidor (1); Faldas (1); Fundas para almohadas (1); Guayabera (1); Guayaberas (1); Hipiles (1); Huipil bolsas (1); Huipil de gala (1); Huipil de uso diario (1); Huipil galas (1); Huipil media gala (1); Huipiles Ceremoniales o de Gala (1); Huipiles cortos de uso diario (1); Huiples (1); Kechkemitl (1); Mangas (1); Mantillas o rebozos (1); Nahuas (1); Pantalones (1); Pechera (1); Pulceras (1); Quechquemit (1); Quexquemilt (1); Quiskemetl (1); Reboso , (1); Rebozo (1); Refajos o enajuas (1); Ropaje de bautizo (1); Sacos (1); Telar de sintura (1); Thomicoton (1); Top crop (1); Traje completo (1); Traje típico de la region (1); Vestiditos (1); Vestido de novia (1); Vestido tradicional (1); Vestidos de niñas (1); Vestidos estilizados (1); Vestidos y huipules (1); blusa (1); caminos de mesa (1); capas (1); chlinas (1); huipil (1); ponchos (1); tomcoton (1); vestidos (1); Únicamente en el traje regional de hombre de las fiestas patronales y en la blusa de la mujer (1)",21,8,4,0,0,2,0,1,1,10,3,10,9,4,6,7,26,0,3,3,0,1,1,7,2,2,1,Hilván,27,"tela para bordar manta lino cambray cuadrille, anteriormente la manta cruda ahora podemos utilizar cualquier tipo de tela, hilos de algodón y las muestras de nuestras tatarabuelas.s, hilaza, tela de algodón, manta, lino o rayón. se realiza con hilos de algodón, seda y crochet, tela de telar, cuadrille, popelina, aguja, hilos de algodón, manta prelavada o telar . hilos ilaza y aguja, tela de cuadriyel, lino, hilo aguja y lana, agua, planta, hilo de algodón, tela aguja tijera maya plástica y de algodon, hilo, telas cuadriculada, muestra, tijera, lana, hilos de algodón y algunos agujas caputeras hacer el urdimbre los hilos de colores para la trama varas que se ocupan como pasante en el urdimbre posteriormente se borda después de terminar el telar, etamina, tela de algodón y lana, hilo de algodón hilado o mercerizado, hilos de algodón o estambre, se usa manta dibujar el diceño ahuja hilos de algodón aro, telar de cintura, hilo vela mercerizado, hilo de algodón y aguja",Técnicas decorativas,Bordados,A mano,Lineal,"El hilván es una técnica de bordado decorativo que en distintas regiones —Hidalgo, Tlaxcala, Estado de México, Sierra Mazateca— se ha utilizado para adornar blusas, camisas y prendas de uso ceremonial. Las personas artesanas lo describen como una técnica antigua y heredada, que se enseña en la familia y forma parte del trabajo cotidiano y de gala. Se cuenta también la tradición oral según la cual fue Mallinali quien envió a niñas a aprender a bordar el pepenado y el telar de cintura, ligando este saber a relatos fundacionales.","El hilván plasma la naturaleza y la cosmovisión de cada pueblo: aves, flores, el árbol de la vida, la flor de cacao y la flor de elote, los cuatro puntos cardinales y los animales de la región. En algunas comunidades los muñequitos llamados ""hazme si puedes"" representan la hermandad o el número de hijos que la novia amamantará, y los colores expresan estados de ánimo o se eligen guiados por el cielo.","tela de manta, manta prelavada, lino, popelina, cambray, cuadrillé, hilo de algodón, hilaza, hilo de seda, aguja, bastidor",sí
Relleno,12,10,2,41.75,"Chiapas, Oaxaca, Puebla, Tabasco, Yucatán",Bodas,4,"Bodas (4); Bautizo (2); Clausuras (2); Bautizos (1); Boda (1); Bodas, bautizos y mayodormías religiosas (1); Bodas, cumpleaños, primera comunión y en eventos importantes de gala (1); Bolsas uso cotidiano (1); Camisas en fiestas de pueblo (1); Cumpleaños, bautizos y eventos importantes (1); Diademas, uso cotidiano, fiesta d pueblo (1); El uso o de la enagua es en el día a día, solo cambia su uso dependiendo del huipil y el evento (1); Eventos de Fin de Año (1); Eventos de fin de año (1); Eventos de gala (1); Eventos importantes, bodas,primera comunión, clausura de las escuelas (1); Festividades patronales (1); Graduación (1); Huipiles en fiestas del pueblo, las calendas, bodas (1); Rebozos fiestas de pueblo (1); Reuniones (1); Se usa en el día a día, ya que son las mas tradicionales y se adaptan a nuestras actividades cotidianas (1); Se usa en eventos importantes con bodas, bautizos, cumpleaños. (1); Son piezas de innovación en para el día a día (1); Son piezas de innovación para el día a día (1); XV años (1); bodas (1); festividad de pueblo (1); mayordomia (1)",Blusas,6,"Blusas (6); Guayaberas (4); Camisas (3); Cojines (3); Huipil (3); Monederos (3); Pantalones (3); Rebozos (3); Servilletas (3); Vestidos (3); Batas (2); Bolsas (2); Huipiles cortos (2); Rebozo (2); Almohadas (1); Camino de Mesa (1); Caminos de mesa (1); Camisas p hombre (1); Chalecos (1); Chalinas (1); Chamarras (1); Diademas (1); Enagua (1); Enaguas (1); Enaguas antiguas y recientes (1); Enahua (1); Estolas (1); Faldas (1); Fundas (1); Fundas para almohadas (1); Guayaberas y camisas (1); Huipiles , blusas (1); Huipiles Ceremoniales o de Gala (1); Huipiles cortos de uso diario (1); Huipiles largo (1); Huipiles largos (1); Manteles (1); Pañuelos (1); Reboso (1); Ropaje de bautizo (1); Sabanas (1); Servilleta (1); Top crop (1); Vestido de niña (1); Vestido de novia (1); Vestido yucatecos (1); blusa (1); falda (1); vestidos (1)",8,2,2,3,0,0,0,1,2,5,0,1,3,1,2,5,12,0,0,1,0,0,0,2,0,0,1,Relleno,12,"manta blanca y de color, telas frescas como lino, popelina strech, rayón, hilo de algodón, manta, lino, seda, rayón y en telar de cintura … en el caso de bordado usamos estambre acrilan 3 hebra, aguja, etamina, hilo, aros y tela, aguja de mano, aro y tela, ahuja, tela manta, telar, plumin, maquina de coser, telar de pedal y de cintura. hilo vela, hilos teñidos naturalmente, hilos mercerizado, aguja capotera, carbon, hilos de seda, hilos de algodón",Técnicas decorativas,Bordados,A mano,Punto,"El bordado de relleno es una técnica decorativa que cubre las figuras dibujadas con puntadas densas, dándoles volumen y color saturado. Se practica en blusas, manteles y servilletas de diversas comunidades; las artesanas lo aprenden de las madres y las abuelas y lo combinan con otras técnicas de bordado contado.","Los diseños de relleno representan la flora y la fauna locales —aves, mariposas, flores—, así como a las propias personas, las familias y figuras protectoras del entorno. En algunas regiones se asocian con la madre tierra y con el campo cultivado.","tela de manta, popelina, lino, hilo de algodón, hilaza, aguja, bastidor",sí
Costilla de ratón,2,2,0,37.5,"Hidalgo, Sonora",Camisas,1,"Camisas (1); Chamarras (1); Eventos del pueblo como fiestas patrias (1); Lienzos. Caminos y manteleria (1); Pantalon (1); Quezqueme (1); Rebozos (1); Ropa de bebe (1); Vestidos,, (1)",Vestimenta tradicional,1,Vestimenta tradicional (1); Yumare fiesta tradicional (1),0,1,1,0,0,0,0,0,0,1,1,0,0,0,1,0,2,0,0,0,0,0,0,0,0,0,0,Costilla de ratón,2,"hilo de algodón, manta, hilo, plumón para pintar a mano alzada, aguja, y batido",Técnicas decorativas,Bordados,A mano,Lineal,"La costilla de ratón es un punto decorativo que forma una línea con pequeñas barras transversales, parecida a una espina. Se utiliza para enmarcar bordados y se enseña como uno de los puntos básicos en el aprendizaje familiar del bordado.","La costilla de ratón se asocia con los marcos y los bordes que delimitan otros bordados más complejos, y aporta ritmo visual a la composición.","tela, hilo de algodón, hilaza, aguja, bastidor",sí
Telar de pedal,24,5,18,37.39130435,"Chiapas, Coahuila De Zaragoza, Jalisco, México, Michoacán De Ocampo, Oaxaca, Querétaro, Tlaxcala, Zacatecas",Boda,2,Boda (2); Bodas (2); Danza de la pluma (2); Pasarelas (2); Bautizo (1); Ceremonia de gala (1); Danzas Tradicionales (Huehues) (1); Diseñadores (1); En la virgen de la natividad (fiesta patronal) (1); En las fiestas patronales de mi comunidad (1); Evento de gala (1); Eventos (1); Eventos  Festival del Sarape (1); Eventos sociales (1); Expoventas (1); Fiesta de gala (1); Fiestas (1); Fiestas  y eventos de la comunidad (1); Fiestas del pueblo (1); Gaban para concurso de noche de muertos en homenaje (1); Hoteles (1); Huipiles de capitanes (1); Huipiles de mayordomía (1); La danza de la pluma (1); La virgen del Rosario (1); Ofrendas (1); Para boda (1); Recuerda para 15 años (1); Restaurante (1); Temazcal (1); Temporadas de frio (1); Traje de gobernador tradicionalistas (1); Uso casual (1); Uso cotidiano (1); Uso diario de la prenda (1); en las fiestas patronal de la comunidad (1); Época del frio (1),Gabanes,5,"Gabanes (5); Carteras (3); Chalecos (3); Cojines (3); Gaban (3); Rebozo (3); Rebozos (3); Tapetes (3); Blusa (2); Blusas (2); Cobija (2); Jorongos (2); Manteles (2); Mañanita (2); Morrales (2); Quexquemetl (2); Rebosos (2); Sarapes (2); Tapete (2); Alfombra (1); Almohadas (1); Blusas de tlahui bordado a máquina con iconografía de la comunidad (1); Blusas región (1); Bolsa (1); Bolsas (1); Bolsos (1); Camino de mesa (1); Camino de meza (1); Caminos de mesa (1); Camisas (1); Capa 1000 usos (1); Capas (1); Ceñidor de lana de borrego (1); Chamarras (1); Cobijas (1); Cojines bolsos (1); Colchas (1); Cotorinas (1); Deademás con bordados tradicionales de la comunidad (1); En el enredo de las personas mujeres mayores, vestimenta de falda (1); En el ofrenda para día de muertos (1); Enahua de lana (1); Falda con bordados de tlahui a máquina con iconografía de la comunidad (1); Faldas (1); Gaban de algodón teñido con tintes naturales ycon bordados tradicionales de máquina (1); Gaban de lana tejidas en telar de pedal (1); Gaban de lana teñido con tintes naturales (1); Gaban de uso personal (1); Gaban para concurso noche de muertos en Pátzcuaro (1); Gabanes de la lana (1); Gabán (1); Gabánes (1); Gobelinos (1); Huipil (1); Huipiles (1); Huipiles de lana (1); Individual (1); Jorongo (1); Joyeria (1); Kaftan (1); Libretas (1); Monedero de lana y algodón tejido en telar de pedal (1); Morral de lana (1); Moños (1); Naguas o faldas (1); Parte del traje de la danza de la pluma (1); Pie de cama (1); Quesquemetl (1); Quezquemetl (1); Reboso (1); Rebozo de algodón teñido con tintes naturales (1); Rebozo de tinte natural (1); Ruana (1); Ruanas (1); Sacos (1); Sarape de Saltillo (1); Servilleta (1); Servilletas (1); Señidores (1); Tapetes de lana (1); Tapiz (1); Tlacoyal de lana (1); Tlacoyales de lana (1); Vestido (1); Vestimenta para las abuelas (1)",7,7,5,2,2,4,0,9,2,9,3,6,6,6,7,5,6,2,13,3,1,0,8,20,9,8,5,Telar de pedal,24,"algodón, algodón orgánico, y tintes naturale, lana, lana de borrego, el teñido se realiza por imersion al temperatura de 45-48°c, hilo de lana, lana teñida con tintes naturales tejido en telar de pedal, agua ya sea en frio o caliente, anilina, ácido muriatico, ácido cítrico, sal de grano, hilos de algodón, lana de borrego algodón yute rallon, telar de 4 pedale, algodón y lana, vegetación para teñir, ceda, algunas prendas teñidas con tintes naturale, seda, lana y alpaca, hilo de algodón lana manta, lana natural 100% de borrego",Tejido,Tejidos,Telares,Telar de pedal,"El telar de pedal llegó a México con la colonia y se asentó en regiones como Saltillo, Teotitlán del Valle, San Juan Colorado y comunidades de Jalisco, Estado de México y Coahuila. Las personas artesanas lo describen como una técnica tradicional aprendida del padre o del abuelo, transmitida de generación en generación, que ha permitido elaborar sarapes, rebozos, gabanes, jorongos y telas para confección.","En el telar de pedal cada pieza concentra paisajes y momentos del territorio: el atardecer y el amanecer del lugar, las montañas, los rumbos cardinales y el conocimiento ancestral del oficio. Los sarapes y prendas tejidas funcionan como objetos de identidad y orgullo familiar.","lana de borrego, algodón, hilo de algodón, hilaza, estambre, telar de pedal, lanzadera, peine, tintes naturales",sí
Telar de cintura,146,123,22,42.37931034,"Chiapas, Ciudad De México, Guerrero, Hidalgo, México, Michoacán De Ocampo, Morelos, Nayarit, Oaxaca, Puebla, Querétaro, Sinaloa, Veracruz De Ignacio De La Llave",Bodas,20,"Bodas (20); Boda (10); Fiestas patronales (8); Bautizos (6); Bautizo (4); Ceremonia (4); Eventos culturales y tradicionales (4); Eventos religiosos (4); Fiesta patronal (4); Fiestas tradicionales (4); Camisa (3); Ceremonias (3); Diario (3); Fiestas (3); Huipiles (3); Uso diario (3); Bodas, bautizos, etc (2); Calendas y convites (2); Casa (2); Clausura (2); Confirmacion (2); Confirmaciones (2); Confirmación (2); Evento cultural (2); Eventos culturales (2); Eventos políticos (2); Ferias (2); Fiesta patronales (2); Huipil (2); Huipil ceremonial (2); Manteles (2); Mayordomia (2); Primera comunión (2); Rebozo (2); Vestimenta cotidiana (2); 15 años (1); 16 de septiembre (1); 2 (1); Autoridades (1); BODAS (1); Bailables tradicionales (jarabe mixe) (1); Banda filarmónica femenil (1); Bata (1); Batas (1); Blusa (1); Blusas (1); Blusas bordadas en pepenado hilván (1); Blusas telar (1); Blusas tradicionales (1); Bodas con el huipil tradicional (1); Bodas, fiestas (1); Bolsas, traje de novios (1); Camisas o guayaberas: fiestas patronales o religiosas (1); Camisas para uso diario. (1); Camiza:cuando los hombres tienen cargo ya sea en la iglesia o en el municipio que tiene un cargo como presidente lo utilizan en el cuello y en la manga de sus camisas (1); Campañas (1); Carnaval (1); Carteras (1); Casa fiesta patronal (1); Ceremonia de indígenas (1); Ceremonia religiosas (1); Ceremonia y fiesta de carnabal (1); Ceremoniales de fiesta tradicionales en nuestro pueblo chenalhó (1); Certamen de la Flor más Bella del Ejido, fiestas patronales de Milpa alta. (1); Certamen de la Flor más Bella del Ejido, fiestas patronales en Villa Milpa Alta. (1); Comuniones (1); Convivios familias (1); Cotidiano en algunos casos (1); Cubrir el cuello (1); Cumpleaños (1); Danza del maiz (1); Danzas (1); De uso diario (1); Del diario (1); Diario o fiesta (1); Diario. (1); Día de Muertos (1); Día de los muertos (1); Día de muertos (1); EVENTOS CULTURALES (1); EVENTOS FAMILIARES (1); El rebozo y la bufanda de uso cotidiano (1); El traje de la mujer se uliisa para ceremonias (1); En algún evento político para destacar la seda (1); En bodas ,en fiestas patronales ,en eventos especiales (1); En enevtos importantes (1); En eventos como primeras comuniones (1); En eventos importantes (1); En fiesta patronal (1); En fiestas (1); En la actualidad se utiliza para salir (1); En la boda tradicional (1); En las fiestas (1); En las fiestas de los indígenas (1); En las fiestas del pueblo (1); En las fiestas tradicionales comunitarios (1); En los eventos de los indígenas (1); En los eventos tradicionales (1); En los tiempos de frios (1); En misa se utilizan los lienzos (1); En ninguna (1); En un butizo (1); En una boda (1); Epoca de frio (1); Es de uso de tlapiales es de uso diario en la comunidad, al igual que los jorongos (1); Esta pieza se usaba cotidianamente porque con eso se sujeta la enahua (1); Evento (1); Evento que encabezan la cabecera municipal (1); Evento religioso (1); Evento religiosos (1); Evento socio político (1); Eventos culturales de la comunidad (1); Eventos culturales, bodas (1); Eventos especiales (1); Eventos importantes (1); Eventos municipales (1); Eventos tradicionales (1); Eventos varios (1); Exposiciones (1); Faja (1); Faja:solo lo ponen los hombres que tienen un cargo ya sea en la iglesia o en la presidencia (1); Fajas para hombre / pok'ki'l (1); Ferias artesanales (1); Festividades y tradiciones (1); Fiesta Patronal (1); Fiesta Patronal del Pueblo (1); Fiesta ceremonial (1); Fiesta cultural (1); Fiesta de San Juan (1); Fiesta de carnaval (1); Fiesta de la Virgen de Guadalupe (1); Fiesta de la Virgen de la Natividad (1); Fiesta de san lorenzo (1); Fiesta del niño chichihua (1); Fiesta del patrón del pueblo y bodas (1); Fiesta del pueblo. (1); Fiesta del santo patrono (1); Fiesta patronal de san Jerónimo (1); Fiesta religiosa (1); Fiesta san Lorenzo (1); Fiesta santa maría (1); Fiestas  patronales (1); Fiestas del pueblo (1); Fiestas en las iglesias (1); Fiestas locales (1); Fiestas patronales se usa el Rebozo. (1); Fiestas religiosas, fiestas comunales (1); Fiestas, (1); GALA DE MATRIMONIO (1); Gabanes para fiesta (1); Huipil de grecas: se utiliza en Mayordomías o fiestas patronales (1); Huipil de ramo: se utiliza en la noche de bodas (1); Huipil y falda (1); Huipiles tradicionales lo cuando tienen (1); Indumentaria totonaca (1); Jorongo tiempo frio (1); La pieza se ocupa en eventos (1); Las blusas para uso diario y tradicional. (1); Las blusas tradicionales se usan para eventos especiales por ejemplo en las ceremonias (1); Las fajas (1); Las servilletas se ocupan en los eventos (1); Lienzo teñido con añil pr casarse (1); Lo más utilizado es el huipil para mujer y el de hombre (1); Los alcaldes (1); Los convites o calendas (1); Los huipiles de diario se usa diario los de media gala y gala para eventos especiales (1); Mantel (1); Mayordomías (1); Ninguno (1); Nuestras tradiciones nuestra cultura (1); Ocasiones especiales (1); Pantalones y banda (1); Para asistir a clases (1); Para ceremonias espirituales (1); Para cubrir las tortillas que molemos a diario (1); Para fiestas de gala (1); Para guardar nuestro dinero (1); Para identificarse en cualquier lugar (1); Para la siembra (1); Para recibir algún cargo de la comunidad (1); Para salir eventos o regalarle a alguien (1); Para uso diario (1); Para vestir diario (1); Para vestir diario dependen del tejido que se realize ya que hay variedad en este caso se usan para bodas, fiestas de galas, o de diario (1); Parte de la vestimenta del traje regional y se usa diario y lleva un bordado en espefico para que sea de gala (1); Pará la fiesta patronal en honor a San Jerónimo el 30 de septiembre cargando ala virgen María (1); Pañuelos (1); Pedidos especiales (1); Prendas para adornar (1); Primer viernes de cuaresma evento especial de santo patrón del pueblo (1); Primeras comuniones (1); Principalmente en las fiestas patronales ( huipil tradicional, tanto para hombre y mujer) (1); Procesión de Cristo los vienes santo (1); Quechquemitl, en las ferias patronales para la virgen. (1); Rebazos  y vestidos (1); Rebosos se utilizan todo los días en mi pueblo (1); Rebozos (1); Rebozos y Vestidos (1); Rebozos: en fiestas o luto (1); Redes / nuti' (1); Regalos para fiestas (1); Religiosas (1); Rituales (1); Robozo para diario (1); Sacramentos (1); San Miguel (1); Se usa la prenda en la ceremonia de santo patrono de mi municipio (1); Se usa para ceremonias de boda tradicional, ritual de lava manos (1); Se usa para complementar la vestimenta de la mujer (1); Se usa también en la ceremonia de ofrenda en la siembra de los cultivos del campo (1); Se usa también en la fiera de la virgen de Guadalupe (1); Se usa también en un boda (1); Seremoniales (1); Servilletas (1); Señidor o Xochipayo (1); Sufrió un innovación y se utiliza para adornar la mesa (1); Tenkowipil (1); Tiempos de frío (1); Tradicional (1); Traje completo de mujer en mayordomías (1); Traje de gala (1); Traje de hombre en carnaval (1); Traje de niña (1); Traje tradicional (1); Traje tradicional de hombre (1); Trajes tradicionales (1); Uniformes de niños, niñas de primaría (1); Usan para cubrirse del frio (1); Uso cotidiano (1); Uso diarios (1); Vestido (1); Vestido para el diario o fiestas (1); Vestimenta de mujer (1); Vestimenta tradicional (1); bodas (1); eventos culturales (1); fiesta del pueblo (1); fiestas patronales (1); huipil:utilizan las mujeres que son mayordomos en la iglesia que son los encargados de la iglesia (1); solo en  fiestas patronales se utiliza el traje tradicional (1)",Rebozos,33,"Rebozos (33); Blusas (31); Huipiles (29); Camisas (20); Bolsas (18); Blusa (17); Fajas (16); Huipil (16); Servilletas (16); Bufandas (14); Gabanes (14); Monederos (14); Morrales (14); Caminos de mesa (12); Rebosos (12); Vestidos (11); Rebozo (10); Manteles (9); Chalecos (8); Faldas (8); Reboso (8); Servilleta (7); Camino de mesa (6); Camisa (5); Enredo (5); Ruanas (5); Batas (4); Blusones (4); Bufanda (4); Chalinas (4); Cojines (4); Faja (4); Jorongo (4); Bolsos (3); Colchas (3); Cotones (3); Falda (3); Huipil de uso diario (3); Jorongos (3); Manteles individuales (3); Mañanitas (3); Pantalones (3); Ponchos (3); Pulseras (3); Vestido (3); Aretes (2); Bandas (2); Capa (2); Centro de mesa (2); Cintos (2); Cobijas (2); Collares (2); Cosmetiqueras (2); Fundas de cojin (2); Fundas de cojines (2); Gaban (2); Gavan (2); Huanengo (2); Huipil de gala (2); Huipil en curva (2); Kechkemit (2); Lienzos (2); Mantel (2); Naguas (2); Nahua (2); Pie de cama (2); Porta vasos (2); Pulceras (2); Quechquemetl (2); Quexqueme (2); Sombreros (2); Telar de cintura (2); Tlapiales (2); bufanda (2); rebozos (2); 1 (1); Abrigos de lana (1); Accesorios (1); Accesorios para el hogar (1); Almohadas (1); Antiguas (1); Aplicaciones para blusas, camisas y camisetas. (1); Aretes (accesorios) (1); Aretes de seda (1); Arte contemporánea (1); BLUSA (1); BLUSAS (1); BOLSAS (1); BORDADOS EN PANTALONES (1); Bata (1); Bautizos (1); Blusa en cuello v (1); Blusa tipica (1); Blusa tradicional de larrainzar (1); Blusas  tradicional de cuetzalan (1); Blusas bordadas (1); Blusas de laboratorio tradicionales (1); Blusas de telar (1); Blusas tradicionales (1); Blusas, deshilado o burgalesa (1); Blusass (1); Bluson (1); Blusón (1); Boda (1); Bodas (1); Bolsa (1); Bolso (1); Bordar (1); CAMISAS (1); CARTERAS (1); Calado (1); Camino de Mesa (1); Camino de mesas (1); Caminos de mesa. (1); Camisa ceremonial para hombre (1); Camisas de cajón (1); Camisas de hombre (1); Camisas de hombres (1); Camisas deombre (1); Camisas hombre (1); Camisas mujer (guanengo) (1); Camisas para niño y adulto (1); Camizas (1); Campeta (1); Capas (1); Capas o jorongos (1); Carteras (1); Cenefas (1); Cenidores (1); Cerbilletas /pix baj (1); Ceñidor (1); Ceñidor de seda (1); Ceñidores (1); Chal (1); Chales (1); Chalina (1); Chamarasen (1); Chincuete o enredos (1); Chincuete, o enrredos (1); Cintas o ataderas de labor con puntas de chaquira. (1); Cinturones (1); Cinturón de mujer (1); Cobija (1); Cojin (1); Cojines o fundas para almohadas (1); Cojín (1); Colchas matrimoniales (1); Collares de tlapiales (1); Como fiestas patonales (1); Concha de armadillo hupil (1); Correas para bolsos (1); Cortina (1); Cortinas (1); Coton (1); Cotones tradicional (1); Cotorinas (1); Coyocoton (1); Cubrebocas (1); Delantal (1); Diademas (1); El chal (1); El quechquemetl (1); El tejido de tlapiales es para las trenzas, y el tejido de Ojitos es pare hacer textiles tradicional del jorongo y quexkem (1); En camisas de hombre (1); En huipil ceremonial (1); En huipiles (1); En indumetarias (traje completo (1); En la blusa (1); En la capa (1); En la falda (1); En la fiesta ceremonia (1); En la mayoría que realizó (1); En las fajas (1); En los enredos ceremoniales (1); En los eventos (1); En rebozo (1); En todas las prentas (1); Enagua (1); Enahuas (1); Enrredos (1); Esto se utiliza para vestimenta de nuestra comunidad (1); FALDAS (1); Faida (1); Faja de labor, o urdimbre suplementaria. (1); Faja de los hombres (1); Faja tradicional totonaca (1); Fajas con figuras y lisas. (1); Fajas de figura (1); Fajas o señidor (1); Fajas para hombre / po'ki'l (1); Faldas y vestidos (1); Faldas, deshilado y bordado (1); Fiesta de la ciembra del cultivo (1); Fiesta de la virgen de Guadalupe (1); Fiesta patronal (1); Fiestas patronales (1); Fudandas (1); Fufandas (1); Funda cojín (1); Fundas (1); Fundas cojines (1); Fundas para cogin (1); Fundas para cojines (1); GUAYABERA (1); Gargantillas (1); Guanengo (1); Guanengos (1); Guayaberas (1); HUIPIL (1); HUIPIL DE DIARIO (1); HUIPIL DE GALA (1); Huipil ceremonial (1); Huipil corto(blusas) (1); Huipil de boda (1); Huipil de la mujer (1); Huipil de seda (1); Huipil media gala (1); Huipil, blusa (1); Huipil, caminos de mesa , fundas de cojin (1); Huipiles (blusas) (1); Huipiles /k'uil (1); Huipiles cortos (1); Huipiles seremoniales, para usos y costumbres (1); Huipiles tradicionales (1); Hupil (1); Hupil de gala (1); Hupiles (1); Jerga (1); Juegos individuales (1); Kechkemin (1); Kexkemitl (1); Kexquemetl (1); La blusa (1); La falda (1); Lienzo (1); Lienzo de la vestimenta tradicional (1); Lienzo rayada (1); Lienzos  para confeccionar diferentes prendas (1); Lienzos para camisas (1); Llaveros (1); Mangas (1); Mantelería (1); Mantelería, deshilado (1); Manteles de mesa (1); Manteles para altar (1); Manteles servilletas (1); Mantelitos individuales (1); Mantillas o rebozos (1); Medía gala (1); Monederos / ch'uib (1); Monederos-paltel-náhuatl (1); Morrales de diferentes medidas (1); Moños (1); Ornamentos para cultos religiosos (1); Pantalones de manta (1); Pantalón (1); Pañuelo (1); Pañuelos (1); Pañuelosservilletas (1); Pies de cama (1); Playeras (1); Pock k'uul (poncho para hombres) (1); Poncho (1); Poncho de los esposos (1); Portalentes (1); Portavaso (1); Pulsera (1); Quechkemitl (1); Quechquemit (1); Quechquemitl (1); Quesqueme (1); Quesquemes (1); Quesquemetl (1); Quetchquemetl (1); Quexkemitl (1); Quexmichi y caltzomitl (1); Quexquemeti (1); Quexquemetl (1); Quexquemitl (1); Quexquémetl (1); Quezquemetl (1); REBOZOS (1); Rebosos de lana (1); Rebosos/ chalil (1); Rebozo de seda (1); Rebozos ,enredo o chincuete ,ganan, bufanda, mortales ,le quemetl, fajas,monederos ruanas, carteras bolsas, etc. (1); Rebozos, (1); Rebusos (1); Redes /nuti' (1); Refajos o enajuas (1); Reposo (1); Ropas seremoniales (1); Ropitas niñas (1); Ruana (1); Separador de libro (1); Servilletas para fiestas patronales (1); Servilletas tradicionales Tlachihuali (1); Señidores (1); Tali (1); Tapete (1); Tarjeteros (1); Telares de cintura (1); Tengo huipil (1); Tiras (1); Tlalpiales (1); Tlapiales ( los 5 diferentes diseños de mi pueblo) (1); Tortilleros (1); Traje de Tolimán, Randa, telar de cintura y listones (1); Traje de gala (1); Traje de novia (1); Traje tradicional (1); Trajes ceremoniales (1); Uipil (1); Utilizar los maestros como bolsa (1); VESTIDOS (1); Vatas (1); Velos para novias (1); Vestidos estilizados (1); Vestidos para niña (1); Vestidosf (1); Vestimenta diario (1); Vestimentas ceremoniales tanto de hombres para mujeres (1); Vestimentas para el público en general (1); Xikipiles (1); Xochipayo (1); aretes (1); blusa (1); caminos (1); caminos de mesa (1); camisa (1); camisa de niños (1); capas (1); chaleco (1); colchas (1); enredos (1); gaban (1); gavan (1); hipiles (1); huipil de hombre (1); huipiles (1); llaveros (1); manga de la camiza de los hombres que tienen un cargo en el municipio (1); monederos (1); morrales (1); pantalon (1); pañuelo (1); pulceras (1); quexquemetl (1); reboso (1); rusnas (1); sinidores (1); traje de novio (1); vestido de novia (1)",94,28,46,6,2,3,0,4,16,49,24,24,27,10,25,37,38,0,130,6,4,10,2,74,27,34,10,Telar de cintura,146,"hoja, frutas y algodón natural en sus 3 variedades verde, blanco y coyuchi, hilos de algodón, todo en hilo de seda natural, hilo de algodón, lana teñida, hilo de algodón calibre 36, 2, tinte natural, hilo para unir los lienzo, aguja, herramientas de madera para la construcción del telar, urdidora, mecapal, mecate para sostener el telar, hilo, tijera, enrollador de hilos e instrumentos k necesito para aser el telar etc, tejido con ajuga, lana teñida con tintes naturale, y tejido de trenzado con las manos para los tlapiale, y el tejido de ojitos (eyi xiotl en nahuatl ) es una técnica que se hace para los quexkemitl y jorongos tradicionale, palito, estambre, hebra, cristal, urdidor, carreta, machete = jalamteil, cuchillotsutsubil, yolinabil, algodón, hilo de tu tubo (poliéster), lazo y un urdidor, hilo de algodón 100%, lana de borrego, palitos que se utilizan durante en telar de cintura y sí queremos que sea de color, tenemos que conseguir los ingredientes ya sea flore, cortezas o plantas para teñir la lana, en primer lugar hilo de algodón un juego de palitos como tres palos de una misma medida un carrizo grande y uno chiquito dependiendo del ancho de la figura y dos clavitos una orquetita hilo para meter el blun y para tejer ahujaa, palos de madera, lazos para amarrar, cinturón para amarrar, para tejer utilizamos los palos y otros cosas teñir los madejas de algodón y plantas para teñir los hilos de algodón, istle, la vaqueta o piel, algodón y tintes naturale, era comida delscomunidad, puro algodón, plumas y articela, rodillos machete bastidor para fijar el telar, lana de borreo, los palitos para hacer el telar de cintura y los materiales para teñir en caso de querer agregarle color, hilo vela, telar de cintura, algodón natural, materia prima (hilo de algodón mercerizado, tintes naturale, algodón hilado a malate 100% organico). palos de madera se utiliza una aprieta grande para la trama y una chica para el brocado, el machete para entrelazar el urimbre y trama, machete delgado para el brocado, en los extremos sw sostiene con 2 palos y en la trama igual llevan 2 palos de herramienta, palitos de madera y de carrizo, lana, añil, hilo mercerizado de algodón, machete, técnica para el brocado, dos barrita donde pase el hilo y una barrilla para levantar y meter el machete y mecate, hilo de madeja de algodón, calibre 16 - 2 y calibre 36 - 2, trama (blu), lancera, palo, carrizo, telar de cintura. ahuja para unir, malacate, hilos de primera calidad, shela, machetes de madera, pepenador de madera, lazos para sujetar el telar, etc, hilos de algodón natural, maderas(palos) para armar el telar, hueso que sirve como aguja para acomodar el hilo, hilo algodón y mercerizado, hilos de algodón y algunos agujas caputeras hacer el urdimbre los hilos de colores para la trama varas que se ocupan como pasante en el urdimbre posteriormente se borda después de terminar el telar, cortesas flores hojas raíz, juego de palos de madera y las mano, palos de escoba, barritas del monte y milpa, hilo algodón lana, mechete, madera, hilo y mano, urdimbre trama hilo y los de algodón aguja capotera y los pasantes ya está ya y los pasante, hierva, flore, cascara y agua, algodón lana y estambre, tina, leña, agua, planta, hilo de lana algodón estambres telar de cintura de madera, hilos de algodón y lana, hilos de lana, grana cochinilla, malcate, cardadore, enjulios uy aguja, uso algodón hilado a mano para teñir con corteza, acrilan, intes naturale, hilo de algodón hilado o mercerizado, algodón de tintes naturale, artificiale, hueso, hoja de palmera, cinta o lazo, produzco la matéria prima que son los gusanos de seda criolla, algodón 100%, o tintes naturales para que sea un prenda antigua y tradicional, aro, tela, hilo de undimbre, vara de paso, hilo de control, machete de madera chica y grande, vara para enrollar tejido, templeton, cinturón para telar, espinas y agujas de templeto, lana y algodón, telar de madera lana tintes naturale, ollas de barro, paraguas y tecatas o astillas de dónde se extraen los colore, lana teñida. hilos de algodón, telas de lino, y manta, borregos para sacar el hilo, palos para hacer el telar de cintura, y plantas para hacer el teñido, hilos de algodón natural hilos omega mercializado palo, hilo de algodon numero 30 20 10, anteriormente la popelina o manta. ahora se innova usando lino, espinas de maguey, maderas delgada, machete de madera, mecate, telar de madera lana los tintes naturale, hilo de lana negro y blanco, tela de marticé, hilaza, herramientas de madera tallado o pulido, hilo 162, hilo vela y algodón coyuche y verde y blanco, algodón hilado a mano y comercial, aros y gancho, hilos de algodón o lana, hilo omega, hilo grueso, maderas e instrumentos hechos por el artesano, seda del gusanito, algodón y lana, hilo tela de manta u otras tela má, diferentes colores de hilos de algodón, algodón y acrílico, lana de burrego, telar de cintura se emplea los siguientes materiales: hilo de algodón, hilera, tam pat (faja para sostener el telar) bix (bara que se usa para medir ancho de la prenda) comen (hilador) bordado a mano: manta aguja e hilos de colore, plantas y sale, hilos de algodón seda algodón verde algodón coyuchi algodón blanco seda de filamento seda criolla, técnica de teñido con plantas y otros y extracción del colorante, hilos de algodón omega o hilos de algodón natural coyuchi elaborados con malakate acrílico manta cuadriye, estambre acrilan y lana, hilos en omega, los palos para montar en tejido, usamos lana, algodon e hilo naylon, lo principal son las maderas (cada madera lleva su nombre), hilos de algodón ya sea en cono o en madeja, hilo de algodón y ceda, animales y palos para trabajar, enjulio, lanzadera, hilo de algodón coyuchi o blanco hilado en malacate, hilos de algodón mercerizado calibre 30, artisela e hilaza de algodón, artisela, hilasa y estambre, seda, lana de borrego del lado más delgado, pintura como cochinilla, palo de brasil, flor del monte (amoso), borrego, telar de cintura plantas tintorería, maderas para el telar, jarro, cuchara de madera, bote, cubeta, ruecas y torno eléctrico para hilado, gusanos de seda la principal materia prima, así como los árboles de morera para alimento de los gusanos de seda, hilo de algodón natural, hilo de algodón industrial e hilo de lana, telar y palos para enrollar el hilo",Tejido,Tejidos,Telares,Telar de cintura,"El telar de cintura es una de las técnicas textiles vivas más antiguas de México, con origen prehispánico documentado desde la Cuenca del Valle de México hasta los Altos de Chiapas, la Sierra Mixteca y la Huasteca. Las personas artesanas relatan que la técnica se hereda de generación en generación, transmitida principalmente de madres y abuelas a las hijas desde los diez años, y forma parte central del proceso para vestirse, casarse y participar en ceremonias rituales. Aunque en el pasado era la fuente principal para elaborar la indumentaria diaria —faldas, enredos, huipiles, jorongos— hoy su uso es más restringido y muchas comunidades viven un proceso activo de rescate, frente al avance de la tela industrial.","Las prendas tejidas en telar de cintura concentran la cosmovisión de cada pueblo. Los brocados representan los cuatro puntos cardinales, las montañas, el agua, los ríos, la flora y la fauna del territorio, así como figuras protectoras como la serpiente emplumada, el águila bicéfala, la rana de la fertilidad y el árbol de la vida. Cada huipil, quechquémitl o enredo cuenta una historia ligada al calendario ritual: bodas, mayordomías, danzas y procesiones. El acto mismo de tejer se asocia a estados emocionales y espirituales —se dice que debe hacerse con el corazón contento— y vincula a quien teje con la madre tierra, el universo y la memoria de las antepasadas.","algodón, algodón coyuche, lana de borrego, hilo de algodón, hilo de seda, malacate, urdidor, peine de carrizo, lanzadera, mecapal, tintes naturales, añil, cochinilla, cortezas, hojas",sí
Bordado libre en maquina de pedal,3,2,1,51,"Oaxaca, Yucatán",Bodas,1,Bodas (1); Casamientos (1); Cuando hacen la presentacion de las nuevas autoridades en la comunidad (1); Cumpleaños (1); En algún compromiso social importante (1); En el cargo comunitario (1); Fiesta  patronales  de la localidad (1); Fiestas (1),Blusas,2,Blusas (2); Camisas (1); Faldas (1); Guayaberas (1); Huipiles (1); Traje típico de la Comunidad (1); Vestidos (1),1,0,2,0,0,0,0,0,0,2,0,0,1,0,0,0,0,3,0,0,0,0,0,2,0,0,1,Bordado libre en maquina de pedal,3,"maquina de pedal, manta, hilo, aguja, una maquina de coser, hilo de algodón, la máquina de coser, diferentes colores de manta",Técnicas decorativas,Bordados,Máquina de pedal,Libres,"El bordado libre en máquina de pedal se realiza con máquina de coser tradicional movida con el pie, dirigiendo manualmente la tela bajo la aguja para componer figuras libres. Es una técnica adaptada del bordado a mano que se trabaja en blusas, servilletas y prendas con motivos amplios.","Los motivos elaborados con máquina de pedal representan flora, fauna y figuras de la cultura local, y permiten un trazo de mayor escala que el bordado a mano.","tela, hilo de algodón, hilo industrial, máquina de pedal, aguja",sí
Pata de gallo,9,7,2,48.88888889,"Guerrero, Hidalgo, Oaxaca",Bodas,3,"Bodas (3); Boda (1); Bodas donde se usa el traje tradicional. Diferenciado por llevar el nombre de la novia o la pareja y la fecha del evento (1); Bordado sobre prendas contemporáneas como vestidos de xv años, bodas, trajes para el novio (1); Camisas (1); Casualmente (1); Chamarras (1); Clausuras (1); Confirmacion (1); En 15 años (1); En bautizos y presentación de niños y bebés (1); En bodas (1); En decoración de interiores (1); En fiestas patronales (1); En las Bodas (1); En las guapanguiadas (1); Fiestas familiares con temáticas mexicas (1); Fiestas patronales (1); Fiestas tradiciones (1); Hipil en festividad patronal (1); Lienzos. Caminos y manteleria (1); Pantalon (1); Para la adoración del cerro para pedir agua el 3 de mayo (1); Primera comunion (1); Quezqueme (1); Rebozos (1); Ropa de bebe (1); Uso diario (1); Vestidos,, (1); XV años (1)",Blusas,4,"Blusas (4); Camisas (3); Vestidos (3); Faldas (2); Rebozos (2); Accesorios (1); Anillos (1); Aretes (1); Bolsas (1); Bordado de tenis (1); Camino de mesa (1); Camisas de lino y algodón para hombre (1); Camisas y blusas casuales (1); Chalinas (1); Chamarra (1); Cojines y cuadros con historias (1); Corredores de mesa (1); Cosmeticos (1); Cotones (1); Cuadros (1); Guayaberas (1); Hipil (1); Huipil (1); Huipiles (1); Incrustación de bordados con crochet (1); Llaveros (1); Mandiles (1); Manteleria (1); Manteles (1); Prendas confeccionadas (chamarras,  sudaderas, etcétera) (1); Rebosoz (1); Ropa (1); Ropa de niño y niña (1); Susaderas (1); Tapices (1); Tekuetles (traje tradicional de Acatlán) (1); Tenis (1); Tiras para camisa (1); Traje tradicional (1); Vestidos de alta costura para ceremonias (1); Vestidos de mujeres y jóvenes (1); Vestidos de novia (1); Vestidos para eventos sociales (1)",7,0,1,0,0,0,0,1,0,4,3,1,3,1,2,2,9,1,2,1,0,0,0,0,1,0,1,Pata de gallo,9,"telar y manta.hilos de algodon, manta, hilo, aguja maquina de comer, tijera, algodón, hilo de rayón y artisela, hilo vela, aro y aguja, lienzos de tela. aguja, hilos de colore, bastidores. plumon para marcar, telar de pedal se utiliza como fondo. en bordado se utiliza hilo sea, hilo iri, plumón para pintar a mano alzada, aguja, y batido",Técnicas decorativas,Bordados,A mano,Punto,La pata de gallo es un punto de bordado decorativo que dibuja una figura cruzada característica. Se practica en blusas y prendas tradicionales de varias regiones del país y forma parte del repertorio de bordados aprendidos en familia desde la niñez.,"Los motivos elaborados con pata de gallo plasman la flora, la fauna y los símbolos de identidad de cada comunidad. En conjunto con otros puntos representan la naturaleza, la tierra y la tradición de las personas artesanas.","tela de manta, popelina, lino, hilo de algodón, hilaza, aguja, bastidor",sí
Bordado primavera,1,1,0,65,Oaxaca,En Vento importantes o para uno del día,1,En Vento importantes o para uno del día (1); En cualquier evento importante (1); Eventos importantes y ferias del municipio (1); Feria de de municipio y eventos importantes (1); Feria del pueblo y eventos importantes (1); Para eventos importantes y elegantes (1); Para eventos importantes y ferias (1); Para una fiesta elegantes (1),Aretes,1,Aretes (1); Blusas (1); Bolsas (1); Bufandas (1); Camino de mesas (1); Camisas (1); Carteras (1); Corset (1); Rebozos (1); Vestidos (1),0,0,1,0,0,0,0,0,0,1,0,0,0,0,1,0,1,0,0,0,0,1,0,0,0,0,1,Bordado primavera,1,"hilo, aguja, tela, aro",Técnicas decorativas,Bordados,A mano,Libres,"El bordado de primavera, practicado en Oaxaca, plasma figuras florales que evocan el campo de la comunidad.",Las flores bordadas representan la originalidad y el carácter propio del pueblo.,"hilo de algodón, aguja, tela, aro",sí
Pima (nevome),1,1,0,46,Chihuahua,Grupos de danza,1,Grupos de danza (1); Yumare (1),Blusas,1,Blusas (1); Bufandas (1); Pantalón (1); Rebozos (1); Vestidos (1),0,0,1,0,0,0,0,0,0,1,0,0,0,0,0,0,1,0,0,0,0,0,0,0,0,0,0,Pima (nevome),,,Tejido,Tejidos,Tejidos planos,,El tejido Pima o nevome es una expresión textil del pueblo Pima del norte de Chihuahua.,,"algodón, fibra natural, telar",sí
Tejido de semilla,1,1,0,65,Oaxaca,En Vento importantes o para uno del día,1,En Vento importantes o para uno del día (1); En cualquier evento importante (1); Eventos importantes y ferias del municipio (1); Feria de de municipio y eventos importantes (1); Feria del pueblo y eventos importantes (1); Para eventos importantes y elegantes (1); Para eventos importantes y ferias (1); Para una fiesta elegantes (1),Aretes,1,Aretes (1); Blusas (1); Bolsas (1); Bufandas (1); Camino de mesas (1); Camisas (1); Carteras (1); Corset (1); Rebozos (1); Vestidos (1),0,0,1,0,0,0,0,0,0,1,0,0,0,0,1,0,1,0,0,0,0,1,0,0,0,0,1,Tejido de semilla,1,"hilo, aguja, tela, aro",Tejido,Anudados,,,El tejido de semilla en Oaxaca plasma figuras florales que evocan el campo de la comunidad.,Los motivos representan la originalidad y el carácter propio del pueblo.,"hilo, aguja, tela, aro",sí
Deshilado,13,11,2,51.75,"Aguascalientes, Chiapas, Michoacán De Ocampo, Oaxaca, Puebla, Querétaro",Bautizo,2,Bautizo (2); Boda (2); Bodas (2); Bautismo (1); Bautizos (1); Clausuras (1); Comuniones (1); Confirmaciones (1); Desfile de domingo de ramos (1); Domingo de Ramos (1); Eventos de gala (1); Eventos sociales (1); Festivales (1); Festividades patronales (1); Fiesta patronal (1); Misa (1); Para vestir del diario (1); Presentaciones (1); Primeras comunión (1); Recordatorio de eventos (1); Vestuario de el diario (1); bodas quise años bautizó regalos personnal (1),Manteles,3,"Manteles (3); Rebozos (3); Blusas (2); Bolsas (2); Caminos de mesa (2); Camisa (2); Faldas (2); Pantalones (2); Rebozo (2); Vestido (2); Albas (1); Blusa (1); Blusas de mujer (1); Blusas, deshilado o burgalesa (1); Bufandas (1); CAMISAS (1); Camisa de hombre (1); Camisetas de novio (1); Centros de mesa (1); Chalina (1); Chamarras (1); Cojines (1); Cortinas (1); En fiestas  y como vestuario tradicional (1); Estolas (1); FUNDAS Y CORTINAS (1); Faldas, deshilado y bordado (1); Guallabera (1); Guanengos de mujer (1); Guayaberas y camisas (1); HUIPILES (LARGOS Y CORTOS) (1); Huipil (1); Huipiles , blusas (1); MANTELES (1); Mantel (1); Mantelería, deshilado (1); Monederos (1); Pantalón para novios (1); Pañuelos (1); Purificador (1); Quexquemilt (1); Reboso , (1); Ropon (1); Ropón de bautizo (1); Sabana (1); Sacos (1); Servilleta (1); Servilletas (1); Thomicoton (1); Traje de Tolimán, Randa, telar de cintura y listones (1); VESTIDO TRADICIONAL (1); Vestido de novia (1); Vestidos de primera comunión (1); Vestidos se novia ropones prendas de caballero (1); bodas bautizos quinsiañerasuso personal (1); fiesta del pueblo (1)",13,4,2,1,0,0,0,1,0,7,2,3,2,2,6,4,12,0,1,1,1,2,0,2,0,0,0,Deshilado,13,"aro, aguja, hilo, navaja, tijeras y telas de algodón, tela, cinta, tijera, aro o bastidor, descosedor y tijera, cinta métrica, descosedor, manta, lino, seda, rayón y en telar de cintura … en el caso de bordado usamos estambre acrilan 3 hebra, hilo de algodón, rayón, tela de manta, tela lino, bola de hilaza número 3 blanca, bramante blanca (30 metros), anteriormente la popelina o manta. ahora se innova usando lino, aro hilo aguja tijera descosedor, tela aro hilo agujas tijeras cintadescosedor, hilaza, tela de bramante",Técnicas decorativas,Bordados,A mano,Deshilado,"El deshilado es una técnica de bordado de carácter contado que se realiza retirando cuidadosamente los hilos de la tela para luego rebordar los espacios formados. Las personas artesanas lo describen como herencia de las abuelas, presente en mantelería, blusas y servilletas, y lo identifican como una técnica fina que requiere paciencia y vista.","Las figuras del deshilado representan flores, aves, grecas y motivos geométricos vinculados al entorno natural de cada comunidad. En algunas regiones simbolizan la pureza y el cuidado de la madre tierra.","tela de manta, popelina, lino, hilo de algodón, hilaza, aguja, bastidor, tijeras finas",sí
Brocado,19,18,1,35.36842105,"Chiapas, Guerrero, Michoacán De Ocampo, Oaxaca, Veracruz De Ignacio De La Llave",Cotidiano,5,"Cotidiano (5); Bodas (4); Fiestas patronales (3); Blusa (1); Blusa gala se utiliza en las fiestas como boda, bautizo (1); Blusa tradicional se utiliza en la fiesta de carnaval (1); Blusas de gala en las fiestas del pueblo (1); Blusas en uso diario (1); Cambia el tamaño del mantel en fiestas (1); Carnavales (1); Casamiento (1); Ceremonias patronales (1); Convivio religiosos (1); Diario (1); El tejidos con brocado finos (1); Enredos (1); Es de todos los días (1); Escuelas (1); Eventos (1); Eventos importantes, Fiestas (1); Fajas (1); Ferias tradicionales (1); Fiesta Patronal San jerónimo (1); Fiesta patronal (1); Fiestas sociales (1); Fiestas tradicionales (1); Graduaciones (1); Huipil (1); Huipiles largos en algún evento del pueblo (1); Las fajas (1); Lo más utilizado es el huipil para mujer y el de hombre (1); Lo usan las personas del ayuntamiento (1); Lo usan también en las religiones (1); Mas que nada las piezas por ejemplo la huipil tradicional depende del cargo (1); Mayordomía (1); Morrales (1); Ocasiones especiales (1); Orquesta filarmonica (1); Procesión Fiesta Patronal de San Jerónimo (1); Rebozos (1); eventos (1)",Blusas,10,"Blusas (10); Huipiles (5); Bolsas (4); Rebozos (4); Servilletas (4); Bufandas (3); Cosmetiqueras (3); Monederos (3); Morrales (3); Rebosos (3); Camino de mesa (2); Fajas (2); Manteles (2); Rebozo (2); Vestidos (2); Batas (1); Blusa (1); Caminos de mesas (1); Centros de mesa y manteles (1); Chal (1); Chalecos (1); Chales (1); Cojines (1); Colchas (1); El brocado censillo (1); El tejido con brocado fino (1); En los huipiles (1); Enredos (1); Falda (1); Fundas de almohada (1); Fundas de cojines (1); Fundas para cojines (1); Gabanes (1); Gorras (1); Huipil (1); Huipil antiguo (1); Huipil de gala (1); Huipil del diario (1); Huipiles cortos y largos (1); Huipiles largos (1); Huipiles tradicionales (1); Mochilas (1); Monedero (1); Naguas (1); Ponchos tradicionales de los hombres de la localidad (1); Punta Rebozos (1); Ropa de niño y niña (1); Ropa para los santos en las iglesias de la localidad (1); Ruanas (1); Sacos sastres (1); Se usa más en uso diario de mujeres (1); Se utiliza más en trajes de hombre (1); Servilletas para las tortillas de los mayordomos en las fiestas tradicionales de la localidad (1); Servilletas, manteles etc. (1); Tarjeteros (1); Tiras para guayaberas (1); Vestidos tradicionales de la mujer (1); blusa (1); bolsas (1); faja (1); rebozo (1)",14,5,4,2,0,0,0,0,4,6,0,4,1,1,7,1,4,0,19,0,2,0,0,8,1,2,3,Brocado,19,"hilo de algodón, seda, hilazas de algodón y estambre, hilos madera, se utilizan hilo, la madera para el hurdimbre, al momento de tejer se usa el machete de tejer y los palitos del armamento, se utiliza hilo, una madera para el hurdimbre, se utiliza palos de escoba para montado, algodón, lana y acrilana, lana, hilza, hilos de algodón, hilo, cinturon, machete, urdidor, hilo calibre 16-2, hilo vela, maderas (carrizo), mecapal (cintura) y cuerda, ahora se usa la aguja, hilo de algodón del calibre más delgado, telar, lana de borrego, palos de madera qué en tsotzil llamamos tsutsubil y jalamte (machete), hilos y herramientas del telar de cintura hechos con madera, baras del campo y ollas para los tintes con agua y leña, olla, fierros oxidado, estambre, hilaza",Tejido,Tejidos,Telares,Telar de cintura,"El brocado se trabaja sobre telar de cintura introduciendo hilos suplementarios para formar la iconografía. Es una técnica ancestral, particularmente desarrollada en los Altos de Chiapas, la Mixteca, la Huasteca y la Sierra Norte de Puebla. Las personas artesanas la aprenden desde la infancia con la madre y la abuela, y muchas comunidades la consideran clave para la elaboración de huipiles, quechquémitl y enredos rituales.","Cada brocado tiene nombre y significado propios. Representan los cuatro puntos cardinales, las montañas, los ríos, las estrellas, el sol y la luna, así como animales como la rana, la serpiente emplumada, el águila bicéfala y aves del entorno. Los rombos suelen significar el centro del universo y los brocados de flores reflejan la abundancia y la siembra de las comunidades.","algodón, hilo de algodón, hilo de seda, lana, telar de cintura, urdidor, lanzadera, peine, tintes naturales",sí
Bordado tenango,2,1,1,33,Hidalgo,Bautizos,1,Bautizos (1); Bodas tradicionales (1); Carnaval (1); Ceremonias de cosecha (1); Ceremonias de iniciación (1); Día de muertos (1); En eventos de costumbre (1); En eventos de graduación (1); En eventos religiosos (1); En todos los espacios de la vida (1); Fiestas patronales (1); Rituales de sanación (1),Blusas,2,"Blusas (2); Camisas (2); Vestidos (2); Accesorios: bolsas, pulseras, monederos, etc (1); Arte utilitario y decoración: cobijes, caminos y cuatros (1); Blancos: sábanas y enrredones, fundas para almohadas etc (1); Bolsas (1); Bolsas de mano (1); Caminos de mesa (1); Carteras (1); Cuadernos (1); Faldas (1); Fundas (1); Murales (1); Ropa confeccionada en diferentes espacios (1); Sombreros (1); Tapices (1)",1,1,1,0,0,1,0,0,0,1,0,1,1,0,1,0,2,0,0,0,0,0,0,1,1,1,0,Bordado tenango,1,"aguja, hilo, telas de diferentes texturas y material, bastidor",Técnicas decorativas,Bordados,A mano,Libres,"El bordado tenango toma su nombre de Tenango de Doria, en la Sierra Otomí-Tepehua de Hidalgo. Es un bordado de gran formato y colores saturados que cubre amplias superficies de tela representando escenas de la vida comunitaria, animales y elementos del entorno. Se ha vuelto reconocido nacional e internacionalmente.","Las composiciones tenango plasman la cosmovisión otomí-tepehua con escenas pobladas de animales, plantas, montañas, soles y figuras humanas que cuentan la vida cotidiana y ceremonial del pueblo.","tela de manta, hilo de algodón, hilaza, aguja, bastidor",sí
Trencilla,3,3,0,55.66666667,"Baja California, México",Bautizos,1,Bautizos (1); Bodas (1); En 15 años (1); En bodas (1); En eventos políticos (1); Eventos casuales (1); Eventos de gala (1); Fiesta XV años (1); Graduaciones (1); Mayordomía (1); Navideños (1); Para regalos (1),Abrigos,1,Abrigos (1); Caminos de mesa (1); Caminos para mesa (1); Camisas (1); Capas (1); Chal (1); Chalecos (1); Chamarras (1); Cogines (1); Colchas etc. (1); En Mrrales (1); En bisutería (1); En caminos de mesa (1); En chalecos (1); En cuadros de colección (1); En la enagua que Esparte de nuestro atuendo (1); En rebozos (1); En servilletas que se utilizan en las festividades patronales (1); Gabanes (1); Gabán (1); Morrales (1); Qesqemels (1); Rebosos (1); Ropa de vestir (1); Sábanas (1); Tela de lana natural blanca (1),2,1,1,0,0,0,0,0,0,0,0,0,1,0,2,1,2,0,1,1,0,0,0,3,0,0,0,Trencilla,3,"hilo aguja y lana, lana, estambre y algodón",Tejido,Anudados,,,"La trencilla es una cinta tejida o trenzada con hilos en patrón regular que se usa como cintura, ligadura, listón y para enmarcar prendas tradicionales. Se trabaja en telares pequeños o con técnicas de trenzado manual y forma parte del ajuar textil de muchas comunidades.","La trencilla acompaña la indumentaria como elemento estructural y simbólico, y suele integrar colores con significado ritual o festivo según la prenda y la ocasión.","hilo de algodón, lana, estambre, telar pequeño",sí
Labrado,4,3,1,33.75,"Jalisco, Oaxaca, Tlaxcala",Bailes tradicional (huehues),1,Bailes tradicional (huehues) (1); Boda (1); Eventos (1); Fiestas de los santos (1); Mayordomias (1); Para época de frio (1); Traje tradicional (1); Uso diario (1),Bolsas,1,Bolsas (1); Cotón (1); Gaban (1); Huipil (1); Indumentaria original (1); Morrales (1); Máteles (1); Quexquemetl (1); Rebozo (1); Sarapes (1),2,1,0,0,0,0,0,1,0,0,0,2,0,1,2,0,1,0,2,0,0,0,1,4,1,1,0,Labrado,4,"telar de cintura, algodón principalmente, lana, telar de 2 o 4 pedale, tintes naturale, lana y algodón",Tejido,Tejidos,Telares,Telar de cintura,El labrado es una técnica de tejido en telar que combina urdimbres y tramas para producir patrones en relieve sobre la tela. Es practicado en comunidades de tradición textil y se asocia a la elaboración de prendas finas para uso cotidiano y ceremonial.,"Las piezas labradas integran motivos geométricos, grecas y figuras de la naturaleza propias del pueblo que las elabora, y son consideradas piezas de gala.","algodón, hilo de algodón, lana, telar de cintura, urdidor, lanzadera, peine",sí
Cadeneta o cadenilla,23,20,3,44.04347826,"Chiapas, Oaxaca, Sonora, Tabasco, Yucatán",Bodas,3,"Bodas (3); Boda (2); Fiesta patronal (2); Actos religiosos (1); Actualmente se lleva más puesto en Guelaguetza ( porque el.huipil lo portan ajustado al cuerpo, y el.holan qué usan es el tehuano y no el de ixtaltepec) (1); Bautizo. (1); Bautizos (1); Blusas (1); Boda Civil para la novia exclusivamente (1); Boda y fiestas tradicional del pueblo (1); Bodas. (1); Capas (1); Ceremonia de la pubertad cuando la mujer comienza a menstruar (1); Ceremonias culturales (1); Ceremonias religiosa (1); Ceremonias tradicionales (1); Cuando lo aplicamos en el traje en fiestas como bodas, cumpleaños (1); Cumpleaños (1); Cumpleaños ( la cumpleañera) (1); Diario si tiene poco bordado (1); El enrredo con el huipilon en fiestas patronales o eventos culturales (1); El huipil de tres lienzos se considera como huipil de gala que es utizado para bodas por la raza Mixteca de Santiago pinotepa nacional Oaxaca (1); En bodas (1); En fiesta (1); Enredo tradicional y huipil (fiestas patronales o de carácter religioso) (1); Fiesta de la Canasta Grande para la abundancia de laartesana (1); Fiestas (1); Fiestas importantes de la comunidad (1); Fiestas patronal (1); Fiestas patronales (1); Fiestas tradicionales (1); Homenaje cívicos de las escuela (1); Huipil de boda (1); La raza Mixteca lo utiliza de mortaja al momento de morir (1); Las camisas con aplicado de tiras (guayaberas) en bodas o fiestas (1); Los huipiles de tres cadenillas o de un golpe se usan también en eventos especiales (1); Los huipiles de tres lienzos son utilizados para ceremonias de boda de la raza Mixteca de Santiago pinotepa nacional Oaxaca (1); Los huipiles se utilizan de mortaja al momento de morir la persona (1); Maordomia (1); Mayordomias (1); Mayordomos patronales (1); Mayordomía. (1); Quince años (1); Regada de frutas (1); Rituales (1); Trajes regionales en eventos religiosos y fiestas patronales (1); Uso diario (1); Velas. (1)",Huipiles,6,"Huipiles (6); Blusas (5); Guayaberas (5); Huipil (4); Cojines (3); Bolsas (2); Camisas (2); Faldas (2); Fundas (2); Playeras (2); Abanicos (1); Aplicaciones de pecheras (1); Aplicaciones para guayabera , playeras, camisas y vestidos (1); Blusa (1); Blusas con cuellos bordados (1); Blusas. (1); Blusones bordados con cuellos (1); Bolsa (1); Bolsas para amuletos de protección (1); Bolsas. (1); Bordado en tiras para camisa con los diseños tradicional (1); Bordados en blusas (1); Bordar el cuello del huipil es de una pieza (1); Camisa (1); Camisas. (1); Capas (1); Chamarras (1); Colchas (1); Collares de tela con bordados (1); Corsett (1); Coton (1); Cotones (1); En accesorios (1); En trajes que se usa en las velas. (1); Enagua medio circular (1); Enaguas (1); Enredo tradicional (rojo y morado) (1); Enrredo rojo y morado de telar (1); Estandartes (1); Faldas. (1); Fundas de almohada (1); Huipil de 3 filas (en medio flor) flor de cuatro pétalos, flor de manita (ahora maguey)  de margaritas y más (1); Huipil de gala de pinotepa (1); Huipil de tres cadenillas( barajas ,dibujos,grecas) (1); Huipil de tres lienzos (1); Huipil de un golpe de diferentes dibujos (1); Huipil de un lienzo o de una sola pieza (1); Huipil tradicional (del enredo) (1); Huipiles de 3 cadenillas (de baraja de greca etc) (1); Huipiles de tres filas y la de en medio es de flores ya sea flor de manita, margarita, rosas (1); Huipiles de un un golpe lleno (1); Huipiles sencillos (rejitas) (líneas) (1); Huipiles. (1); Huipilon rojo y morado de telar (1); Manteles (1); Mañanitas (1); Monederos (1); Pañuelos (1); Playeras con cadenilla (nueva adaptada) (1); Rebozod (1); Regitas de diferentes diseños y combinaciones (1); Sacos (1); Separadores de libros (1); Servilletas / tortilleros (1); Servilletas, (1); Sobrecama (1); Ternos (1); Tiras de cadenilla (para aplicación de camisas) (1); Tiras para sombreros (1); Traje Regional (1); Traje completo (1); Traje regional de gala (1); Trajes del istmo de Tehuantepec (1); Trajes regionales (1); Trajes tradicionales de tehuanas (1); Vestido (1); Vestido, blusas (1); Vestido. (1); Vestidos (1); bordar el cuello del huipil de tres lienzos (1); collares de bordado con relleno de salvia (1)",12,3,6,2,1,2,0,0,3,8,0,3,4,2,5,6,18,8,2,1,0,0,0,0,0,1,3,Cadeneta o cadenilla,23,"estambre, algodón, hilasa, máquina de bordar, tela blanca o de color, hilo iris para bordar, aro e hilera. a mano tela, tela, aro, aguja, hilo lino o estambre, telas (de distintas texturas), hilos (principalmente seda) (algodón en ocasiones), una maquina de cadenilla de pedal, hilo, y aguja capotera, maquina de cadeneta, hilo delgado de cañuto, telas de seda o seda, hilo de algodón, listón oh razo, utilizo telar, tela industrial, hilo seda y una máquina de pedal que se maneja con pies y mano, hilo de algodón natural, o de algodón, hilos mercerizado: hilos perle de algodón puro num 8 e hilos de seda, telar de cintura y listone, máquina de pedal, hilo mercerizado, telas comerciale, lienzos de telar de mitla, listone, y telar de cintura, tijera, listo y el telar de cintura donde se bordara el cabello, se utiliza hilo seda.aguja.telar de cintura, liston para bordar los animalitos que es la flora y fauna de la region e, fuego es cocido, hilos encajes telas de seda terciopelo etc, tela e hilo seda rayón mercerizado, gancho o ganchillo e hilos perle algodón telas terciopelo, manta, razo, y lino, hilo y aguja",Técnicas decorativas,Bordados,A mano,Lineal,"La cadeneta es una técnica de bordado que en la Sierra Norte de Puebla, la Huasteca y otras regiones se borda principalmente sobre blusas, servilletas y manteles. Las personas artesanas la han aprendido desde niñas con la madre, la abuela o las tías, y la mantienen como una de las técnicas más representativas del bordado regional. En algunos pueblos se ha popularizado por la influencia de talleres comunitarios y de artesanas reconocidas que han enseñado a sus vecinas.","La cadeneta plasma la flora y fauna del entorno: flores, aves, mariposas, grecas y figuras del campo. En varias comunidades los motivos representan el universo, el árbol de la vida y los cuatro puntos cardinales, y simbolizan la identidad del pueblo y la herencia de las antepasadas.","tela de manta, popelina, lino, hilo de algodón, hilaza, aguja, bastidor",sí
Sarape fino de saltillo,2,2,0,42,Coahuila De Zaragoza,,,,Camino de mesa,1,"Camino de mesa (1); Camisas (1); Cojíneria (1); Colaboraciones con talabartería ( bolsas ) (1); Colaboración con tenis (1); Jorongo / sarape (1); Jorongo a (1); Joyeria (aretes ,pulseras) (1); Quexquemetl (1); Ruanas (1); Sarape (1)",0,0,0,0,0,1,0,0,2,0,0,0,0,0,0,0,0,0,1,0,0,0,1,2,2,2,1,Sarape fino de saltillo,,,Tejido,Tejidos,Telares,Telar de pedal,"El sarape fino de Saltillo es una de las expresiones más reconocidas del telar de pedal en México, con tradición de varios siglos en Coahuila. Se elabora con lana de borrego y cuenta con un diseño concéntrico característico.",El sarape de Saltillo es símbolo de identidad regional de Coahuila y representa la fusión de tradiciones textiles indígenas e hispánicas.,"lana de borrego, algodón, hilo, telar de pedal, lanzadera, peine",sí
Bordado de chaquira,4,4,0,53.75,Guerrero,Blusas y vestido,1,Blusas y vestido (1); Día de muertos (1); Días previos a la Virgen de Guadalupe (1); Evento para bailar la chilena (1); Expo feria de Ometepec Guerrero (1); Fiesta de San Nicolás de Tolentino (con la danza del toro de petate) (1); Fiesta de la Virgen del Rosario (Danza del tigre) (1); Fiesta patronal del Señor Santiago Apóstol en Ometepec Guerrero (1); Fiestas de Santiago (1); Fiestas patrias (1),BLUSA TÍPICA DE 2 PETOS CUELLO “V”,1,"BLUSA TÍPICA DE 2 PETOS CUELLO “V” (1); BLUSA TÍPICA DE CUELLO EN “V” CON MANGA (1); BLUSA TÍPICA DE “CAJÓN” (1); BLUSA TÍPICA DE “LETILLA” (1); BLUSA TÍPICA “CAMPESINA” (1); Blusa (1); Blusa de cuello v (1); Blusa estilizada (1); Blusa sin mangas (1); Blusa tradicional de letilla (1); Blusas (1); Bolsa (1); Bolsas (1); Camisa (1); Camisas (1); Cinturones (1); Diademas (1); HUIPIL CON CUELLO DE “CAJÓN” (1); Huaraches (1); Juego de collares, aretes,pulseras,anillos (1); Monederos (1); Tumbagon (1); VESTIDO CON CUELLO TÍPICO EN “V” (1); Vestido (1); Vestidos (1)",3,0,0,0,0,0,0,0,0,4,2,1,0,0,0,0,4,0,0,0,0,0,0,0,0,0,1,Bordado de chaquira,4,"chaquira (en diferentes colores), hilo, aguja, cuadrillé (tela para bordar la chaquira), telas para confeccionar las prendas…, cuadrillé, chaquira, popelina, rayón, chaquira e hilo",Técnicas decorativas,Bordados,A mano,Punto,"El bordado de chaquira consiste en aplicar pequeñas cuentas de cristal o plástico sobre tela mediante hilo y aguja, formando figuras y dibujos coloridos. Se practica entre los pueblos wixárika (huichol), nahua y otros del país, y se transmite de generación en generación dentro de las familias artesanas.","Los diseños de chaquira tienen valor ritual y cosmovisional. Representan animales sagrados como el venado, el águila y la serpiente, así como flores como el peyote, la naturaleza y los símbolos espirituales del pueblo wixárika.","chaquira, mostacilla, tela, hilo, aguja, cera de campeche",sí
Trenzado,3,2,1,44.33333333,"Chiapas, Michoacán De Ocampo, Puebla",Danzas,1,Danzas (1); Escuelas (1); Fiestas (1); Fiestas tradicionales (1); Mayordomias (1); Primeras comuniones (1); Uso personal (1); Vestidos (1),Blusas,1,"Blusas (1); Caminos de mesa (1); Chalecos (1); Chales, (1); Esta técnica se puede implementar en prendas como vestidos para modelar (1); Huipiles (1); La técnica se puede utilizar para crear distintas formas (1); La técnica se utiliza para crear una gran variedad de estrellas utilizando el abecedario y números para crear estrellas (1); Morrales (1); Rebosos (1); Tejidos de fibras de forma decorativa (1); Tomicotones (1); Vestidos (1)",2,0,1,0,0,0,0,1,0,2,0,0,0,1,1,1,2,0,1,0,0,1,0,2,1,2,1,Trenzado,3,"algodón, estambre, lana, para el bordado solamente el aguja, y material, en el teñido pues olla, y leña, la barita de trigo y el trigo artesanias de panikua",Tejido,Anudados,,,"El trenzado es una técnica antigua de cruce de hilos o fibras para formar cuerdas y bandas. Se aplica en cíngulos, cintas, ligaduras y para complementar prendas tradicionales, y se transmite en familia.",El trenzado simboliza la unión y se utiliza tanto en piezas de uso cotidiano como en prendas y accesorios ceremoniales.,"hilo de algodón, lana, ixtle, fibra natural, estambre",sí
Gasa fina y técnica de gasa,6,5,1,43,"Guerrero, Jalisco, Michoacán De Ocampo, Puebla",Fiestas patronales,2,"Fiestas patronales (2); Ceremonias bodas bautizos ocasiones especiales (1); El quexquemel es el complemento del traje tradicional de la mujer maseual (1); En eventos especiales, en fiestas especiales de la mujer (1); Entrega de ofrendas (1); Fiestas patronales en septiembre (1); Funcion y velación de los santos  rosarios (1); Romeria (1)",Rebozo,3,"Rebozo (3); Blusa (2); Blusas (2); Bestidos (1); Blusas,camisas (1); Camino de mesa (1); En la técnica en gasa (1); Fufandas (1); Huipil (1); Huipiles (1); Joloton (1); Mantelería (1); Rebozos (1); Vestidos (1)",4,2,1,0,0,0,0,1,0,3,0,2,0,1,3,0,2,0,4,0,0,0,0,3,1,2,0,Gasa fina y técnica de gasa,6,"el juego de telar y hilo de algodón, manejo algodón marca omega, algodón, gasa, hilo de algodón natural, hilo de algodón, lana y seda, el telar de madera, 3arumo, 1rodador, 1 varita o tatsukua 1 tejamanil 2 clavos y la patakua o machete",Tejido,Tejidos,Gasas,,"La técnica de gasa se trabaja en telar de cintura mediante el cruce de hilos de la urdimbre, creando una tela ligera y semitransparente. Es característica de comunidades de la Mixteca y la Sierra Norte de Puebla, donde se emplea para huipiles y rebozos finos.","La gasa simboliza el descanso entre los ciclos y la transparencia, y suele combinarse con brocados que representan la flora, la fauna y los rumbos cardinales.","algodón, hilo de algodón, hilo de seda, telar de cintura, urdidor, lanzadera",sí
Contado,1,0,1,42,Veracruz De Ignacio De La Llave,Faja,1,Faja (1); Rebozo (1),Faja,1,Faja (1); Rebozo (1),1,0,0,0,0,0,0,0,1,0,0,0,0,0,0,0,0,0,1,0,0,0,0,1,0,0,0,Contado,1,pero con el tiempo se dieron cuenta que servía para teñir en verde o azul claro,Técnicas decorativas,Bordados,A mano,Punto,"El bordado contado en Veracruz se acompaña tradicionalmente del uso de hierbas para blanquear la ropa, una práctica que las abuelas mantenían y a partir de la cual, con el tiempo, descubrieron que también podía teñir tonos de verde y azul claro.","El bordado contado es la representación del entorno natural, la cosmovisión del pueblo y la visión creadora de la persona artesana.","tela, hilo, aguja, bastidor, plantas tintóreas",sí
Culebrilla,1,0,1,31,Chiapas,Bautizos,1,Bautizos (1); Eventos de gala (1); Festividades patronales (1),Bolsas,1,"Bolsas (1); Chamarras (1); Cojines (1); Estolas (1); Faldas (1); Guayaberas y camisas (1); Huipiles , blusas (1); Monederos (1); Pantalones (1); Rebozos (1)",1,1,0,0,0,0,0,0,0,0,0,0,0,1,0,0,1,0,0,0,0,0,0,0,0,0,0,Culebrilla,1,"manta, lino, seda, rayón y en telar de cintura … en el caso de bordado usamos estambre acrilan 3 hebra, hilo de algodón, rayón",Técnicas decorativas,Bordados,A mano,Lineal,"La culebrilla se practica entre el pueblo ch'ol de Chiapas y se asocia a la representación de las deidades mayas, a las cuales las personas artesanas remontan sus orígenes.",El bordado ch'ol con culebrilla hace referencia a las deidades mayas y al ascenso al universo. La culebrilla alude a la fertilidad de la tierra; el punto cruz representa la flora y fauna del municipio; los rombos aluden a las pirámides mayas y a la celestialidad; los caminos refieren a la espiritualidad y al rumbo de la vida humana.,"manta, lino, seda, rayón, estambre acrilán, hilo de algodón, telar de cintura",sí
Piteado,1,1,0,50,Aguascalientes,Charreadas,1,Charreadas (1); Ferias (1); Jaripeos (1); Uso diario (1); bodas (1); eventos campiranos (1); fiestas patronales (1); para salir a pasear (1),Aretes,1,"Aretes (1); Bolsas (1); Carteras, cuadros, etc (1); Cinturones (1); Collares (1); Diademas (1); Monturas (1); Pulseras (1); broches (1); ribetes de sombreros charros (1)",1,0,0,0,0,0,0,1,0,1,0,0,0,1,1,0,1,0,0,0,0,0,0,0,0,0,0,Piteado,1,"vaqueta, pita",Tejido,Anudados,,,"El piteado en Aguascalientes es un bordado que se trabaja sobre vaqueta con fibra de pita. Se usan diferentes diseños como grecas, guías, flores y, en general, las figuras que la persona artesana decida marcar o dibujar sobre la vaqueta para luego bordar.","El piteado lleva grecas, guías, imágenes e iconografía regional, local y nacional. Representa figuras como Xochipilli y Xochiquétzal y otras deidades, y comunica estatus, creencias e ideología.","vaqueta, pita",sí
Prendas tradicional,1,1,0,38,Chihuahua,Evento en Chihuahua,1,Evento en Chihuahua (1); Evento original ciudad de México (1),Blusas,1,Blusas (1); Bolsas (1); Diadema (1); Estambre (1); Llaveros (1); Vestidos (1); Wuarrs o canastas (1),1,0,0,0,0,0,0,0,0,0,0,0,1,0,0,0,0,0,0,0,1,0,0,0,0,0,1,Prendas tradicional,1,"tela, manta, hielo, tijera, botone, plancha de carbón, aguja leña",Acabados,,,,Las prendas tradicionales rarámuri de Chihuahua narran el paisaje del pueblo: los picos representan las montañas y las líneas representan los saberes que dejaron los abuelos. La falda plisada significa el camino que las personas suben y bajan de la montaña hasta llegar a su casa.,"Las prendas tradicionales representan las montañas, los ríos, los cerros y las huellas de los antepasados rarámuri.","tela, manta, hilo, tijeras, botones, plancha de carbón, aguja, leña",sí
Sapo,1,1,0,30,Chiapas,En mujeres que tienen cargo en la comunidad,1,En mujeres que tienen cargo en la comunidad (1); Fiesta patronal de Magdalenas (1); Iglesia católica (1),Bufandas,1,Bufandas (1); Huipil ceremonial de Aldama (1); Huipil de uso cotidiano (1); Servilletas (1),0,0,0,0,1,0,0,0,0,0,0,0,0,1,1,0,0,0,1,0,0,0,0,1,0,0,0,Sapo,1,"hilo, komen (urdidor) herramientas del telar",Técnicas decorativas,Bordados,A mano,Punto,El bordado del sapo en Chiapas anuncia que se aproximan las temporadas de lluvias y la fertilidad.,"El sapo representa la fertilidad, la temporada de lluvias próximas y el momento de prepararse para las siembras.","hilo, komen (urdidor), telar",sí
Tääsuun ekëëp,1,0,1,35,Oaxaca,Bautizos,1,Bautizos (1); Cambio de autoridades (1); Fiestas (1),Blusas,1,Blusas (1); Camisas (1); Vestidos (1),0,1,0,0,0,0,0,0,0,0,0,0,0,0,1,0,0,1,0,0,0,0,0,1,1,1,0,Tääsuun ekëëp,1,maquina,Tejido,Tejidos,Telares,Telar de cintura,"El Tääsuun ekëëp en Oaxaca surgió cuando las máquinas de coser llegaron a las comunidades. Las personas artesanas comenzaron a bordar para plasmar la flora y fauna de las montañas: el sol, el maguey, las montañas y las veredas.","El Tääsuun ekëëp representa la cultura, la tradición y las costumbres del pueblo.","máquina de coser, tela, hilo",sí
Luchbilltaaval,2,2,0,35.5,Chiapas,En todo momento,1,En todo momento (1); Mayordomos (1),Blusas,1,Blusas (1); Bolsas para celular (1); Capas (1); En la prenda principal del traje tradicional (1); Fundas (1); Monederos (1); Paleacate (1),2,1,0,0,0,0,0,0,0,2,1,2,1,0,0,0,2,0,2,0,0,0,0,1,0,0,0,Luchbilltaaval,2,"tela, aguja, hilo, buen conteo de hebra en hebra de la tela",Tejido,Tejidos,Telares,Telar de cintura,"Luchbilltaaval es una técnica de tejido propia de los pueblos mayas de Chiapas, que las personas artesanas conservan como saber heredado y aplican a huipiles y otras prendas comunitarias.","Los motivos del Luchbilltaaval plasman la cosmovisión maya con figuras del entorno, los puntos cardinales y símbolos rituales.","algodón, hilo de algodón, telar de cintura",sí
Bordado de dos agujas,4,4,0,45.75,México,En ceremonias religiosas de la comunidad,1,En ceremonias religiosas de la comunidad (1); Eventos cómo original (1); Expoventas (1); Ferias artesanales (1); Festividades del la ciudad munidad (1); Festividades patronales (1); Fiesta patronal (1); Los morales para poner a los santos (1); Los rebozos en las fiestas patronal (1); Otras ceremonia de  eventos de artesanías (1); Vestir a los santos (1),Blusas,3,"Blusas (3); Caminos de mesa (3); Camisas (2); Cojines (2); Cuadros (2); Rebozo (2); Aretes (1); Camisa (1); Carpetas (1); Cogines (1); Colchas (1); En vestido ,blusas  ,sacos o ropa de vestir (1); Falda (1); Faldas (1); Manteles (1); Morales (1); Morrales (1); Prendas de vestir (1); Servilletas (1); Sinturon (1); Utilitarios de cosita (1); Vestido (1); Vestidos (1)",3,0,1,0,0,0,0,0,0,1,2,0,1,0,1,1,4,0,0,0,0,0,0,4,2,0,0,Bordado de dos agujas,4,"manta de algodón, hilo, tela de lana, lana y aguja, lana ilada hilo de algodón y tela en lienzo de lana y manta, manta aguja tela y lana, tela, manta, aguja, lana",Técnicas decorativas,Bordados,A mano,Punto,"El bordado con dos agujas se utiliza para combinar puntadas o aplicar listones, encajes y otros elementos sobre la tela. Se enseña en familia y se aplica a blusas, servilletas y prendas tradicionales.","Las figuras realizadas con dos agujas representan flores, aves y motivos geométricos del entorno, en la misma línea iconográfica del bordado regional.","tela de manta, popelina, lino, hilo de algodón, hilaza, aguja, bastidor",sí
Punto de cruz,89,75,13,45.12643678,"Campeche, Chiapas, Chihuahua, Colima, Durango, Guerrero, Jalisco, México, Michoacán De Ocampo, Morelos, Oaxaca, Puebla, Querétaro, Quintana Roo, Tamaulipas, Veracruz De Ignacio De La Llave, Yucatán",Bodas,18,"Bodas (18); Bautizo (11); Boda (5); Fiestas patronales (5); Bautizos (4); Primera comunión (4); Vaquerias (4); Bodas civiles (3); XV años (3); Confirmaciones (2); Eventos especiales (2); Falda (2); Fiesta del elote (2); Fiestas del pueblo (2); Fiestas tradicionales (2); Gremios (2); Hanal pixan (2); Primeras comuniones (2); Arpus (1); Asak de tom (1); Baile al Santo patrono de pueblo que es el Señor de los Milagros cada día 14 de cada mes (1); Baitizos (1); Batas campechenos (1); Blusa (1); Blusas antiguas con diseños de nuestros antepasados (1); Blusas de diario (1); Blusas,en fiestas del pueblo o evento especiales (1); Bluzas uniforme (1); Bodas  , (1); Bodas y ferias tradicionales  jaranas (1); Bodas, bautizos y mayodormías religiosas (1); Bodas. (1); Bolsa (1); Bolsas ,del día a dia (1); Bolsas para salir (1); Caminos (1); Camisas o guallaberas en fiestas o eventos especiales o sociales (1); Camisón (1); Clausuras (1); Compadrazgo (1); Comuniones (1); Comunión (1); Confirmacion (1); Confirmación (1); Copia de greca (1); Corpus (1); Costumbre xiota (1); Culturales (1); Cumpleaños (1); DIARIO (1); Danzas tradicionales (1); Del diario (1); Desfiles Artesanal (1); Dia de la campechanidad (1); Día de la lengua materna (1); Día de muertos (1); Día de todos santos (1); El otro en fiestas como bodas y recibimiento de presidentes (fiestas importantes) (1); En 15 años (1); En bodas (1); En bodas  15 años bautizos gremios y fiestas patronales (1); En bodas religiosas las mujeres se visten con el traje tradicional al llegar al salón de fiestas para que se le haga la entrega de un listón de color por parte de las primas (1); En bodas, bautizos, vaquerias (1); En bodas, en bautizos y en fiestas patronales (1); En ceremonias religiosas y eventos tradicionales (1); En eventos políticos (1); En eventos religiosos, gobernantes, boda (1); En fiesta tradicional (1); En la fiesta religiosa y la fiesta patronal, cuando van las autoridades (1); En las fiestas para envolver las tortillas (1); En trajes tradicionales para la mayordomía de la localidad (1); Entierro (1); Es de uso diario (1); Es un atuendo ceremonial que se usa del 1 al 12 de diciembre. En honor a la virgen de Guadalupe. Esto es en peregrinación y misas. (1); Es un jorongo que se rescató gracias a lo que he aprendido en original. Es un atuendo ceremonial que usaban las mujeres para casarse con bordados en en punto de cruz y con n Galdino con tejido de gancho. Lo ancho del ruedo o el tejido de abajo del faldón dependía del cariño o aceptación que tenía la suegra hacía la novia. (1); Es una innovación del ajuar guadalupano pues el ajuar tiene tres piezas y el huipil solo dos y es para utilizarlo del 1 al 12 de diciembre. (1); Escuela (1); Escuelas (1); Evento especiales (1); Evento sociales (1); Eventos culturales (1); Eventos de gala (1); Eventos patronales. (1); Eventos sociales (1); Faja (1); Festividades patronales (1); Fiesta patronales (1); Fiesta tradicional (1); Fiestas (1); Fiestas  patronales (1); Fiestas ,tradicionales,eventos  políticos (1); Fiestas ceremoniales (1); Fiestas culturales (tambor, maíz, ceniza, semana santa,cambio de varas (1); Fiestas religiosas, (1); Fietas del pueblo, bodas bautizos, corpus Cristi (1); Filipinas (1); Gabanes (1); Graduaciones (1); Graduaciónes (1); Guayaberas para eventos (1); Hanal pixa'an (1); Hetz meek' (1); Hipil (1); Hipiles yucatan diaro (1); Huipil (1); Huipil de gala (1); Huipil de gala o batas (1); Huipiles (1); Huipiles Natividad de la Virgen María (1); Jarana (1); Jets'mek' (1); Jets'méek' (1); Las fajas (1); Las niñas y niños en la celebración del nacimiento del niño Dios (1); Lo más utilizado es el huipil para mujer y el de hombre (1); Los cargueros en cada celebración de las imágenes religiosas que tienen a su cargo. (1); Manteles (1); Mayordomias (1); Mayordomía (1); Misas (1); Monedero (1); Nacimiento (1); Paliacate (1); Para celebraciones tradicionales de los barrios (1); Para el mes de octubre mes de la campechanidad (1); Para eventos de la iglesia  como danza de la pastora (1); Para jarana (1); Para las almuadas en las casas (1); Para toda acción ya que las blusas se usan de unos diario en el pueblo (1); Pasarelas (1); Perdón “entrega de novias “ (1); Peregrinaciones (1); Presentaciones (1); Primera comunion (1); Punto de cruz puntada tres hilos y hazme si puedes fino, para fandangos o para regalos especiales, (1); Punto de cruz y hazme si puedes, puntada sencilla, como ropa interior o diario. (1); Punto de cruz, en la Guelaguetza (1); Quince años (1); Rebozos (1); Religiosa (1); Rituales del altar maya (1); Rituales tradicionales de mi comunidad Uruapan Michoacán (1); Se elaboran en punto de cruz o bordado con iconografía creada con elementos de la comunidad. (1); Se utiliza como una prenda del diario. (1); Semana santa (1); Seremonias (1); Señidor (1); Terno vaquerías y bodas (1); Todos santos, huipiles de gala, de fiesta y el de diario. (1); Tortilleros para tortillas (1); Traje de gala para eventos especiales (1); Traje tico (1); Traje típico (1); Trajes de niños (1); Trajes de noche (1); Uanhanchas (1); Uso diario, y eventos social (1); Uso diarios (1); Usos y costumbres de mi pueblo (1); Vaqueras,eventos publicos (1); Vestimentas (1); Xv años (1); bautizo (1); cuando ase las  rituales custubres (1); diario el de punto de cruz (1)",Blusas,31,"Blusas (31); Servilletas (20); Manteles (17); Vestidos (17); Bolsas (15); Hipiles (12); Terno (9); Blusa (8); Camisas (8); Huipiles (8); Guayabera (7); Guayaberas (7); Pañales (7); Rebozos (7); Caminos de mesa (6); Huipil (6); Ternos (5); Bolsos (4); Cojines (4); Hipil (4); Morrales (4); Pantalones (4); Vestido (4); Blusas tradicionales (3); Camisa (3); Carteras (3); Falda (3); Faldas (3); Rebosos (3); Batas (2); Bolsa (2); Camino de mesa (2); Camisas de caballero (2); Capas (2); Delantal (2); En blusas (2); En la camisa tradicional (2); En vestido (2); Faja (2); Guallaveras (2); Mandiles (2); Monederos (2); Paliacate (2); Pañal (2); Rebozo (2); Tortilleras (2); blusa (2); Accesorios de bisutería (1); Accesorios varios. (1); Ajuar guadalupano o colimote. Gabán guadalupano (1); Algodón (1); Aretes (1); Arpus (1); Asak de tom (1); BLUSAS (1); Baimkar (1); Balerinas (1); Bata (1); Bata guayaberas (1); Batas campechanas (1); Blusa   de Campeche nidad (1); Blusa  hipil (1); Blusa wanengo (1); Blusaa (1); Blusas campechanas (1); Blusas cortas (1); Blusas hipil (1); Bluson (1); Blusones (1); Bordados para bebé en niños (1); Bufandas (1); CINTOS (1); Caminos  de mesa (1); Caminos de mesa y servilletas (1); Camisa para dama y caballero (1); Camisas calzones tradicionales (1); Camisas de hombres (1); Camisas de manta (1); Camisas guayaveras (1); Camisas y filipinas (1); Camisón (1); Cartera (1); Chalecos (1); Chales (1); Chales, (1); Chalina (1); Chamarras (1); Chanbritas (1); Cintas (1); Cintos (1); Colgantes para bolsas (1); Collar, diadema, pulseras etc (1); Coton (1); Cuadros (1); Cuadros decorativos. (1); Cubrebocas (1); Diademas (1); Diseños personalizados (1); Donchu (1); En Mrrales (1); En bisutería (1); En caminos de mesa (1); En chalecos (1); En cuadros de colección (1); En guanengos tradicional y faja telar de cintura (1); En huipiles (1); En huipiles y camisas (1); En la enagua que Esparte de nuestro atuendo (1); En rebozos (1); En servilletas que se utilizan en las festividades patronales (1); En ternos, huipiles, blusas etc. (1); En trege campechano (1); Enagua (1); Estandartes (1); Estantartes (1); Estolas (1); Faja de cintura (1); Fajas (1); Faldas mandiles (1); Filipina (1); Fundas (1); Fundas para almohadas (1); Gorras (1); Guanengos (1); Guanengos bolsas (1); Guayaberas y camisas (1); Hipilitos para niñas (1); Huanengo (1); Huanengo ( blusas) (1); Huanengos (1); Huipil Gala (1); Huipil bolsas (1); Huipil diario (1); Huipil guadalupano y manto (1); Huipil modelo antiguo (1); Huipil y enagua de gala (1); Huipiles , blusas (1); Huipiles, (1); Jorongo de Zacualpan (1); Joyeria (1); Justames (1); MORRALES (1); Mantel (1); Manteles religiosos (1); Morral (1); Muñecas Lele (1); Naguas (1); Nahuas (1); Paliacates  jaranero (1); Pantalón (1); Para almuadas (1); Pañoletas (1); Pañuelo (1); Pañuelos (1); Pie de cama (1); Playeras (1); Prendedores (1); Quexquemil (1); Quexquemilt (1); Quiskemetl (1); Reboso (1); Reboso , (1); Recuerdos (1); Recuerdos de boda, XV años, bautizo,  jes mek' (1); Ropa de cama (1); Ropa de cama. (1); Sacos (1); Separadores (1); Serbilletas (1); Servilletas manteles (1); Servilleteros (1); Solapas (1); Sudarios (1); Sueter (1); Thomicoton (1); Tira (1); Toallas (1); Tomicotones (1); Top crop (1); Tornicotón (1); Tortilleros (1); Traje completo (1); Traje tradicinales (1); Traje tradicional (1); Traje tradicional de la danza de los viejitos (1); Trajes de hombre y mujer (1); Trajes tradicionales (1); Uso diario (1); VESTIDOS (1); Vestidos de XV años y bodas (1); Vestidos de niña (1); Vestidos largos (1); Vestidos tipo hipil (1); Vestimenta de la muñeca donxü (1); Zapato (1); capas (1); huipil (1); las blusas  tradicionales (1); pantalón (1); ponchos (1); vestidos (1)",65,20,19,1,1,3,0,8,6,48,11,13,14,13,16,11,80,3,11,7,2,2,3,16,3,6,9,Punto de cruz,,,Técnicas decorativas,Bordados,A mano,Punto,"El punto de cruz se practica en numerosas comunidades mexicanas como técnica de bordado heredada y enseñada en el ámbito doméstico. Es uno de los puntos básicos del bordado contado y suele aprenderse desde la niñez en compañía de la madre, la abuela o las tías.","Las figuras realizadas en punto de cruz reproducen flores, animales, grecas y motivos geométricos vinculados a la flora y fauna locales y a la identidad de cada comunidad.","tela de manta, cuadrillé, cañamazo, hilo de algodón, hilaza, aguja, bastidor",sí
Contabilidad y vuelta por hilo,5,2,3,47,"Guanajuato, México, Oaxaca, Puebla",Carnaval,1,Carnaval (1); Coton (1); El 10 de mayo (1); En eventos en la escuela (1); Es de uso diario (1); Es de uso diario o común (1); Huipiles (1); No (1),Blusas,2,Blusas (2); Cobijas (2); Cotorinas (2); Gabanes (2); Rebosos (2); Ruanas (2); Tapetes (2); Bolsas (1); Camisas (1); Chamarra (1); Cotorina (1); Cotón (1); Crop top (1); Gaban (1); Huipiles (1); Kexkemetl (1); Morrales (1); Pantalones (1); Playeras (1); Quexquémetl (1); Servilletas (1); Vestidos (1),2,3,1,0,1,0,0,0,0,1,0,0,2,0,0,4,2,0,0,0,0,0,3,3,2,0,1,Contabilidad y vuelta por hilo,5,"hilo de estambre y cuadrille y aguja y aros y tela popelina, lana de borrego, lana, alpaca, seda, algodon, en lana de borrego, tela industrial, tejida de manera artesanal en telar de cintura y telar de pedal. hilo, aro, aguja, tijera",Técnicas decorativas,Bordados,A mano,Punto,"La contabilidad por hilo es una técnica de bordado contado en la que cada puntada se cuenta sobre los hilos de la trama y la urdimbre. Requiere precisión, vista y paciencia, y se considera una técnica fina que las artesanas aprenden con dedicación de las mayores de la familia.","Los motivos elaborados con contabilidad por hilo representan figuras geométricas, grecas y elementos de la flora y la fauna, plasmados con la exactitud que la técnica permite.","tela de cuadrillé, cañamazo, lino, hilo de algodón, aguja, bastidor",sí
Hilo contado,3,3,0,44.33333333,Yucatán,Bodas,1,Bodas (1); Fiestas tradicionales (1); Reuniones no formales (1); Vaquería (1); XV años (1); gremios (1); jesmek (1),Vestidos,2,Vestidos (2); Aretes (1); Blusas (1); Camisas (1); Forros para agendas (1); Guayaberas (1); Guayaveras (1); Hipiles (1); Huipiles (1); Moños para el cabello (1); Separadores de libros (1); Vestidos de XV años (1); blusas (1); bodas (1); graduación (1); hipiles (1); pañales (1); primera comunión (1); servilletas (1); ternos (1); vestidos (1),1,1,0,0,0,1,0,0,0,2,0,1,0,1,0,0,3,0,0,0,0,0,0,0,0,0,0,Hilo contado,3,"tela, hilo de algodón, caneva o malla, aguja, hilo, canevá, patrón del dibujo, caneva o canneva maya hilos tela",Tejido,Tejidos,Telares,Telar de cintura,"El hilo contado agrupa los puntos de bordado en los que cada puntada se ubica contando los hilos de la tela. Requiere telas de tejido regular y se considera una técnica fina, transmitida en familia y aplicada a blusas, servilletas y manteles.","Las figuras de hilo contado integran grecas, flores y motivos geométricos vinculados a la identidad cultural de la comunidad.","tela de cuadrillé, cañamazo, lino, hilo de algodón, aguja, bastidor",sí
Rayado,1,1,0,46,Yucatán,Cómo obsequio,1,Cómo obsequio (1); Vaquerías (1),Enmarcados,1,Enmarcados (1); Prendas regionales de gala (1),1,0,0,0,0,0,0,0,1,0,0,0,0,0,0,0,0,1,0,0,0,0,0,0,0,0,0,Rayado,1,"hilo de seda, hilo de algodón",Tejido,Tejidos,Telares,Telar de pedal,El rayado en Yucatán era utilizado por la gente de la clase trabajadora en sus trajes regionales de gala.,"El rayado es un rasgo identitario, conocimiento heredado y reflejo de imágenes cotidianas e imaginativas.","hilo de seda, hilo de algodón",sí
Purépecha,2,2,0,59,Michoacán De Ocampo,Eventos especial,1,Eventos especial (1); Fiestas patronales (1); Para bautizos (1); Para embajadas (1); Para la virgen (1); Sacerdote (1); Templo (1); bodas (1); chamarras (1); colchas (1); danza de viejitos (1); delantal (1); día de muertos (1); nacimientos (1); vida de rancho (1),Anillos,1,Anillos (1); Camisas (1); Cojines (1); Cuadros (1); Dijes (1); Ggetes (1); Portavasos (1); Reboso (1); Vestidos (1); Zapatos (1); anillos (1); blusas (1); chalinas (1); chamsrras (1); cuadros (1); dijes (1); fundas para las almohadas (1); rebososd (1); toallas (1); tortilleros (1),1,1,0,0,1,0,0,0,0,2,1,0,0,0,0,0,2,0,0,0,0,0,0,0,0,0,0,Purépecha,2,"manta, algodón, abuja, hilo, botones haro, lápiz, hilo de algodón, haro, tijera, dedal",Tejido,Tejidos,Telares,Telar de cintura,"El tejido purépecha agrupa las técnicas textiles propias del pueblo p'urhépecha en Michoacán, particularmente en comunidades como Cuanajo, Santa Fe de la Laguna y Pichátaro. Es una herencia que muchos artesanos relacionan con la enseñanza atribuida a Vasco de Quiroga, integrada con saberes prehispánicos.","Los textiles purépechas plasman elementos del paisaje michoacano: las ranas (Cuanajo, lugar de ranas), los lagos, las flores y las figuras geométricas que forman parte de la identidad p'urhépecha.","lana de borrego, algodón, hilo de algodón, hilaza, telar de cintura, telar de pedal",sí
Talakaxtokgo da makan,2,0,2,58,Veracruz De Ignacio De La Llave,Boda,1,Boda (1); Bodas (1); Ceremonia corona de espinas (1); Ceremonia religiosa (1); Festividad religiosa (1),Batas,2,Batas (2); Blusas (2); Vestidos (2); Camisas (1); Pañuelos (1); Traje regional (1),2,0,0,0,0,0,0,0,0,0,0,0,2,0,1,2,2,0,0,0,0,0,0,1,0,0,0,Talakaxtokgo da makan,2,"hilo de algodón, manta cruda, manta blanca, rayón, lino, hilo de algodón mercerizado de colore, telas popelina",Tejido,Tejidos,Telares,Telar de cintura,Talakaxtokgo da makan es una técnica de tejido propia del pueblo totonaco. Se elabora a mano y forma parte del repertorio textil de comunidades de la Sierra Norte de Puebla y la Huasteca veracruzana.,Los motivos del Talakaxtokgo da makan plasman la iconografía totonaca con figuras del entorno natural.,"algodón, hilo de algodón, telar de cintura",sí
Urdido,3,3,0,35,Yucatán,Bautizo,3,Bautizo (3); Bodas (2); Cumpleaños (2); Adornos para hoteles (1); Hotel (1); Primera comunión (1); Restaurante (1),Atrapasueños,1,"Atrapasueños (1); Banquillo con respaldo y sin respaldo con hamaca (1); Banquillo de madera con hamaca (1); Cobijas (1); Collares de hamaca (1); Collares en hamaca (1); Columpio (1); Columpio en hamaca (1); Doñas para el pelo (1); Hamaca (1); Hamacas con tejidos (1); Hamacas de brazos normales y en hamacas con brazos tipo Reb (1); Hamacas del brazos normales y tipo red (1); Hamaquitas para mascotas, (1); Manteles (1); Polceras (1); Pulceras (1); Silla mesedoras con hamaca (1); Silla mesedoras de hamaca (1); Sogas de hamaca (1); Tapete (1)",3,1,0,1,0,0,0,0,0,3,0,2,3,2,1,0,3,0,0,0,0,0,0,2,1,0,0,Urdido,3,"hilo, tela, aguja, primero necesito un barcidor una aguja llamado kaiche. y los tubos o los madeos de nuestros hijos para realizar nuestra hamaca que tiene por nombre urdido de agua, el hilo de nailon y el algodón",Tejido,Tejidos,Telares,Telar de pedal,"El urdido es la fase del proceso textil en la que se preparan los hilos longitudinales (la urdimbre) que recibirán la trama del tejido. Es un trabajo paciente y especializado, considerado fundamental para la calidad final del tejido en telar de cintura.",El urdimbre se asocia con el camino de la vida en algunas cosmovisiones textiles: los hilos paralelos representan trayectorias que la trama irá vinculando.,"algodón, hilo de algodón, lana, urdidor, malacate",sí
Macizo,13,13,0,48.15384615,"Oaxaca, Puebla, Tlaxcala, Yucatán",Bautizos,4,"Bautizos (4); Bodas (3); 15 años (2); Anteriormente se usaba en boda religiosa (1); Bautizo (1); Bodas de oro (1); Bodas, bautizos, XV años. (1); Ceremonia culturales (1); Ceremonia religiosa (1); Ceremonia tradicional (1); Cumpleaños (1); Danzas tradicionales (1); El diario (1); En bodas (1); Entierros (1); Es ropa típica de san pablo del monte (1); Escoltas (1); Eventos especiales (1); Festividades (1); Fiestas (1); Fiestas patronales (1); Fiestas tradiciones (1); Gremios (1); Jet'mek (1); Mayordomias (1); Misas (1); Para boda (1); Pasarelas (1); Presentación de 3 años (1); Rituales de las primicias (1); Todos los eventos religiosos,y ocasiones especiales  asta en el día de la muerte (1); Vaqueras del pueblos (1); Vaquerias (1); Vaquerías (1); Velas (1)",Blusas,5,"Blusas (5); Vestidos (5); Pañales (4); Ternos (4); Blusa (2); Guayaberas (2); Hipiles (2); Huipil (2); Huipiles (2); Manteles (2); Servilletas (2); Solapas (2); Accesorios,  prendedores (1); Algunos Refajos (1); Almohadas (1); Aretes (1); Bultos (1); Camisas (1); Capas para carnaval (1); Chal (1); El huipil (1); Enagua (1); Estandartes (1); Estandartes/ cuadros (1); Faldas (1); Hipil (1); Hipiles, Vestido para dama o niñas, guayaberas, pañales, manteles. (1); Huipiles ,blusas , ternos (1); Justanes (1); Manteles religiosos (1); Moños (1); Principalmente el traje de Gala completo, hupil y enagua (1); Reboso (1); Ropas d bebe (1); Sudarios (1); Sábanas y sobrecamas (1); Terno (1); Ternos  etc (1)",9,0,2,1,0,2,0,0,1,7,1,3,0,1,3,0,3,11,0,0,2,0,0,0,0,0,0,Macizo,13,"máquina industrial para bordar, tela blanca o de color, hilos iris para bordar e hilera, tela hilos para bordar marca iri, hilo de algodón, aguja, gancho bastidores de diferentes tamaño, tela diferente (terciopelo, piel de angel, lino etc), tela, hilo, hilera, aro, lápiz máquina 20u, tijeras reglas cinta métrica aguja, encajes plancha, maquina eléctrica, telas tijeras y aguja, lápiz e hilo, algodón manta lino hilos de seda, máquina industrial 20u, hilos de seda iri, aro de madera.s, cono, hilos iris por tubo, tijera hilera, aros y maquina de pedal y motor, hilo de seda, telas de lino, manta cruda y tratada, hilos de ceda",Técnicas decorativas,Bordados,A mano,Punto,"El bordado macizo cubre por completo el motivo dibujado, sin dejar tela visible al fondo. Es una técnica decorativa ampliamente practicada en blusas, servilletas y prendas tradicionales de regiones como la Sierra Norte de Puebla y la Huasteca, transmitida en familia y aprendida desde la niñez.","El macizo da realce a flores, aves y figuras del entorno, plasmando la naturaleza y las tradiciones de cada comunidad. La densidad del color simboliza la riqueza visual del paisaje y la dedicación de quien borda.","tela de manta, popelina, lino, hilo de algodón, hilaza, aguja, bastidor",sí
Pepenado en pliegue,2,2,0,42.5,Tlaxcala,Cívico,1,Cívico (1); En mayordomias (1); Fiestas patronales (1); Social (1); Traje ceremonial (1); Uso diario (1),Bestidos,1,Bestidos (1); Blusas (1); Camisa de caballero (1); Camisas de guarda para dama (1); Cojines decorativos (1); Cortinas (1); Diademas (1); Fundas para laptops (1); Gorras (1); Manteles (1); Monederos (1); Trajes de niño dios (1),1,0,1,0,0,0,0,0,0,1,0,0,0,0,1,1,2,0,0,0,0,0,0,1,0,1,0,Pepenado en pliegue,2,"manta aguja e hilo, tela, hilo de algodón y chaquira calibrada",Tejido,Tejidos,Telares,Telar de cintura,El pepenado en pliegue es una variante del pepenado que se borda recogiendo pliegues de la tela. Se practica en regiones de tradición pepenadora y se considera una técnica de alta dificultad por la precisión que exige.,"Los motivos pepenados en pliegue conservan la iconografía clásica del pepenado: flores, aves y figuras de la flora regional, con un acabado en relieve.","tela de manta, lino, cambray, hilo de algodón, aguja, bastidor",sí
Tafetán,4,2,2,34.5,"Guanajuato, Morelos, Veracruz De Ignacio De La Llave",Boda,1,"Boda (1); Bodas (1); En Sacramento religioso comunión, y confirmación. (1); Festivales (1); Fiestas patronales (1); Sacramentos religiosos como primera comunión y confirmaciónes (1)",Bufandas,2,Bufandas (2); Carteras (2); Chincuete (2); Gabanes (2); Morrales (2); Rebozos (2); Ruanas (2); Camino de mesa (1); Cobijas (1); Cotorinas (1); Ilpikatl (1); Ilpikatl (faja) (1); Jorongos (1); Keshkemit (1); Quechquemetl (mañanitas) (1); Quexquemitl (1); Servilletas (1); Tapetes (1),2,3,1,0,0,0,0,0,0,1,2,1,0,1,2,0,1,0,4,0,0,1,1,2,3,2,0,Tafetán,4,"tintes naturale, en lana de borrego, hilo de lana, sal, agua, fuego, recipiente, palo de madera, tintes o planta, ácido, estambre, algodón",Tejido,Tejidos,Telares,Telar de cintura,El tafetán es la ligadura más sencilla del tejido en telar: cada hilo de trama pasa alternadamente por encima y por debajo de cada hilo de urdimbre. Es la base de muchas telas tradicionales mexicanas y se trabaja tanto en telar de cintura como en telar de pedal.,"El tafetán es valorado como base estructural sobre la cual se construyen las decoraciones, y simboliza el descanso entre los ciclos en la cosmovisión textil de algunas comunidades.","algodón, hilo de algodón, lana, hilo de seda, telar de cintura, telar de pedal, lanzadera, peine",sí
Puntada de satín,3,0,3,30.33333333,Oaxaca,Bodas,1,"Bodas (1); Camisas (1); Entierros funebres y bodas (1); Funerales (1); Huipiles de listón (1); Mayordomias (1); Mayordomía, tititlatos,  calendario y fiesta patronal (1); Velas (1)",Camisas,2,Camisas (2); Blusas (1); Caminos de mesa (1); Enaguas (1); Fundas de almohada (1); Hilos (1); Huipiles (1); Huipiles cortos (1); Huipiles de listón (1); Pañuelos (1); Rebozos (1); Servilletas (1); Vestido (1),2,0,0,0,0,0,0,1,0,0,0,0,0,1,1,1,3,0,0,0,0,0,0,1,0,0,0,Puntada de satín,3,"hilo, manta, figurines de papel picado, carbón, lapicero o marcadore, aguja, tijera, hilos de seda rayón y algodón, hilos de algodón y seda, telas industriales y añil",Técnicas decorativas,Bordados,A mano,Punto,"La puntada de satín cubre la figura con hilos paralelos densos y brillantes, dándole un acabado sedoso. Se utiliza para flores, hojas y motivos compactos, y se transmite junto con otros puntos del bordado a mano.",Los motivos en puntada de satín representan flores y elementos de la naturaleza con un acabado luminoso característico.,"tela, hilo de algodón, hilo de seda, hilaza, aguja, bastidor",sí
Cola de ratón,1,1,0,76,Hidalgo,En las Bodas,1,En las Bodas (1); Para la adoración del cerro para pedir agua el 3 de mayo (1),Anillos,1,Anillos (1); Aretes (1); Bolsas (1); Cuadros (1); Llaveros (1); Manteles (1); Ropa (1); Tapices (1); Tenis (1),0,0,0,0,0,0,0,1,0,0,0,0,0,0,0,1,1,0,0,0,0,0,0,0,0,0,0,Cola de ratón,1,"manta, hilo vela, aro y aguja",Técnicas decorativas,Bordados,A mano,Lineal,"En Hidalgo, el bordado en cola de ratón se adoptó tras una intensa sequía que azotó la región e impidió la siembra: las personas artesanas implementaron la técnica como medio de subsistencia frente a la pérdida de los cultivos.","El bordado de cola de ratón sirve como una forma de ""escribir"", como un tipo de letra para narrar la historia de las vidas y la manera en que las personas artesanas ven el mundo y su entorno.","manta, hilo vela, aro, aguja",sí
Bordados de chamula y larrainzar,1,1,0,34,Chiapas,Huipil ceremonial,1,Huipil ceremonial (1); Traje tradicional de San Juan Chamula (1),,,,1,1,1,0,0,0,0,0,0,1,0,0,0,0,0,0,1,0,1,0,0,1,0,0,0,0,1,Bordados de chamula y larrainzar,1,hilo mish de algodón de colore,Técnicas decorativas,Bordados,A mano,Punto,"Los bordados de Chamula y Larráinzar son expresiones textiles tsotsiles de los Altos de Chiapas que ornamentan huipiles ceremoniales, blusas con motivos de maizal, vestidos con animalitos y caminos de mesa.","Los huipiles ceremoniales, las blusas con motivos de maizal, los vestidos bordados de animalitos y los caminos de mesa concentran la identidad textil de Chamula y Larráinzar.","hilo mish, hilo de algodón de colores, tela, aguja",sí
Deslizado,1,1,0,37,Yucatán,Ceremonia culturales,1,Ceremonia culturales (1); Ceremonia religiosa (1); Ceremonia tradicional (1); Pasarelas (1),Almohadas,1,Almohadas (1); Aretes (1); Blusas (1); Estandartes/ cuadros (1); Huipiles (1); Pañales (1); Servilletas (1); Sábanas y sobrecamas (1); Ternos  etc (1); Vestidos (1),1,0,0,0,0,0,0,0,0,0,0,0,0,1,0,0,0,1,0,0,0,0,0,0,0,0,0,Deslizado,1,"máquina industrial para bordar, tela blanca o de color, hilos iris para bordar e hilera",Técnicas decorativas,Bordados,A mano,Lineal,El deslizado es una puntada antigua que en Yucatán se trabajaba a mano y hoy se elabora también a máquina industrial.,Las puntadas del deslizado son antiguas y forman parte del repertorio textil yucateco.,"tela blanca o de color, hilo iris, hilera, máquina industrial",sí
Otomí,1,1,0,42,Hidalgo,,,,Blusas,1,Blusas (1); Caminos de mesa (1); Camisas (1); Chamarras (1); Cojines (1); Faldas (1); Portavasos (1); Sacos (1); Sudaderas (1); Vestidos (1),1,0,1,0,0,0,0,0,0,1,1,0,0,0,0,0,1,0,0,0,0,0,0,0,0,0,0,Otomí,1,"manta, hilo vela( algodón), aguja, bastidor, actualmente se ulizan diferentes tipos de tela",Tejido,Tejidos,Telares,Telar de cintura,"El bordado otomí en Hidalgo surge a partir de las necesidades económicas de la región durante una gran sequía. La señora Josefina Tavera comenzó a plasmar sobre manta la flora y fauna de la región, dando origen a una de las técnicas más reconocidas del bordado mexicano contemporáneo.","El bordado otomí representa la flora y fauna de la región, así como las costumbres y tradiciones del pueblo.","manta, hilo vela, hilo de algodón, aguja, bastidor",sí
Puntada de red,1,1,0,37,Yucatán,Ceremonia culturales,1,Ceremonia culturales (1); Ceremonia religiosa (1); Ceremonia tradicional (1); Pasarelas (1),Almohadas,1,Almohadas (1); Aretes (1); Blusas (1); Estandartes/ cuadros (1); Huipiles (1); Pañales (1); Servilletas (1); Sábanas y sobrecamas (1); Ternos  etc (1); Vestidos (1),1,0,0,0,0,0,0,0,0,0,0,0,0,1,0,0,0,1,0,0,0,0,0,0,0,0,0,Puntada de red,1,"máquina industrial para bordar, tela blanca o de color, hilos iris para bordar e hilera",Técnicas decorativas,Bordados,A mano,Punto,La puntada de red es una puntada antigua de Yucatán que se ha trabajado tradicionalmente a mano y hoy también puede elaborarse en máquina.,Las puntadas de red son antiguas y forman parte del repertorio textil yucateco.,"tela blanca o de color, hilo iris, hilera, máquina industrial",sí
Semilla,1,1,0,48,Oaxaca,Clausura y graduación escuela,1,Clausura y graduación escuela (1); Ferias Guelaguetza (1),Blusa tradicional de valle,1,Blusa tradicional de valle (1); Camino de mesa (1); Camisa (1); Carpeta mesa (1); Cortina (1); Funda almohada (1); Hupil corto y largo (1); Mantel (1),1,0,1,0,0,0,0,0,0,1,0,0,1,0,0,1,0,0,0,0,1,0,0,1,0,0,0,Semilla,1,"manta, hilo",Técnicas decorativas,Bordados,A mano,Punto,El bordado de semilla en Oaxaca tiene origen en una comunidad donde se elaboraban prendas con la técnica de deshilados para los dueños de la hacienda.,"El bordado de semilla cuenta la historia de San José en la hacienda, así como el origen y la cultura de la comunidad.","manta, hilo",sí
Bordado con dos agujas,2,2,0,35.5,México,En fiestas del pueblo,1,En fiestas del pueblo (1); En misa (1); Mayordomia (1); Salidas de paseo (1),Aretes,1,Aretes (1); Blusas (1); Bolsitas (1); Caminos de mesa (1); Camisas (1); Portavasos (1); Pulceras (1); Quesquemelt (1); Separadores (1); Servilletas (1),2,0,0,0,0,0,0,0,0,1,0,0,0,0,0,1,2,0,0,0,0,0,0,2,1,1,0,Bordado con dos agujas,2,"ahuja lana hilos ect, como materia prima tela de algodón y lana así como hilos de algodón y lana teñida",Técnicas decorativas,Bordados,A mano,Punto,El bordado con dos agujas combina dos hebras o dos puntos en simultáneo para acelerar el trabajo y crear efectos de color. Se transmite en familia y se aplica a blusas y servilletas tradicionales.,Los motivos elaborados con dos agujas reproducen figuras florales y de la naturaleza propias del bordado regional.,"tela, hilo de algodón, hilaza, aguja, bastidor",sí
Bordado ch'ol tzeltal,3,3,0,30.33333333,Chiapas,Para uso diario,1,Para uso diario (1); Tradicional (1); Traje tradicional (1),Blusas,1,Blusas (1); Bolsas y monederos  diademas (1); Bordado (1); Cintura (1); Enrollar hilo (1); Tiras bordado (1); Todo el tiempo se utiliza las prendas (1); Tradicional (1); Urdidor (1); Wipiles (1); huayaberas (1),2,0,0,1,0,0,0,0,0,2,0,1,0,0,0,0,3,0,1,0,0,0,0,0,0,0,0,Bordado ch'ol tzeltal,,,Técnicas decorativas,Bordados,A mano,Punto,"El bordado ch'ol tzeltal es una expresión textil de los pueblos ch'ol y tzeltal de Chiapas, transmitida en familia y elaborada para huipiles, blusas y prendas tradicionales.","Los motivos del bordado ch'ol tzeltal plasman la cosmovisión maya, con figuras de la naturaleza, grecas y símbolos comunitarios.","tela, hilo de algodón, hilaza, aguja, bastidor",sí
Croché,3,2,1,30,"Oaxaca, Puebla",Boda y entierros funebres,1,"Boda y entierros funebres (1); Bodas (1); Bodas, mayordomía, tititlatos , entierros funebres calendas y fiestas patronales (1); Calendas, fiestas patronales (1); Eventos culturales (1); Fiestas patronales (1); Misas (1); Vida cotidiana (del diario). (1)",Blusa,1,Blusa (1); Bufandas (1); Camisas (1); Capas (1); Cintas (1); Faja de cintura (1); Faldas (1); Gorros (1); Morrales (1); Nahuas (1); Quiskemetl (1); Refajo (1); Valerinas (1); Vestido (1),1,2,0,0,0,1,0,0,0,1,0,0,1,0,2,0,3,0,1,1,0,0,0,2,2,2,0,Croché,3,"agua, planta, hilo mercerizado, lana",Tejido,Tapicería,,,"El croché o ganchillo se trabaja con un gancho que entrelaza el hilo en lazadas formando puntos sucesivos. Llegó a México como técnica de origen europeo y fue adoptada e integrada al repertorio textil de muchas comunidades, donde se aplica a blusas, manteles, encajes y prendas finas.","Las labores de croché ornamentan prendas con motivos florales y geométricos, y simbolizan paciencia, dedicación y la herencia femenina del oficio.","hilo de algodón, hilo crochet, hilaza, hilo de seda, ganchillo",sí
Tejido de fibra natural,3,2,1,60.66666667,"Hidalgo, Michoacán De Ocampo, Veracruz De Ignacio De La Llave",Bodas,1,"Bodas (1); Danzas (ixtle) (1); Eventos (1); Eventos como ceremonias, danzas (ixtle) va bots (1); Sombrero (1); Tapetes (1)",Bolsas,2,"Bolsas (2); Accesorios (aretes, collares) (1); Blusas (1); Carteras (1); Cinturones (1); Escobetillas (1); Manteles (1); Manualidades (1); Monederos (1); Pintura, la mora, el palo azul, el palo volador, el moguite (1); Portavasos (1); Sombreros (1); Tapetes (1); Tejido de telar de cintura (1); Teñido del materia la natural (1); Tortilleros (1); estropajos para baños (1)",1,2,2,0,1,0,0,0,0,2,2,1,2,2,3,1,1,1,1,1,0,2,0,2,2,1,0,Tejido de fibra natural,3,"fibra de maguey, telar de cintura, gancho y aguja, palma, maquina",Tejido,Tejidos,Telares,Telar de cintura,"El tejido con fibras naturales agrupa las prácticas de elaboración de prendas y objetos a partir de fibras vegetales como ixtle, palma, henequén o crin. Son técnicas profundamente vinculadas al territorio y a los recursos disponibles localmente, transmitidas de generación en generación.","Las piezas de fibra natural simbolizan el vínculo del pueblo con la tierra y los ecosistemas, y representan la sabiduría ancestral del uso sostenible de los recursos.","ixtle, palma, henequén, fibra de maguey, lana, hilo de algodón",sí
Discontinuo,1,1,0,27,Oaxaca,Boda,1,Boda (1); Fiestas patronales (1),Camisa,1,Camisa (1); Huipiles (1); Lienzo (1),1,0,0,0,0,0,0,0,0,0,0,0,0,1,0,0,0,0,1,0,0,0,0,1,0,0,0,Discontinuo,1,"pericon, palo de campeche",Tejido,Tejidos,Telares,Telar de cintura,"El brocado discontinuo es el tejido tradicional para huipiles en Oaxaca, en el que la trama suplementaria se interrumpe a lo largo del tejido para formar las figuras.","Los motivos discontinuos representan animales marinos, grecas que evocan la piel de serpiente y figuras lineales que componen la iconografía del huipil.","algodón, hilo de algodón, telar de cintura, pericón, palo de Campeche",sí
Punto confite,1,1,0,35,Puebla,Dia de muertos para adornar el altar,1,Dia de muertos para adornar el altar (1); Dia de siembra para llevar las tortillas. (Hoy dia muy poco) (1),Los huipiles conocidos como tapun,1,Los huipiles conocidos como tapun (1); Los rebozos llamados pam'lin (1); Servilletas llamadas pum'lin (1); Y el tapun pequeño que va en la cabeza para cubrirse del sol (1),1,1,0,0,0,1,0,0,0,0,0,0,0,1,0,0,0,0,1,0,0,0,0,1,0,0,0,Punto confite,1,"el telar, hilos de algodón, un hueso de guajolote espinas de naranjo o limón, hilo de algodón",Técnicas decorativas,Bordados,A mano,Punto,"Antiguamente se realizaban con punto confite los lienzos llamados pum'lin para las bodas totonacas de Atlequizayán, Puebla. Cuando se pedía a una joven y se fijaba la fecha de la boda con tres o cuatro años de anticipación, los prometidos sembraban algodón o lo compraban para llevárselo a la novia, quien hilaba y tejía varias servilletas. Un día antes de la boda, esos lienzos se llevaban a la casa del novio para servir el pan y mostrar que la novia sabía hilar y tejer; ella debía además entregar a su prometido la prenda que él utilizaría el día de la ceremonia. Hoy esa tradición ya no se practica.",El punto confite representa la expresión artesanal totonaca de Atlequizayán.,"telar, hilo de algodón, hueso de guajolote, espinas de naranjo o limón",sí
Telar colonial,1,0,1,39,Tlaxcala,Baile del Xochipitzahual,1,Baile del Xochipitzahual (1),Blusa de rebozo,1,Blusa de rebozo (1); Corbatas de rebozo (1); Gabanes (1); Rebozo (1); Rebozo de capa (1); Rebozo estilo saltillo (1); Tapetes (1); Zaquitos de rebozo (1),1,1,0,0,1,0,0,0,0,0,0,0,1,0,0,0,0,0,0,0,0,1,1,1,0,0,0,Telar colonial,1,lana y algodón técnica de tejido plano en telar de madera,Tejido,Tejidos,Telares,Telar de pedal,El telar colonial se vincula en Tlaxcala a la ceremonia del Xochipitzahual.,"Los motivos del telar colonial incluyen las carrilleras del coronel Pioquinto, el cocol antiguo el ojo de Dios, el trigo de la iglesia y los tres niños mártires de Tlaxcala.","lana, algodón, telar de madera",sí
Tlajkitilistli,1,1,0,29,Veracruz De Ignacio De La Llave,Prenda tradicional para la mujer,1,Prenda tradicional para la mujer (1); Rituales (1),Rebozos,1,Rebozos (1); Servilletas (1),1,0,1,1,0,0,0,0,0,0,0,0,0,0,0,1,0,0,1,0,0,0,0,1,0,0,0,Tlajkitilistli,1,hilo de algodón,Tejido,Tejidos,Telares,Telar de cintura,"El Tlajkitilistli en Veracruz plasma la iconografía antigua de la Huasteca, con flores y animales propios de la región.",El Tlajkitilistli plasma la iconografía tradicional de la Huasteca veracruzana.,hilo de algodón,sí
Trencilla mazahua,1,1,0,45,México,Bodas,1,Bodas (1); Ceremonias culturales (1); Danzas tradicionales (1); Escolares (1); Eventos sociales (1),Abrigos,1,Abrigos (1); Caminos de mesa (1); Caperucitas (1); Chalecos (1); Colchas (1); Cortinas (1); Gabanes (1); Morrales (1); Quetzquemetl (1); Rebosos (1),1,0,0,0,0,0,0,0,0,1,0,0,1,0,0,0,1,0,0,0,0,0,0,1,0,0,0,Trencilla mazahua,,,Tejido,Anudados,,,La trencilla mazahua es una variante del trenzado practicada por el pueblo mazahua del Estado de México.,,"hilo de algodón, lana",sí
